mandi_code,week_ending,commodity,arrival_tonnes,modal_price_inr_qtl
MANDI_01,2021-01-04,Wheat,2338.1,2381.23
MANDI_01,2021-01-11,Wheat,3408.9,2356.7
MANDI_01,2021-01-18,Wheat,2697.7,2357.69
MANDI_01,2021-01-25,Wheat,1858.8,2408.48
MANDI_01,2021-02-01,Wheat,1153.6,2329.07
MANDI_01,2021-02-08,Wheat,1499.5,2370.98
MANDI_01,2021-02-15,Wheat,1368.4,2332.58
MANDI_01,2021-02-22,Wheat,2182.0,2308.78
MANDI_01,2021-03-01,Wheat,2048.0,2326.04
MANDI_01,2021-03-08,Wheat,2676.6,2317.24
MANDI_01,2021-03-15,Wheat,4100.7,2338.11
MANDI_01,2021-03-22,Wheat,1708.0,2372.18
MANDI_01,2021-03-29,Wheat,974.4,2362.57
MANDI_01,2021-04-05,Wheat,14301.8,2042.89
MANDI_01,2021-04-12,Wheat,18905.7,1979.72
MANDI_01,2021-04-19,Wheat,22818.2,1960.94
MANDI_01,2021-04-26,Wheat,14146.0,2096.0
MANDI_01,2021-05-03,Wheat,16616.4,2093.92
MANDI_01,2021-05-10,Wheat,14691.7,2093.8
MANDI_01,2021-05-17,Wheat,20131.4,2084.53
MANDI_01,2021-05-24,Wheat,20659.1,2097.5
MANDI_01,2021-05-31,Wheat,1753.0,2294.41
MANDI_01,2021-06-07,Wheat,1649.3,2266.2
MANDI_01,2021-06-14,Wheat,2534.5,2296.08
MANDI_01,2021-06-21,Wheat,4171.4,2296.67
MANDI_01,2021-06-28,Wheat,2288.7,2425.0
MANDI_01,2021-07-05,Wheat,1626.3,2258.45
MANDI_01,2021-07-12,Wheat,945.4,2376.6
MANDI_01,2021-07-19,Wheat,4087.5,2326.66
MANDI_01,2021-07-26,Wheat,2459.6,2318.88
MANDI_01,2021-08-02,Wheat,2001.8,2398.18
MANDI_01,2021-08-09,Wheat,1603.9,2400.37
MANDI_01,2021-08-16,Wheat,922.6,2380.35
MANDI_01,2021-08-23,Wheat,1261.4,2217.27
MANDI_01,2021-08-30,Wheat,3211.5,2354.49
MANDI_01,2021-09-06,Wheat,2858.8,2263.67
MANDI_01,2021-09-13,Wheat,3025.9,2362.61
MANDI_01,2021-09-20,Wheat,1387.0,2240.13
MANDI_01,2021-09-27,Wheat,1727.3,2346.07
MANDI_01,2021-10-04,Wheat,1314.9,2219.1
MANDI_01,2021-10-11,Wheat,1841.4,2418.78
MANDI_01,2021-10-18,Wheat,3124.0,2310.96
MANDI_01,2021-10-25,Wheat,3078.4,2282.08
MANDI_01,2021-11-01,Wheat,2153.7,2308.13
MANDI_01,2021-11-08,Wheat,2297.4,2340.5
MANDI_01,2021-11-15,Wheat,1343.1,2271.24
MANDI_01,2021-11-22,Wheat,2713.4,2374.76
MANDI_01,2021-11-29,Wheat,4051.2,2304.96
MANDI_01,2021-12-06,Wheat,2206.6,2312.83
MANDI_01,2021-12-13,Wheat,3375.0,2345.92
MANDI_01,2021-12-20,Wheat,2473.6,2317.32
MANDI_01,2021-12-27,Wheat,3266.4,2464.59
MANDI_01,2022-01-03,Wheat,1992.0,2359.97
MANDI_01,2022-01-10,Wheat,1192.1,2360.18
MANDI_01,2022-01-17,Wheat,4167.9,2386.04
MANDI_01,2022-01-24,Wheat,1471.3,2323.42
MANDI_01,2022-01-31,Wheat,1626.6,2330.24
MANDI_01,2022-02-07,Wheat,2587.3,2385.02
MANDI_01,2022-02-14,Wheat,2705.6,2356.49
MANDI_01,2022-02-21,Wheat,2777.3,2337.93
MANDI_01,2022-02-28,Wheat,3350.2,2279.88
MANDI_01,2022-03-07,Wheat,1188.1,2314.19
MANDI_01,2022-03-14,Wheat,1778.0,2319.91
MANDI_01,2022-03-21,Wheat,3094.7,2405.98
MANDI_01,2022-03-28,Wheat,3434.1,2236.54
MANDI_01,2022-04-04,Wheat,9070.8,1957.06
MANDI_01,2022-04-11,Wheat,9059.1,2093.82
MANDI_01,2022-04-18,Wheat,18452.4,2111.19
MANDI_01,2022-04-25,Wheat,18926.5,2002.67
MANDI_01,2022-05-02,Wheat,12584.5,2069.34
MANDI_01,2022-05-09,Wheat,18173.3,2090.18
MANDI_01,2022-05-16,Wheat,21192.0,2016.43
MANDI_01,2022-05-23,Wheat,22739.2,1937.37
MANDI_01,2022-05-30,Wheat,12334.0,1954.45
MANDI_01,2022-06-06,Wheat,1600.3,2347.21
MANDI_01,2022-06-13,Wheat,3481.3,2261.78
MANDI_01,2022-06-20,Wheat,3993.0,2212.72
MANDI_01,2022-06-27,Wheat,866.8,2393.39
MANDI_01,2022-07-04,Wheat,3182.5,2371.3
MANDI_01,2022-07-11,Wheat,863.4,2365.74
MANDI_01,2022-07-18,Wheat,3689.3,2274.79
MANDI_01,2022-07-25,Wheat,3231.6,2294.48
MANDI_01,2022-08-01,Wheat,1384.8,2355.76
MANDI_01,2022-08-08,Wheat,965.3,2318.99
MANDI_01,2022-08-15,Wheat,1950.6,2398.06
MANDI_01,2022-08-22,Wheat,4015.3,2390.39
MANDI_01,2022-08-29,Wheat,1963.9,2387.33
MANDI_01,2022-09-05,Wheat,3677.0,2374.47
MANDI_01,2022-09-12,Wheat,3188.1,2358.85
MANDI_01,2022-09-19,Wheat,3781.2,2325.92
MANDI_01,2022-09-26,Wheat,2401.5,2326.12
MANDI_01,2022-10-03,Wheat,3614.2,2246.67
MANDI_01,2022-10-10,Wheat,3992.7,2371.39
MANDI_01,2022-10-17,Wheat,2916.2,2346.72
MANDI_01,2022-10-24,Wheat,3086.7,2235.79
MANDI_01,2022-10-31,Wheat,2773.4,2329.5
MANDI_01,2022-11-07,Wheat,2504.5,2302.16
MANDI_01,2022-11-14,Wheat,1086.7,2354.93
MANDI_01,2022-11-21,Wheat,2811.2,2303.25
MANDI_01,2022-11-28,Wheat,2597.3,2360.6
MANDI_01,2022-12-05,Wheat,4072.8,2378.07
MANDI_01,2022-12-12,Wheat,2656.1,2289.08
MANDI_01,2022-12-19,Wheat,1236.5,2214.88
MANDI_01,2022-12-26,Wheat,4147.1,2319.72
MANDI_01,2023-01-02,Wheat,2749.7,2296.77
MANDI_01,2023-01-09,Wheat,1456.6,2300.53
MANDI_01,2023-01-16,Wheat,1341.7,2223.74
MANDI_01,2023-01-23,Wheat,2129.9,2349.9
MANDI_01,2023-01-30,Wheat,2900.2,2418.49
MANDI_01,2023-02-06,Wheat,2333.3,2333.53
MANDI_01,2023-02-13,Wheat,1323.5,2417.46
MANDI_01,2023-02-20,Wheat,3961.7,2430.43
MANDI_01,2023-02-27,Wheat,2935.4,2287.43
MANDI_01,2023-03-06,Wheat,3434.6,2348.24
MANDI_01,2023-03-13,Wheat,3731.7,2375.95
MANDI_01,2023-03-20,Wheat,3722.4,2364.01
MANDI_01,2023-03-27,Wheat,1239.8,2385.57
MANDI_01,2023-04-03,Wheat,16657.1,1915.02
MANDI_01,2023-04-10,Wheat,21140.1,2015.21
MANDI_01,2023-04-17,Wheat,10808.4,2050.96
MANDI_01,2023-04-24,Wheat,21942.2,2077.08
MANDI_01,2023-05-01,Wheat,18774.3,2015.06
MANDI_01,2023-05-08,Wheat,16292.2,1997.5
MANDI_01,2023-05-15,Wheat,17505.7,2015.2
MANDI_01,2023-05-22,Wheat,13513.4,2068.71
MANDI_01,2023-05-29,Wheat,8783.5,2050.53
MANDI_01,2023-06-05,Wheat,3564.1,2344.89
MANDI_01,2023-06-12,Wheat,4099.0,2390.41
MANDI_01,2023-06-19,Wheat,2446.9,2325.84
MANDI_01,2023-06-26,Wheat,4078.6,2312.83
MANDI_01,2023-07-03,Wheat,2244.4,2334.75
MANDI_01,2023-07-10,Wheat,2901.5,2369.68
MANDI_01,2023-07-17,Wheat,902.6,2442.25
MANDI_01,2023-07-24,Wheat,1090.6,2340.99
MANDI_01,2023-07-31,Wheat,1476.5,2411.63
MANDI_01,2023-08-07,Wheat,1821.4,2396.32
MANDI_01,2023-08-14,Wheat,1020.9,2415.46
MANDI_01,2023-08-21,Wheat,1187.1,2205.18
MANDI_01,2023-08-28,Wheat,985.7,2265.49
MANDI_01,2023-09-04,Wheat,2293.3,2382.69
MANDI_01,2023-09-11,Wheat,2024.8,2381.66
MANDI_01,2023-09-18,Wheat,2196.9,2376.4
MANDI_01,2023-09-25,Wheat,1340.1,2304.21
MANDI_01,2023-10-02,Wheat,1181.4,2375.63
MANDI_01,2023-10-09,Wheat,3508.9,2424.52
MANDI_01,2023-10-16,Wheat,2832.3,2301.58
MANDI_01,2023-10-23,Wheat,2385.1,2418.35
MANDI_01,2023-10-30,Wheat,2549.0,2277.82
MANDI_01,2023-11-06,Wheat,3811.1,2304.86
MANDI_01,2023-11-13,Wheat,3358.0,2320.39
MANDI_01,2023-11-20,Wheat,3356.8,2417.9
MANDI_01,2023-11-27,Wheat,1154.6,2319.57
MANDI_01,2023-12-04,Wheat,1015.9,2401.39
MANDI_01,2023-12-11,Wheat,2226.4,2340.43
MANDI_01,2023-12-18,Wheat,2747.5,2406.68
MANDI_01,2023-12-25,Wheat,876.0,2352.68
MANDI_02,2021-01-04,Wheat,1733.1,2270.95
MANDI_02,2021-01-11,Wheat,3810.7,2403.07
MANDI_02,2021-01-18,Wheat,1492.5,2377.77
MANDI_02,2021-01-25,Wheat,2372.6,2324.27
MANDI_02,2021-02-01,Wheat,1232.8,2351.3
MANDI_02,2021-02-08,Wheat,4086.8,2423.39
MANDI_02,2021-02-15,Wheat,3340.9,2365.29
MANDI_02,2021-02-22,Wheat,3297.7,2346.62
MANDI_02,2021-03-01,Wheat,2342.9,2378.04
MANDI_02,2021-03-08,Wheat,2848.3,2334.07
MANDI_02,2021-03-15,Wheat,3533.0,2289.64
MANDI_02,2021-03-22,Wheat,2654.3,2426.79
MANDI_02,2021-03-29,Wheat,956.4,2473.89
MANDI_02,2021-04-05,Wheat,17491.5,2100.96
MANDI_02,2021-04-12,Wheat,15604.5,1994.11
MANDI_02,2021-04-19,Wheat,16069.2,2036.42
MANDI_02,2021-04-26,Wheat,21660.2,2100.98
MANDI_02,2021-05-03,Wheat,9447.4,2022.96
MANDI_02,2021-05-10,Wheat,22400.1,2018.63
MANDI_02,2021-05-17,Wheat,23484.8,1960.46
MANDI_02,2021-05-24,Wheat,15146.2,1987.5
MANDI_02,2021-05-31,Wheat,1764.4,2360.73
MANDI_02,2021-06-07,Wheat,884.7,2361.27
MANDI_02,2021-06-14,Wheat,1941.5,2365.2
MANDI_02,2021-06-21,Wheat,857.9,2281.65
MANDI_02,2021-06-28,Wheat,2443.1,2268.04
MANDI_02,2021-07-05,Wheat,3333.8,2413.76
MANDI_02,2021-07-12,Wheat,2112.1,2402.41
MANDI_02,2021-07-19,Wheat,4180.2,2377.02
MANDI_02,2021-07-26,Wheat,1529.4,2328.96
MANDI_02,2021-08-02,Wheat,1619.3,2385.34
MANDI_02,2021-08-09,Wheat,3546.6,2404.87
MANDI_02,2021-08-16,Wheat,3285.6,2357.35
MANDI_02,2021-08-23,Wheat,3575.1,2331.54
MANDI_02,2021-08-30,Wheat,2619.2,2256.54
MANDI_02,2021-09-06,Wheat,2322.5,2456.81
MANDI_02,2021-09-13,Wheat,2835.2,2366.48
MANDI_02,2021-09-20,Wheat,2613.3,2371.51
MANDI_02,2021-09-27,Wheat,2095.9,2317.02
MANDI_02,2021-10-04,Wheat,1822.5,2358.86
MANDI_02,2021-10-11,Wheat,1128.7,2445.28
MANDI_02,2021-10-18,Wheat,3721.5,2270.22
MANDI_02,2021-10-25,Wheat,3918.2,2317.9
MANDI_02,2021-11-01,Wheat,2072.2,2331.79
MANDI_02,2021-11-08,Wheat,1146.4,2365.47
MANDI_02,2021-11-15,Wheat,959.2,2308.83
MANDI_02,2021-11-22,Wheat,2485.1,2345.71
MANDI_02,2021-11-29,Wheat,1603.9,2229.78
MANDI_02,2021-12-06,Wheat,2350.3,2274.07
MANDI_02,2021-12-13,Wheat,1139.2,2319.66
MANDI_02,2021-12-20,Wheat,3117.4,2284.7
MANDI_02,2021-12-27,Wheat,1585.1,2427.66
MANDI_02,2022-01-03,Wheat,1873.6,2374.41
MANDI_02,2022-01-10,Wheat,1230.5,2328.74
MANDI_02,2022-01-17,Wheat,3715.5,2366.51
MANDI_02,2022-01-24,Wheat,3710.7,2313.74
MANDI_02,2022-01-31,Wheat,3463.1,2280.93
MANDI_02,2022-02-07,Wheat,3799.8,2362.13
MANDI_02,2022-02-14,Wheat,1199.6,2352.31
MANDI_02,2022-02-21,Wheat,812.0,2400.19
MANDI_02,2022-02-28,Wheat,2852.4,2416.19
MANDI_02,2022-03-07,Wheat,3812.3,2367.44
MANDI_02,2022-03-14,Wheat,3467.0,2351.43
MANDI_02,2022-03-21,Wheat,2937.9,2360.85
MANDI_02,2022-03-28,Wheat,2617.8,2374.84
MANDI_02,2022-04-04,Wheat,20887.8,2043.73
MANDI_02,2022-04-11,Wheat,10860.0,2075.26
MANDI_02,2022-04-18,Wheat,23468.4,2070.89
MANDI_02,2022-04-25,Wheat,21498.7,1977.86
MANDI_02,2022-05-02,Wheat,19856.2,2005.36
MANDI_02,2022-05-09,Wheat,18239.7,2014.2
MANDI_02,2022-05-16,Wheat,10686.2,1993.21
MANDI_02,2022-05-23,Wheat,23947.6,2016.3
MANDI_02,2022-05-30,Wheat,21083.4,2135.57
MANDI_02,2022-06-06,Wheat,3188.6,2281.56
MANDI_02,2022-06-13,Wheat,1984.0,2289.03
MANDI_02,2022-06-20,Wheat,2281.9,2398.78
MANDI_02,2022-06-27,Wheat,3973.6,2310.12
MANDI_02,2022-07-04,Wheat,3203.5,2351.03
MANDI_02,2022-07-11,Wheat,1354.0,2371.91
MANDI_02,2022-07-18,Wheat,3814.4,2272.9
MANDI_02,2022-07-25,Wheat,3226.4,2414.45
MANDI_02,2022-08-01,Wheat,1488.1,2307.1
MANDI_02,2022-08-08,Wheat,1231.1,2419.03
MANDI_02,2022-08-15,Wheat,2580.0,2304.07
MANDI_02,2022-08-22,Wheat,3845.0,2366.46
MANDI_02,2022-08-29,Wheat,1871.5,2412.08
MANDI_02,2022-09-05,Wheat,937.5,2358.84
MANDI_02,2022-09-12,Wheat,2016.5,2288.57
MANDI_02,2022-09-19,Wheat,2600.9,2424.06
MANDI_02,2022-09-26,Wheat,1908.8,2364.63
MANDI_02,2022-10-03,Wheat,1191.9,2258.34
MANDI_02,2022-10-10,Wheat,2136.2,2404.34
MANDI_02,2022-10-17,Wheat,4155.4,2334.96
MANDI_02,2022-10-24,Wheat,3183.3,2328.12
MANDI_02,2022-10-31,Wheat,2824.4,2366.73
MANDI_02,2022-11-07,Wheat,830.2,2325.91
MANDI_02,2022-11-14,Wheat,1532.4,2330.19
MANDI_02,2022-11-21,Wheat,2490.1,2353.11
MANDI_02,2022-11-28,Wheat,2838.9,2257.2
MANDI_02,2022-12-05,Wheat,1407.4,2412.86
MANDI_02,2022-12-12,Wheat,2391.3,2354.19
MANDI_02,2022-12-19,Wheat,3482.7,2414.09
MANDI_02,2022-12-26,Wheat,3601.6,2282.73
MANDI_02,2023-01-02,Wheat,3942.4,2352.36
MANDI_02,2023-01-09,Wheat,3073.4,2368.23
MANDI_02,2023-01-16,Wheat,1865.5,2262.96
MANDI_02,2023-01-23,Wheat,2535.0,2360.6
MANDI_02,2023-01-30,Wheat,2228.0,2381.3
MANDI_02,2023-02-06,Wheat,3810.8,2391.52
MANDI_02,2023-02-13,Wheat,4048.4,2293.9
MANDI_02,2023-02-20,Wheat,2577.4,2330.17
MANDI_02,2023-02-27,Wheat,3807.9,2393.52
MANDI_02,2023-03-06,Wheat,2343.6,2296.52
MANDI_02,2023-03-13,Wheat,3630.7,2343.74
MANDI_02,2023-03-20,Wheat,3794.7,2368.85
MANDI_02,2023-03-27,Wheat,2357.2,2282.43
MANDI_02,2023-04-03,Wheat,11405.9,2075.22
MANDI_02,2023-04-10,Wheat,14647.4,2065.16
MANDI_02,2023-04-17,Wheat,10580.5,2055.48
MANDI_02,2023-04-24,Wheat,12434.3,2114.56
MANDI_02,2023-05-01,Wheat,19908.2,2127.06
MANDI_02,2023-05-08,Wheat,9073.1,2091.0
MANDI_02,2023-05-15,Wheat,10021.7,2060.35
MANDI_02,2023-05-22,Wheat,20067.7,2076.59
MANDI_02,2023-05-29,Wheat,9643.3,1934.85
MANDI_02,2023-06-05,Wheat,2554.1,2451.11
MANDI_02,2023-06-12,Wheat,2758.8,2358.29
MANDI_02,2023-06-19,Wheat,2088.5,2359.04
MANDI_02,2023-06-26,Wheat,2344.0,2350.91
MANDI_02,2023-07-03,Wheat,1590.3,2402.97
MANDI_02,2023-07-10,Wheat,916.9,2304.38
MANDI_02,2023-07-17,Wheat,2592.1,2373.84
MANDI_02,2023-07-24,Wheat,3090.2,2487.41
MANDI_02,2023-07-31,Wheat,1820.2,2411.94
MANDI_02,2023-08-07,Wheat,3376.3,2198.93
MANDI_02,2023-08-14,Wheat,1186.2,2300.58
MANDI_02,2023-08-21,Wheat,2619.6,2359.88
MANDI_02,2023-08-28,Wheat,3295.9,2270.88
MANDI_02,2023-09-04,Wheat,3998.6,2259.12
MANDI_02,2023-09-11,Wheat,2640.4,2287.02
MANDI_02,2023-09-18,Wheat,3322.3,2363.47
MANDI_02,2023-09-25,Wheat,3304.3,2306.72
MANDI_02,2023-10-02,Wheat,3153.3,2419.59
MANDI_02,2023-10-09,Wheat,3324.9,2400.71
MANDI_02,2023-10-16,Wheat,2885.0,2419.36
MANDI_02,2023-10-23,Wheat,3983.7,2315.91
MANDI_02,2023-10-30,Wheat,3484.2,2434.19
MANDI_02,2023-11-06,Wheat,2794.2,2315.42
MANDI_02,2023-11-13,Wheat,3600.3,2429.43
MANDI_02,2023-11-20,Wheat,968.8,2311.38
MANDI_02,2023-11-27,Wheat,1037.3,2297.87
MANDI_02,2023-12-04,Wheat,2767.5,2344.12
MANDI_02,2023-12-11,Wheat,3296.2,2317.12
MANDI_02,2023-12-18,Wheat,1377.3,2354.27
MANDI_02,2023-12-25,Wheat,1871.5,2303.5
MANDI_03,2021-01-04,Wheat,2227.4,2520.3
MANDI_03,2021-01-11,Wheat,2569.7,2497.24
MANDI_03,2021-01-18,Wheat,3164.2,2420.12
MANDI_03,2021-01-25,Wheat,3176.3,2601.52
MANDI_03,2021-02-01,Wheat,962.2,2491.79
MANDI_03,2021-02-08,Wheat,2506.8,2459.75
MANDI_03,2021-02-15,Wheat,1597.1,2506.72
MANDI_03,2021-02-22,Wheat,3641.6,2530.09
MANDI_03,2021-03-01,Wheat,2923.4,2575.31
MANDI_03,2021-03-08,Wheat,3404.1,2484.68
MANDI_03,2021-03-15,Wheat,3595.7,2543.51
MANDI_03,2021-03-22,Wheat,3711.6,2533.94
MANDI_03,2021-03-29,Wheat,2252.2,2505.08
MANDI_03,2021-04-05,Wheat,12059.4,2168.29
MANDI_03,2021-04-12,Wheat,22087.4,2126.7
MANDI_03,2021-04-19,Wheat,10608.2,2147.13
MANDI_03,2021-04-26,Wheat,21014.9,2216.76
MANDI_03,2021-05-03,Wheat,23678.4,2259.32
MANDI_03,2021-05-10,Wheat,21037.1,2155.21
MANDI_03,2021-05-17,Wheat,11288.4,2198.42
MANDI_03,2021-05-24,Wheat,8823.8,2240.25
MANDI_03,2021-05-31,Wheat,3320.2,2486.05
MANDI_03,2021-06-07,Wheat,1753.8,2504.87
MANDI_03,2021-06-14,Wheat,1117.5,2460.57
MANDI_03,2021-06-21,Wheat,2385.5,2486.92
MANDI_03,2021-06-28,Wheat,867.2,2543.0
MANDI_03,2021-07-05,Wheat,3346.4,2603.38
MANDI_03,2021-07-12,Wheat,4079.7,2536.04
MANDI_03,2021-07-19,Wheat,2532.4,2427.56
MANDI_03,2021-07-26,Wheat,1841.4,2523.98
MANDI_03,2021-08-02,Wheat,1578.9,2461.15
MANDI_03,2021-08-09,Wheat,3825.8,2404.32
MANDI_03,2021-08-16,Wheat,1358.5,2486.0
MANDI_03,2021-08-23,Wheat,3923.0,2501.04
MANDI_03,2021-08-30,Wheat,1651.8,2484.91
MANDI_03,2021-09-06,Wheat,3736.4,2502.89
MANDI_03,2021-09-13,Wheat,3672.3,2528.99
MANDI_03,2021-09-20,Wheat,2848.2,2486.99
MANDI_03,2021-09-27,Wheat,1673.9,2496.82
MANDI_03,2021-10-04,Wheat,4009.9,2552.81
MANDI_03,2021-10-11,Wheat,1032.6,2565.97
MANDI_03,2021-10-18,Wheat,1764.3,2476.61
MANDI_03,2021-10-25,Wheat,1640.4,2485.79
MANDI_03,2021-11-01,Wheat,2918.7,2448.85
MANDI_03,2021-11-08,Wheat,991.7,2486.8
MANDI_03,2021-11-15,Wheat,1012.5,2472.7
MANDI_03,2021-11-22,Wheat,1457.1,2608.43
MANDI_03,2021-11-29,Wheat,2973.8,2550.26
MANDI_03,2021-12-06,Wheat,1813.0,2536.78
MANDI_03,2021-12-13,Wheat,1315.2,2515.71
MANDI_03,2021-12-20,Wheat,4060.1,2613.58
MANDI_03,2021-12-27,Wheat,3056.0,2420.28
MANDI_03,2022-01-03,Wheat,2117.1,2434.0
MANDI_03,2022-01-10,Wheat,1370.9,2454.21
MANDI_03,2022-01-17,Wheat,3787.5,2505.1
MANDI_03,2022-01-24,Wheat,2655.4,2595.08
MANDI_03,2022-01-31,Wheat,1599.4,2566.43
MANDI_03,2022-02-07,Wheat,2019.5,2427.48
MANDI_03,2022-02-14,Wheat,2329.9,2539.8
MANDI_03,2022-02-21,Wheat,2469.5,2545.44
MANDI_03,2022-02-28,Wheat,3648.9,2465.32
MANDI_03,2022-03-07,Wheat,1048.9,2587.81
MANDI_03,2022-03-14,Wheat,1599.3,2613.61
MANDI_03,2022-03-21,Wheat,3305.9,2587.46
MANDI_03,2022-03-28,Wheat,916.9,2565.86
MANDI_03,2022-04-04,Wheat,23840.3,2142.01
MANDI_03,2022-04-11,Wheat,19032.0,2115.64
MANDI_03,2022-04-18,Wheat,20707.3,2271.55
MANDI_03,2022-04-25,Wheat,18505.5,2142.72
MANDI_03,2022-05-02,Wheat,22251.0,2253.14
MANDI_03,2022-05-09,Wheat,22922.0,2083.01
MANDI_03,2022-05-16,Wheat,15760.9,2200.43
MANDI_03,2022-05-23,Wheat,10026.0,2293.04
MANDI_03,2022-05-30,Wheat,9238.0,2220.93
MANDI_03,2022-06-06,Wheat,2261.0,2422.39
MANDI_03,2022-06-13,Wheat,2090.7,2456.89
MANDI_03,2022-06-20,Wheat,4126.3,2535.32
MANDI_03,2022-06-27,Wheat,3531.7,2409.6
MANDI_03,2022-07-04,Wheat,3317.6,2496.8
MANDI_03,2022-07-11,Wheat,1774.7,2562.89
MANDI_03,2022-07-18,Wheat,2322.1,2427.78
MANDI_03,2022-07-25,Wheat,3820.5,2454.62
MANDI_03,2022-08-01,Wheat,1979.1,2472.79
MANDI_03,2022-08-08,Wheat,2442.9,2519.29
MANDI_03,2022-08-15,Wheat,3193.2,2498.04
MANDI_03,2022-08-22,Wheat,1464.2,2579.08
MANDI_03,2022-08-29,Wheat,3388.0,2512.21
MANDI_03,2022-09-05,Wheat,2857.3,2480.65
MANDI_03,2022-09-12,Wheat,3579.3,2495.47
MANDI_03,2022-09-19,Wheat,1979.2,2468.39
MANDI_03,2022-09-26,Wheat,3389.1,2528.21
MANDI_03,2022-10-03,Wheat,1206.9,2410.34
MANDI_03,2022-10-10,Wheat,1336.2,2591.66
MANDI_03,2022-10-17,Wheat,2066.9,2514.17
MANDI_03,2022-10-24,Wheat,3684.8,2581.44
MANDI_03,2022-10-31,Wheat,3452.7,2489.21
MANDI_03,2022-11-07,Wheat,2298.9,2526.82
MANDI_03,2022-11-14,Wheat,1056.6,2529.96
MANDI_03,2022-11-21,Wheat,2653.5,2540.61
MANDI_03,2022-11-28,Wheat,2596.0,2442.8
MANDI_03,2022-12-05,Wheat,3933.0,2606.21
MANDI_03,2022-12-12,Wheat,1481.2,2526.2
MANDI_03,2022-12-19,Wheat,3696.5,2507.0
MANDI_03,2022-12-26,Wheat,1685.6,2461.93
MANDI_03,2023-01-02,Wheat,4041.3,2519.43
MANDI_03,2023-01-09,Wheat,3284.1,2431.14
MANDI_03,2023-01-16,Wheat,3865.7,2492.09
MANDI_03,2023-01-23,Wheat,2948.9,2510.57
MANDI_03,2023-01-30,Wheat,2452.5,2568.42
MANDI_03,2023-02-06,Wheat,3965.2,2484.69
MANDI_03,2023-02-13,Wheat,2640.5,2528.27
MANDI_03,2023-02-20,Wheat,2936.3,2454.73
MANDI_03,2023-02-27,Wheat,931.7,2472.45
MANDI_03,2023-03-06,Wheat,3472.8,2571.04
MANDI_03,2023-03-13,Wheat,2830.6,2442.52
MANDI_03,2023-03-20,Wheat,1022.1,2501.66
MANDI_03,2023-03-27,Wheat,1087.7,2464.37
MANDI_03,2023-04-03,Wheat,12681.4,2143.77
MANDI_03,2023-04-10,Wheat,13561.0,2148.19
MANDI_03,2023-04-17,Wheat,14136.9,2148.43
MANDI_03,2023-04-24,Wheat,9250.5,2219.02
MANDI_03,2023-05-01,Wheat,15085.3,2203.99
MANDI_03,2023-05-08,Wheat,11521.3,2264.17
MANDI_03,2023-05-15,Wheat,16766.1,2221.85
MANDI_03,2023-05-22,Wheat,19282.1,2191.8
MANDI_03,2023-05-29,Wheat,10022.3,2224.9
MANDI_03,2023-06-05,Wheat,1960.7,2556.08
MANDI_03,2023-06-12,Wheat,3133.5,2565.42
MANDI_03,2023-06-19,Wheat,4051.3,2579.84
MANDI_03,2023-06-26,Wheat,2806.6,2542.71
MANDI_03,2023-07-03,Wheat,1955.2,2522.75
MANDI_03,2023-07-10,Wheat,2325.3,2482.03
MANDI_03,2023-07-17,Wheat,2499.7,2597.43
MANDI_03,2023-07-24,Wheat,1348.3,2457.24
MANDI_03,2023-07-31,Wheat,1097.9,2458.17
MANDI_03,2023-08-07,Wheat,1889.2,2542.04
MANDI_03,2023-08-14,Wheat,3975.1,2485.4
MANDI_03,2023-08-21,Wheat,1754.2,2511.87
MANDI_03,2023-08-28,Wheat,3957.3,2603.17
MANDI_03,2023-09-04,Wheat,3713.9,2444.37
MANDI_03,2023-09-11,Wheat,2032.7,2504.01
MANDI_03,2023-09-18,Wheat,1946.8,2515.61
MANDI_03,2023-09-25,Wheat,1801.0,2543.07
MANDI_03,2023-10-02,Wheat,2633.0,2512.21
MANDI_03,2023-10-09,Wheat,1196.5,2601.39
MANDI_03,2023-10-16,Wheat,3571.4,2628.76
MANDI_03,2023-10-23,Wheat,3211.6,2612.61
MANDI_03,2023-10-30,Wheat,954.4,2561.79
MANDI_03,2023-11-06,Wheat,1255.0,2557.83
MANDI_03,2023-11-13,Wheat,1221.6,2449.28
MANDI_03,2023-11-20,Wheat,1647.5,2468.56
MANDI_03,2023-11-27,Wheat,803.4,2568.32
MANDI_03,2023-12-04,Wheat,1535.6,2508.15
MANDI_03,2023-12-11,Wheat,2102.8,2486.79
MANDI_03,2023-12-18,Wheat,1692.0,2485.11
MANDI_03,2023-12-25,Wheat,3411.5,2517.12
MANDI_04,2021-01-04,Wheat,2529.5,2250.23
MANDI_04,2021-01-11,Wheat,3461.7,2368.81
MANDI_04,2021-01-18,Wheat,2706.1,2340.53
MANDI_04,2021-01-25,Wheat,3054.8,2412.05
MANDI_04,2021-02-01,Wheat,2432.9,2346.68
MANDI_04,2021-02-08,Wheat,1412.5,2308.41
MANDI_04,2021-02-15,Wheat,1020.8,2283.37
MANDI_04,2021-02-22,Wheat,1774.9,2386.61
MANDI_04,2021-03-01,Wheat,2407.8,2355.35
MANDI_04,2021-03-08,Wheat,1810.7,2259.89
MANDI_04,2021-03-15,Wheat,3034.9,2310.44
MANDI_04,2021-03-22,Wheat,2446.6,2266.85
MANDI_04,2021-03-29,Wheat,3837.7,2408.18
MANDI_04,2021-04-05,Wheat,14307.4,2015.9
MANDI_04,2021-04-12,Wheat,21786.6,2044.8
MANDI_04,2021-04-19,Wheat,15083.1,2041.83
MANDI_04,2021-04-26,Wheat,13541.0,2006.41
MANDI_04,2021-05-03,Wheat,11129.7,2064.32
MANDI_04,2021-05-10,Wheat,21212.9,1954.14
MANDI_04,2021-05-17,Wheat,17431.6,1984.64
MANDI_04,2021-05-24,Wheat,10754.5,2089.25
MANDI_04,2021-05-31,Wheat,3795.6,2345.46
MANDI_04,2021-06-07,Wheat,2068.8,2365.19
MANDI_04,2021-06-14,Wheat,1893.8,2308.83
MANDI_04,2021-06-21,Wheat,1223.3,2280.56
MANDI_04,2021-06-28,Wheat,3013.1,2285.68
MANDI_04,2021-07-05,Wheat,1828.5,2371.06
MANDI_04,2021-07-12,Wheat,1362.3,2375.95
MANDI_04,2021-07-19,Wheat,4133.7,2315.68
MANDI_04,2021-07-26,Wheat,3042.2,2282.66
MANDI_04,2021-08-02,Wheat,1170.1,2420.33
MANDI_04,2021-08-09,Wheat,3763.5,2296.79
MANDI_04,2021-08-16,Wheat,1470.7,2325.18
MANDI_04,2021-08-23,Wheat,1731.9,2392.07
MANDI_04,2021-08-30,Wheat,4196.1,2312.68
MANDI_04,2021-09-06,Wheat,3925.0,2239.08
MANDI_04,2021-09-13,Wheat,2306.9,2420.46
MANDI_04,2021-09-20,Wheat,1981.6,2338.41
MANDI_04,2021-09-27,Wheat,2676.6,2253.91
MANDI_04,2021-10-04,Wheat,1704.2,2312.23
MANDI_04,2021-10-11,Wheat,3595.6,2381.01
MANDI_04,2021-10-18,Wheat,1842.6,2366.8
MANDI_04,2021-10-25,Wheat,3903.2,2365.44
MANDI_04,2021-11-01,Wheat,2210.0,2358.21
MANDI_04,2021-11-08,Wheat,1396.7,2243.25
MANDI_04,2021-11-15,Wheat,2494.8,2297.65
MANDI_04,2021-11-22,Wheat,3082.9,2379.92
MANDI_04,2021-11-29,Wheat,3289.0,2249.12
MANDI_04,2021-12-06,Wheat,3740.3,2355.72
MANDI_04,2021-12-13,Wheat,3651.3,2294.82
MANDI_04,2021-12-20,Wheat,1078.4,2411.35
MANDI_04,2021-12-27,Wheat,3781.2,2246.23
MANDI_04,2022-01-03,Wheat,2849.3,2324.69
MANDI_04,2022-01-10,Wheat,2724.2,2299.5
MANDI_04,2022-01-17,Wheat,2999.2,2273.36
MANDI_04,2022-01-24,Wheat,1617.6,2195.71
MANDI_04,2022-01-31,Wheat,1874.2,2347.16
MANDI_04,2022-02-07,Wheat,2513.7,2377.48
MANDI_04,2022-02-14,Wheat,1397.2,2350.86
MANDI_04,2022-02-21,Wheat,1155.7,2320.58
MANDI_04,2022-02-28,Wheat,4176.3,2260.72
MANDI_04,2022-03-07,Wheat,2039.9,2254.45
MANDI_04,2022-03-14,Wheat,2746.8,2343.79
MANDI_04,2022-03-21,Wheat,916.1,2249.44
MANDI_04,2022-03-28,Wheat,3774.3,2337.2
MANDI_04,2022-04-04,Wheat,14717.5,1976.16
MANDI_04,2022-04-11,Wheat,13176.8,1971.93
MANDI_04,2022-04-18,Wheat,22697.6,1989.3
MANDI_04,2022-04-25,Wheat,10632.6,2091.19
MANDI_04,2022-05-02,Wheat,14520.0,2086.07
MANDI_04,2022-05-09,Wheat,15041.7,2057.07
MANDI_04,2022-05-16,Wheat,14611.1,1993.51
MANDI_04,2022-05-23,Wheat,18553.9,2024.18
MANDI_04,2022-05-30,Wheat,19921.0,2139.19
MANDI_04,2022-06-06,Wheat,3760.3,2287.89
MANDI_04,2022-06-13,Wheat,4046.5,2360.06
MANDI_04,2022-06-20,Wheat,896.3,2364.13
MANDI_04,2022-06-27,Wheat,2499.5,2260.42
MANDI_04,2022-07-04,Wheat,1047.6,2251.91
MANDI_04,2022-07-11,Wheat,2992.3,2302.99
MANDI_04,2022-07-18,Wheat,3737.5,2273.65
MANDI_04,2022-07-25,Wheat,2331.8,2176.71
MANDI_04,2022-08-01,Wheat,2840.4,2309.2
MANDI_04,2022-08-08,Wheat,2995.1,2227.15
MANDI_04,2022-08-15,Wheat,2328.9,2297.11
MANDI_04,2022-08-22,Wheat,3954.9,2285.88
MANDI_04,2022-08-29,Wheat,3851.0,2278.82
MANDI_04,2022-09-05,Wheat,2207.5,2393.74
MANDI_04,2022-09-12,Wheat,1684.5,2281.59
MANDI_04,2022-09-19,Wheat,2221.9,2336.6
MANDI_04,2022-09-26,Wheat,2368.3,2320.67
MANDI_04,2022-10-03,Wheat,1323.7,2313.51
MANDI_04,2022-10-10,Wheat,3084.0,2333.25
MANDI_04,2022-10-17,Wheat,2916.0,2369.32
MANDI_04,2022-10-24,Wheat,3816.8,2286.21
MANDI_04,2022-10-31,Wheat,2452.5,2341.1
MANDI_04,2022-11-07,Wheat,3702.9,2281.69
MANDI_04,2022-11-14,Wheat,3657.5,2319.98
MANDI_04,2022-11-21,Wheat,1355.9,2355.22
MANDI_04,2022-11-28,Wheat,1853.5,2374.01
MANDI_04,2022-12-05,Wheat,3323.6,2366.21
MANDI_04,2022-12-12,Wheat,3701.0,2276.59
MANDI_04,2022-12-19,Wheat,1450.2,2328.67
MANDI_04,2022-12-26,Wheat,2049.4,2270.93
MANDI_04,2023-01-02,Wheat,2387.4,2282.85
MANDI_04,2023-01-09,Wheat,4026.9,2347.54
MANDI_04,2023-01-16,Wheat,1560.3,2253.85
MANDI_04,2023-01-23,Wheat,1902.7,2316.09
MANDI_04,2023-01-30,Wheat,3328.7,2436.14
MANDI_04,2023-02-06,Wheat,954.9,2278.8
MANDI_04,2023-02-13,Wheat,3843.9,2242.21
MANDI_04,2023-02-20,Wheat,4076.7,2223.41
MANDI_04,2023-02-27,Wheat,2130.4,2256.93
MANDI_04,2023-03-06,Wheat,2707.9,2330.04
MANDI_04,2023-03-13,Wheat,1973.5,2426.22
MANDI_04,2023-03-20,Wheat,1065.2,2313.93
MANDI_04,2023-03-27,Wheat,1209.2,2262.54
MANDI_04,2023-04-03,Wheat,10390.3,1965.17
MANDI_04,2023-04-10,Wheat,10931.5,1930.86
MANDI_04,2023-04-17,Wheat,17920.9,1938.8
MANDI_04,2023-04-24,Wheat,9025.0,2060.12
MANDI_04,2023-05-01,Wheat,18544.8,1994.3
MANDI_04,2023-05-08,Wheat,11147.2,1996.02
MANDI_04,2023-05-15,Wheat,13938.0,1972.56
MANDI_04,2023-05-22,Wheat,12727.8,1932.18
MANDI_04,2023-05-29,Wheat,12547.8,1988.05
MANDI_04,2023-06-05,Wheat,2471.5,2275.8
MANDI_04,2023-06-12,Wheat,3181.0,2273.11
MANDI_04,2023-06-19,Wheat,1912.3,2401.94
MANDI_04,2023-06-26,Wheat,2649.5,2222.56
MANDI_04,2023-07-03,Wheat,1430.0,2294.4
MANDI_04,2023-07-10,Wheat,2938.2,2367.15
MANDI_04,2023-07-17,Wheat,1924.3,2377.64
MANDI_04,2023-07-24,Wheat,3357.1,2317.46
MANDI_04,2023-07-31,Wheat,2263.8,2398.66
MANDI_04,2023-08-07,Wheat,1815.0,2290.83
MANDI_04,2023-08-14,Wheat,1974.7,2297.32
MANDI_04,2023-08-21,Wheat,1405.3,2215.78
MANDI_04,2023-08-28,Wheat,4064.6,2263.05
MANDI_04,2023-09-04,Wheat,1346.9,2232.2
MANDI_04,2023-09-11,Wheat,3989.1,2338.04
MANDI_04,2023-09-18,Wheat,2165.8,2322.85
MANDI_04,2023-09-25,Wheat,913.6,2323.7
MANDI_04,2023-10-02,Wheat,2245.9,2358.42
MANDI_04,2023-10-09,Wheat,2077.5,2353.27
MANDI_04,2023-10-16,Wheat,2025.1,2283.36
MANDI_04,2023-10-23,Wheat,3452.3,2305.64
MANDI_04,2023-10-30,Wheat,1446.5,2375.38
MANDI_04,2023-11-06,Wheat,4099.1,2413.58
MANDI_04,2023-11-13,Wheat,3849.8,2237.42
MANDI_04,2023-11-20,Wheat,3628.5,2308.41
MANDI_04,2023-11-27,Wheat,3355.0,2339.64
MANDI_04,2023-12-04,Wheat,3556.0,2203.4
MANDI_04,2023-12-11,Wheat,3620.5,2384.3
MANDI_04,2023-12-18,Wheat,1619.2,2344.03
MANDI_04,2023-12-25,Wheat,1617.3,2219.34
MANDI_05,2021-01-04,Wheat,2549.3,2471.05
MANDI_05,2021-01-11,Wheat,3831.5,2361.15
MANDI_05,2021-01-18,Wheat,3236.8,2447.89
MANDI_05,2021-01-25,Wheat,918.3,2463.19
MANDI_05,2021-02-01,Wheat,1969.9,2323.4
MANDI_05,2021-02-08,Wheat,1130.1,2336.69
MANDI_05,2021-02-15,Wheat,2894.2,2403.34
MANDI_05,2021-02-22,Wheat,3718.2,2414.0
MANDI_05,2021-03-01,Wheat,2669.4,2401.65
MANDI_05,2021-03-08,Wheat,3708.5,2443.11
MANDI_05,2021-03-15,Wheat,1295.9,2349.4
MANDI_05,2021-03-22,Wheat,1659.4,2421.46
MANDI_05,2021-03-29,Wheat,3545.3,2368.84
MANDI_05,2021-04-05,Wheat,11740.6,2193.1
MANDI_05,2021-04-12,Wheat,11833.5,2072.78
MANDI_05,2021-04-19,Wheat,19919.5,2042.88
MANDI_05,2021-04-26,Wheat,18853.7,2052.99
MANDI_05,2021-05-03,Wheat,18532.9,2046.82
MANDI_05,2021-05-10,Wheat,14744.5,2142.56
MANDI_05,2021-05-17,Wheat,17154.9,2046.28
MANDI_05,2021-05-24,Wheat,23807.9,2044.53
MANDI_05,2021-05-31,Wheat,3605.4,2389.54
MANDI_05,2021-06-07,Wheat,1976.8,2390.58
MANDI_05,2021-06-14,Wheat,1325.7,2401.08
MANDI_05,2021-06-21,Wheat,4021.2,2361.47
MANDI_05,2021-06-28,Wheat,969.0,2420.45
MANDI_05,2021-07-05,Wheat,2149.3,2551.07
MANDI_05,2021-07-12,Wheat,3990.7,2414.76
MANDI_05,2021-07-19,Wheat,1823.5,2387.18
MANDI_05,2021-07-26,Wheat,998.0,2495.9
MANDI_05,2021-08-02,Wheat,2424.6,2502.42
MANDI_05,2021-08-09,Wheat,2534.5,2288.67
MANDI_05,2021-08-16,Wheat,2572.4,2457.46
MANDI_05,2021-08-23,Wheat,2489.1,2332.6
MANDI_05,2021-08-30,Wheat,3986.1,2432.59
MANDI_05,2021-09-06,Wheat,845.5,2262.99
MANDI_05,2021-09-13,Wheat,1737.8,2396.08
MANDI_05,2021-09-20,Wheat,2403.6,2289.15
MANDI_05,2021-09-27,Wheat,3825.3,2442.93
MANDI_05,2021-10-04,Wheat,3184.2,2428.74
MANDI_05,2021-10-11,Wheat,2808.8,2416.65
MANDI_05,2021-10-18,Wheat,1383.9,2409.97
MANDI_05,2021-10-25,Wheat,3641.2,2456.8
MANDI_05,2021-11-01,Wheat,936.6,2458.5
MANDI_05,2021-11-08,Wheat,2988.9,2402.68
MANDI_05,2021-11-15,Wheat,1208.3,2440.14
MANDI_05,2021-11-22,Wheat,1016.7,2438.31
MANDI_05,2021-11-29,Wheat,3803.9,2374.32
MANDI_05,2021-12-06,Wheat,3512.2,2492.76
MANDI_05,2021-12-13,Wheat,1783.1,2330.78
MANDI_05,2021-12-20,Wheat,2535.6,2471.5
MANDI_05,2021-12-27,Wheat,1092.6,2492.37
MANDI_05,2022-01-03,Wheat,2475.5,2436.88
MANDI_05,2022-01-10,Wheat,1687.2,2365.94
MANDI_05,2022-01-17,Wheat,3696.2,2488.46
MANDI_05,2022-01-24,Wheat,2219.8,2458.16
MANDI_05,2022-01-31,Wheat,3753.2,2428.42
MANDI_05,2022-02-07,Wheat,3400.4,2368.1
MANDI_05,2022-02-14,Wheat,3049.7,2469.29
MANDI_05,2022-02-21,Wheat,1800.8,2426.05
MANDI_05,2022-02-28,Wheat,2879.6,2472.43
MANDI_05,2022-03-07,Wheat,3279.0,2390.34
MANDI_05,2022-03-14,Wheat,1302.6,2358.31
MANDI_05,2022-03-21,Wheat,3156.4,2343.34
MANDI_05,2022-03-28,Wheat,2806.1,2394.43
MANDI_05,2022-04-04,Wheat,13630.7,2050.37
MANDI_05,2022-04-11,Wheat,13321.3,2115.51
MANDI_05,2022-04-18,Wheat,19627.5,1993.36
MANDI_05,2022-04-25,Wheat,9429.8,2173.63
MANDI_05,2022-05-02,Wheat,12013.1,2110.83
MANDI_05,2022-05-09,Wheat,22838.9,2106.42
MANDI_05,2022-05-16,Wheat,22087.6,2132.08
MANDI_05,2022-05-23,Wheat,9001.6,2153.23
MANDI_05,2022-05-30,Wheat,12014.9,2148.98
MANDI_05,2022-06-06,Wheat,3821.3,2546.83
MANDI_05,2022-06-13,Wheat,3149.3,2424.96
MANDI_05,2022-06-20,Wheat,3061.3,2423.51
MANDI_05,2022-06-27,Wheat,1809.4,2399.71
MANDI_05,2022-07-04,Wheat,1529.0,2369.28
MANDI_05,2022-07-11,Wheat,1705.6,2478.3
MANDI_05,2022-07-18,Wheat,2030.3,2369.95
MANDI_05,2022-07-25,Wheat,2196.3,2409.17
MANDI_05,2022-08-01,Wheat,3606.7,2278.76
MANDI_05,2022-08-08,Wheat,1938.1,2398.49
MANDI_05,2022-08-15,Wheat,2166.0,2413.24
MANDI_05,2022-08-22,Wheat,2476.6,2397.19
MANDI_05,2022-08-29,Wheat,3898.1,2489.65
MANDI_05,2022-09-05,Wheat,3060.0,2478.54
MANDI_05,2022-09-12,Wheat,2527.0,2494.69
MANDI_05,2022-09-19,Wheat,3580.3,2405.75
MANDI_05,2022-09-26,Wheat,2600.0,2318.03
MANDI_05,2022-10-03,Wheat,2607.6,2359.11
MANDI_05,2022-10-10,Wheat,3478.0,2519.96
MANDI_05,2022-10-17,Wheat,1183.4,2366.66
MANDI_05,2022-10-24,Wheat,2727.5,2524.67
MANDI_05,2022-10-31,Wheat,1071.7,2433.74
MANDI_05,2022-11-07,Wheat,1922.4,2358.76
MANDI_05,2022-11-14,Wheat,1873.6,2435.74
MANDI_05,2022-11-21,Wheat,1794.9,2533.38
MANDI_05,2022-11-28,Wheat,2616.3,2387.23
MANDI_05,2022-12-05,Wheat,2659.6,2458.75
MANDI_05,2022-12-12,Wheat,2103.3,2437.79
MANDI_05,2022-12-19,Wheat,2494.5,2382.14
MANDI_05,2022-12-26,Wheat,1467.1,2379.63
MANDI_05,2023-01-02,Wheat,2071.7,2459.63
MANDI_05,2023-01-09,Wheat,3995.3,2344.36
MANDI_05,2023-01-16,Wheat,2358.4,2405.57
MANDI_05,2023-01-23,Wheat,1358.3,2333.23
MANDI_05,2023-01-30,Wheat,1802.2,2352.23
MANDI_05,2023-02-06,Wheat,1810.8,2446.89
MANDI_05,2023-02-13,Wheat,1948.7,2497.06
MANDI_05,2023-02-20,Wheat,1618.1,2361.07
MANDI_05,2023-02-27,Wheat,1994.7,2500.64
MANDI_05,2023-03-06,Wheat,3437.5,2487.98
MANDI_05,2023-03-13,Wheat,3009.2,2437.03
MANDI_05,2023-03-20,Wheat,1862.2,2434.69
MANDI_05,2023-03-27,Wheat,3064.4,2351.97
MANDI_05,2023-04-03,Wheat,19332.4,2032.13
MANDI_05,2023-04-10,Wheat,15418.1,2092.51
MANDI_05,2023-04-17,Wheat,22247.9,2099.45
MANDI_05,2023-04-24,Wheat,16385.5,2066.24
MANDI_05,2023-05-01,Wheat,15171.2,2081.29
MANDI_05,2023-05-08,Wheat,23319.7,2046.38
MANDI_05,2023-05-15,Wheat,21131.0,2151.83
MANDI_05,2023-05-22,Wheat,23580.2,2031.29
MANDI_05,2023-05-29,Wheat,18460.3,2199.79
MANDI_05,2023-06-05,Wheat,3888.0,2451.43
MANDI_05,2023-06-12,Wheat,1482.3,2409.7
MANDI_05,2023-06-19,Wheat,3562.3,2354.93
MANDI_05,2023-06-26,Wheat,1399.8,2465.0
MANDI_05,2023-07-03,Wheat,2669.3,2402.88
MANDI_05,2023-07-10,Wheat,3921.3,2426.07
MANDI_05,2023-07-17,Wheat,3752.4,2458.52
MANDI_05,2023-07-24,Wheat,1421.1,2414.11
MANDI_05,2023-07-31,Wheat,4169.0,2363.52
MANDI_05,2023-08-07,Wheat,3934.6,2331.29
MANDI_05,2023-08-14,Wheat,3902.3,2362.7
MANDI_05,2023-08-21,Wheat,3088.5,2460.71
MANDI_05,2023-08-28,Wheat,910.3,2430.0
MANDI_05,2023-09-04,Wheat,1896.6,2509.15
MANDI_05,2023-09-11,Wheat,2303.3,2505.97
MANDI_05,2023-09-18,Wheat,857.2,2382.09
MANDI_05,2023-09-25,Wheat,2614.9,2473.31
MANDI_05,2023-10-02,Wheat,1366.0,2360.47
MANDI_05,2023-10-09,Wheat,3602.0,2344.95
MANDI_05,2023-10-16,Wheat,3852.5,2353.78
MANDI_05,2023-10-23,Wheat,2534.1,2354.33
MANDI_05,2023-10-30,Wheat,3505.3,2263.19
MANDI_05,2023-11-06,Wheat,1487.6,2401.59
MANDI_05,2023-11-13,Wheat,2112.7,2392.32
MANDI_05,2023-11-20,Wheat,841.3,2452.84
MANDI_05,2023-11-27,Wheat,1722.4,2501.02
MANDI_05,2023-12-04,Wheat,1102.8,2529.46
MANDI_05,2023-12-11,Wheat,1290.3,2408.26
MANDI_05,2023-12-18,Wheat,3800.4,2534.65
MANDI_05,2023-12-25,Wheat,1260.3,2434.92
MANDI_06,2021-01-04,Wheat,1971.3,2465.58
MANDI_06,2021-01-11,Wheat,3019.2,2394.52
MANDI_06,2021-01-18,Wheat,2605.8,2375.97
MANDI_06,2021-01-25,Wheat,3030.5,2406.32
MANDI_06,2021-02-01,Wheat,2418.6,2400.82
MANDI_06,2021-02-08,Wheat,3512.9,2340.99
MANDI_06,2021-02-15,Wheat,2140.0,2400.69
MANDI_06,2021-02-22,Wheat,2695.4,2465.42
MANDI_06,2021-03-01,Wheat,2591.5,2471.5
MANDI_06,2021-03-08,Wheat,1065.0,2401.02
MANDI_06,2021-03-15,Wheat,3444.6,2464.59
MANDI_06,2021-03-22,Wheat,1607.6,2409.05
MANDI_06,2021-03-29,Wheat,1651.7,2425.93
MANDI_06,2021-04-05,Wheat,16960.2,2084.76
MANDI_06,2021-04-12,Wheat,10998.4,2048.41
MANDI_06,2021-04-19,Wheat,10587.7,2029.31
MANDI_06,2021-04-26,Wheat,22752.3,2053.18
MANDI_06,2021-05-03,Wheat,18038.1,2191.89
MANDI_06,2021-05-10,Wheat,18143.1,2127.86
MANDI_06,2021-05-17,Wheat,9540.7,2149.79
MANDI_06,2021-05-24,Wheat,18389.5,2124.53
MANDI_06,2021-05-31,Wheat,2639.5,2403.43
MANDI_06,2021-06-07,Wheat,3845.4,2484.98
MANDI_06,2021-06-14,Wheat,2810.8,2427.08
MANDI_06,2021-06-21,Wheat,3097.7,2474.12
MANDI_06,2021-06-28,Wheat,2938.1,2492.54
MANDI_06,2021-07-05,Wheat,2263.0,2392.89
MANDI_06,2021-07-12,Wheat,2143.4,2592.03
MANDI_06,2021-07-19,Wheat,2477.5,2416.21
MANDI_06,2021-07-26,Wheat,2535.4,2544.75
MANDI_06,2021-08-02,Wheat,3003.9,2497.36
MANDI_06,2021-08-09,Wheat,1419.7,2377.82
MANDI_06,2021-08-16,Wheat,4048.2,2484.95
MANDI_06,2021-08-23,Wheat,2400.9,2476.05
MANDI_06,2021-08-30,Wheat,2636.1,2311.68
MANDI_06,2021-09-06,Wheat,3743.5,2363.05
MANDI_06,2021-09-13,Wheat,1467.7,2392.85
MANDI_06,2021-09-20,Wheat,3009.9,2376.8
MANDI_06,2021-09-27,Wheat,2295.1,2378.4
MANDI_06,2021-10-04,Wheat,3477.2,2398.43
MANDI_06,2021-10-11,Wheat,1585.3,2347.06
MANDI_06,2021-10-18,Wheat,1110.9,2438.79
MANDI_06,2021-10-25,Wheat,1476.9,2388.05
MANDI_06,2021-11-01,Wheat,1580.2,2498.34
MANDI_06,2021-11-08,Wheat,1424.9,2359.73
MANDI_06,2021-11-15,Wheat,1328.2,2447.56
MANDI_06,2021-11-22,Wheat,3868.7,2535.31
MANDI_06,2021-11-29,Wheat,2154.1,2386.14
MANDI_06,2021-12-06,Wheat,3452.0,2426.31
MANDI_06,2021-12-13,Wheat,2047.4,2355.25
MANDI_06,2021-12-20,Wheat,1048.5,2431.07
MANDI_06,2021-12-27,Wheat,2936.5,2414.9
MANDI_06,2022-01-03,Wheat,3808.1,2362.77
MANDI_06,2022-01-10,Wheat,1091.3,2472.18
MANDI_06,2022-01-17,Wheat,2462.9,2344.32
MANDI_06,2022-01-24,Wheat,1036.8,2419.71
MANDI_06,2022-01-31,Wheat,3144.8,2458.23
MANDI_06,2022-02-07,Wheat,1517.2,2529.62
MANDI_06,2022-02-14,Wheat,1561.0,2428.43
MANDI_06,2022-02-21,Wheat,3885.7,2390.62
MANDI_06,2022-02-28,Wheat,2141.6,2486.9
MANDI_06,2022-03-07,Wheat,3860.5,2486.59
MANDI_06,2022-03-14,Wheat,3764.3,2479.29
MANDI_06,2022-03-21,Wheat,3798.1,2331.67
MANDI_06,2022-03-28,Wheat,3316.2,2471.0
MANDI_06,2022-04-04,Wheat,9580.3,2196.28
MANDI_06,2022-04-11,Wheat,10202.0,2075.18
MANDI_06,2022-04-18,Wheat,21532.9,2086.53
MANDI_06,2022-04-25,Wheat,21388.7,1962.15
MANDI_06,2022-05-02,Wheat,14542.9,2084.54
MANDI_06,2022-05-09,Wheat,21824.8,2135.72
MANDI_06,2022-05-16,Wheat,15466.6,2155.94
MANDI_06,2022-05-23,Wheat,17608.0,2118.22
MANDI_06,2022-05-30,Wheat,8986.7,2068.06
MANDI_06,2022-06-06,Wheat,1288.7,2318.9
MANDI_06,2022-06-13,Wheat,2279.9,2420.98
MANDI_06,2022-06-20,Wheat,3764.1,2448.79
MANDI_06,2022-06-27,Wheat,2271.1,2402.48
MANDI_06,2022-07-04,Wheat,3715.0,2387.59
MANDI_06,2022-07-11,Wheat,4048.1,2416.64
MANDI_06,2022-07-18,Wheat,3340.4,2312.28
MANDI_06,2022-07-25,Wheat,1675.0,2406.37
MANDI_06,2022-08-01,Wheat,1822.6,2443.56
MANDI_06,2022-08-08,Wheat,1023.8,2445.23
MANDI_06,2022-08-15,Wheat,3803.1,2370.42
MANDI_06,2022-08-22,Wheat,4157.4,2449.89
MANDI_06,2022-08-29,Wheat,1571.0,2484.52
MANDI_06,2022-09-05,Wheat,2811.2,2527.9
MANDI_06,2022-09-12,Wheat,1326.7,2423.63
MANDI_06,2022-09-19,Wheat,2150.3,2441.85
MANDI_06,2022-09-26,Wheat,2716.9,2447.94
MANDI_06,2022-10-03,Wheat,3101.2,2472.17
MANDI_06,2022-10-10,Wheat,1036.5,2428.16
MANDI_06,2022-10-17,Wheat,2227.8,2342.11
MANDI_06,2022-10-24,Wheat,2682.8,2397.54
MANDI_06,2022-10-31,Wheat,2722.0,2459.5
MANDI_06,2022-11-07,Wheat,4047.1,2415.27
MANDI_06,2022-11-14,Wheat,3423.6,2495.4
MANDI_06,2022-11-21,Wheat,3041.7,2362.45
MANDI_06,2022-11-28,Wheat,3260.9,2471.69
MANDI_06,2022-12-05,Wheat,1062.0,2375.39
MANDI_06,2022-12-12,Wheat,1964.5,2461.12
MANDI_06,2022-12-19,Wheat,2563.7,2362.33
MANDI_06,2022-12-26,Wheat,954.6,2415.46
MANDI_06,2023-01-02,Wheat,1594.9,2368.46
MANDI_06,2023-01-09,Wheat,961.3,2371.09
MANDI_06,2023-01-16,Wheat,3189.8,2441.12
MANDI_06,2023-01-23,Wheat,1914.9,2415.82
MANDI_06,2023-01-30,Wheat,3247.4,2437.27
MANDI_06,2023-02-06,Wheat,3743.6,2449.39
MANDI_06,2023-02-13,Wheat,1393.9,2472.54
MANDI_06,2023-02-20,Wheat,1842.6,2348.56
MANDI_06,2023-02-27,Wheat,987.6,2370.95
MANDI_06,2023-03-06,Wheat,1489.8,2325.57
MANDI_06,2023-03-13,Wheat,2227.2,2438.5
MANDI_06,2023-03-20,Wheat,2533.2,2457.53
MANDI_06,2023-03-27,Wheat,2591.4,2441.96
MANDI_06,2023-04-03,Wheat,17537.8,2084.89
MANDI_06,2023-04-10,Wheat,15978.0,2192.82
MANDI_06,2023-04-17,Wheat,10766.0,2130.75
MANDI_06,2023-04-24,Wheat,14104.1,2048.28
MANDI_06,2023-05-01,Wheat,20678.0,2095.67
MANDI_06,2023-05-08,Wheat,17899.1,2141.69
MANDI_06,2023-05-15,Wheat,9292.8,2234.52
MANDI_06,2023-05-22,Wheat,21226.9,2137.76
MANDI_06,2023-05-29,Wheat,18783.3,2132.53
MANDI_06,2023-06-05,Wheat,2146.1,2441.38
MANDI_06,2023-06-12,Wheat,886.7,2430.16
MANDI_06,2023-06-19,Wheat,4096.0,2443.59
MANDI_06,2023-06-26,Wheat,1349.2,2520.74
MANDI_06,2023-07-03,Wheat,2843.3,2498.88
MANDI_06,2023-07-10,Wheat,3026.8,2424.63
MANDI_06,2023-07-17,Wheat,2625.0,2522.8
MANDI_06,2023-07-24,Wheat,3701.3,2435.66
MANDI_06,2023-07-31,Wheat,1767.9,2467.94
MANDI_06,2023-08-07,Wheat,3430.8,2406.96
MANDI_06,2023-08-14,Wheat,1290.8,2440.19
MANDI_06,2023-08-21,Wheat,3732.9,2461.22
MANDI_06,2023-08-28,Wheat,1130.7,2353.66
MANDI_06,2023-09-04,Wheat,2386.9,2368.54
MANDI_06,2023-09-11,Wheat,1034.8,2361.17
MANDI_06,2023-09-18,Wheat,2846.9,2466.84
MANDI_06,2023-09-25,Wheat,2064.2,2527.75
MANDI_06,2023-10-02,Wheat,2349.3,2392.34
MANDI_06,2023-10-09,Wheat,1109.1,2344.68
MANDI_06,2023-10-16,Wheat,3812.4,2435.76
MANDI_06,2023-10-23,Wheat,1879.7,2516.74
MANDI_06,2023-10-30,Wheat,1527.7,2361.41
MANDI_06,2023-11-06,Wheat,2375.0,2431.84
MANDI_06,2023-11-13,Wheat,3277.6,2349.33
MANDI_06,2023-11-20,Wheat,4190.5,2511.8
MANDI_06,2023-11-27,Wheat,1148.2,2437.68
MANDI_06,2023-12-04,Wheat,1125.5,2452.4
MANDI_06,2023-12-11,Wheat,3776.9,2526.32
MANDI_06,2023-12-18,Wheat,2970.7,2492.61
MANDI_06,2023-12-25,Wheat,3879.3,2436.63
MANDI_07,2021-01-04,Wheat,3772.6,2299.66
MANDI_07,2021-01-11,Wheat,1133.3,2300.92
MANDI_07,2021-01-18,Wheat,3569.7,2317.81
MANDI_07,2021-01-25,Wheat,2354.8,2186.12
MANDI_07,2021-02-01,Wheat,1362.1,2167.05
MANDI_07,2021-02-08,Wheat,1367.7,2283.72
MANDI_07,2021-02-15,Wheat,834.4,2237.62
MANDI_07,2021-02-22,Wheat,1064.2,2257.21
MANDI_07,2021-03-01,Wheat,869.1,2212.14
MANDI_07,2021-03-08,Wheat,3304.7,2245.23
MANDI_07,2021-03-15,Wheat,2903.4,2173.4
MANDI_07,2021-03-22,Wheat,1672.7,2275.81
MANDI_07,2021-03-29,Wheat,1504.1,2136.04
MANDI_07,2021-04-05,Wheat,13850.6,1960.2
MANDI_07,2021-04-12,Wheat,14594.6,2008.84
MANDI_07,2021-04-19,Wheat,19427.3,1964.9
MANDI_07,2021-04-26,Wheat,12994.7,1906.62
MANDI_07,2021-05-03,Wheat,21600.5,2073.2
MANDI_07,2021-05-10,Wheat,10769.3,1957.51
MANDI_07,2021-05-17,Wheat,23985.5,2007.92
MANDI_07,2021-05-24,Wheat,23229.0,2001.07
MANDI_07,2021-05-31,Wheat,4131.7,2216.95
MANDI_07,2021-06-07,Wheat,1784.3,2367.91
MANDI_07,2021-06-14,Wheat,2960.1,2313.2
MANDI_07,2021-06-21,Wheat,980.6,2391.69
MANDI_07,2021-06-28,Wheat,3718.6,2353.11
MANDI_07,2021-07-05,Wheat,1783.1,2325.67
MANDI_07,2021-07-12,Wheat,1498.8,2270.96
MANDI_07,2021-07-19,Wheat,1081.4,2251.26
MANDI_07,2021-07-26,Wheat,1116.1,2269.33
MANDI_07,2021-08-02,Wheat,2695.5,2184.21
MANDI_07,2021-08-09,Wheat,2892.2,2287.33
MANDI_07,2021-08-16,Wheat,1920.9,2291.14
MANDI_07,2021-08-23,Wheat,4164.1,2294.13
MANDI_07,2021-08-30,Wheat,2617.7,2264.87
MANDI_07,2021-09-06,Wheat,3272.9,2315.57
MANDI_07,2021-09-13,Wheat,3109.7,2203.14
MANDI_07,2021-09-20,Wheat,3267.1,2298.33
MANDI_07,2021-09-27,Wheat,2165.3,2209.88
MANDI_07,2021-10-04,Wheat,3437.1,2288.54
MANDI_07,2021-10-11,Wheat,1908.0,2328.32
MANDI_07,2021-10-18,Wheat,3327.9,2203.36
MANDI_07,2021-10-25,Wheat,4156.0,2350.8
MANDI_07,2021-11-01,Wheat,3905.1,2285.19
MANDI_07,2021-11-08,Wheat,2793.8,2338.19
MANDI_07,2021-11-15,Wheat,1779.5,2263.62
MANDI_07,2021-11-22,Wheat,1872.3,2247.83
MANDI_07,2021-11-29,Wheat,1960.6,2308.93
MANDI_07,2021-12-06,Wheat,3320.1,2282.48
MANDI_07,2021-12-13,Wheat,4148.3,2241.08
MANDI_07,2021-12-20,Wheat,2297.5,2378.29
MANDI_07,2021-12-27,Wheat,2675.9,2209.46
MANDI_07,2022-01-03,Wheat,2790.2,2339.49
MANDI_07,2022-01-10,Wheat,3443.5,2258.6
MANDI_07,2022-01-17,Wheat,2587.3,2225.2
MANDI_07,2022-01-24,Wheat,2181.3,2260.99
MANDI_07,2022-01-31,Wheat,3884.1,2283.3
MANDI_07,2022-02-07,Wheat,2613.5,2307.62
MANDI_07,2022-02-14,Wheat,3489.6,2336.44
MANDI_07,2022-02-21,Wheat,1921.8,2247.42
MANDI_07,2022-02-28,Wheat,4006.4,2235.9
MANDI_07,2022-03-07,Wheat,1341.3,2280.29
MANDI_07,2022-03-14,Wheat,4102.8,2291.21
MANDI_07,2022-03-21,Wheat,1684.8,2338.19
MANDI_07,2022-03-28,Wheat,2880.4,2201.35
MANDI_07,2022-04-04,Wheat,14455.4,1966.81
MANDI_07,2022-04-11,Wheat,17702.4,2036.8
MANDI_07,2022-04-18,Wheat,13663.2,1893.84
MANDI_07,2022-04-25,Wheat,20181.1,2007.25
MANDI_07,2022-05-02,Wheat,8860.0,1969.64
MANDI_07,2022-05-09,Wheat,23826.4,2058.61
MANDI_07,2022-05-16,Wheat,13938.9,2044.34
MANDI_07,2022-05-23,Wheat,16690.0,1998.39
MANDI_07,2022-05-30,Wheat,11080.1,1999.98
MANDI_07,2022-06-06,Wheat,4048.0,2286.87
MANDI_07,2022-06-13,Wheat,1531.7,2322.75
MANDI_07,2022-06-20,Wheat,2770.1,2363.82
MANDI_07,2022-06-27,Wheat,1129.0,2219.43
MANDI_07,2022-07-04,Wheat,1817.4,2299.01
MANDI_07,2022-07-11,Wheat,2422.6,2324.47
MANDI_07,2022-07-18,Wheat,4170.4,2280.53
MANDI_07,2022-07-25,Wheat,3355.3,2255.96
MANDI_07,2022-08-01,Wheat,3979.4,2353.82
MANDI_07,2022-08-08,Wheat,3205.3,2246.31
MANDI_07,2022-08-15,Wheat,2629.3,2319.89
MANDI_07,2022-08-22,Wheat,3804.2,2315.16
MANDI_07,2022-08-29,Wheat,3411.1,2217.47
MANDI_07,2022-09-05,Wheat,3766.1,2327.2
MANDI_07,2022-09-12,Wheat,3913.1,2230.88
MANDI_07,2022-09-19,Wheat,2952.6,2246.15
MANDI_07,2022-09-26,Wheat,3177.3,2313.12
MANDI_07,2022-10-03,Wheat,1260.2,2322.02
MANDI_07,2022-10-10,Wheat,2250.3,2294.59
MANDI_07,2022-10-17,Wheat,2253.7,2399.43
MANDI_07,2022-10-24,Wheat,1619.5,2216.57
MANDI_07,2022-10-31,Wheat,3213.7,2200.43
MANDI_07,2022-11-07,Wheat,2952.9,2233.55
MANDI_07,2022-11-14,Wheat,2700.6,2200.26
MANDI_07,2022-11-21,Wheat,3342.3,2301.54
MANDI_07,2022-11-28,Wheat,3575.1,2272.86
MANDI_07,2022-12-05,Wheat,3515.6,2334.41
MANDI_07,2022-12-12,Wheat,1554.7,2303.18
MANDI_07,2022-12-19,Wheat,1644.0,2266.81
MANDI_07,2022-12-26,Wheat,1359.0,2274.71
MANDI_07,2023-01-02,Wheat,2214.8,2279.29
MANDI_07,2023-01-09,Wheat,2788.2,2263.74
MANDI_07,2023-01-16,Wheat,2789.0,2246.1
MANDI_07,2023-01-23,Wheat,4180.7,2315.61
MANDI_07,2023-01-30,Wheat,1653.5,2213.3
MANDI_07,2023-02-06,Wheat,3703.0,2265.97
MANDI_07,2023-02-13,Wheat,2247.2,2263.72
MANDI_07,2023-02-20,Wheat,2391.8,2243.86
MANDI_07,2023-02-27,Wheat,1938.5,2412.66
MANDI_07,2023-03-06,Wheat,3445.0,2279.62
MANDI_07,2023-03-13,Wheat,4163.8,2327.29
MANDI_07,2023-03-20,Wheat,3148.3,2301.26
MANDI_07,2023-03-27,Wheat,3537.2,2249.71
MANDI_07,2023-04-03,Wheat,17598.2,1884.94
MANDI_07,2023-04-10,Wheat,10209.9,1943.78
MANDI_07,2023-04-17,Wheat,21514.6,1977.9
MANDI_07,2023-04-24,Wheat,22290.5,1954.58
MANDI_07,2023-05-01,Wheat,22668.1,1981.72
MANDI_07,2023-05-08,Wheat,18798.6,1892.12
MANDI_07,2023-05-15,Wheat,13661.0,2039.36
MANDI_07,2023-05-22,Wheat,14920.8,2020.14
MANDI_07,2023-05-29,Wheat,21295.8,1956.15
MANDI_07,2023-06-05,Wheat,4066.9,2243.53
MANDI_07,2023-06-12,Wheat,1553.7,2277.64
MANDI_07,2023-06-19,Wheat,2980.8,2327.39
MANDI_07,2023-06-26,Wheat,1109.2,2178.48
MANDI_07,2023-07-03,Wheat,3109.2,2344.29
MANDI_07,2023-07-10,Wheat,1835.2,2324.1
MANDI_07,2023-07-17,Wheat,2201.2,2356.64
MANDI_07,2023-07-24,Wheat,1833.7,2219.77
MANDI_07,2023-07-31,Wheat,4177.4,2263.85
MANDI_07,2023-08-07,Wheat,2101.2,2224.89
MANDI_07,2023-08-14,Wheat,3954.5,2260.75
MANDI_07,2023-08-21,Wheat,3953.1,2315.25
MANDI_07,2023-08-28,Wheat,2882.9,2288.64
MANDI_07,2023-09-04,Wheat,3481.0,2321.01
MANDI_07,2023-09-11,Wheat,3986.7,2263.47
MANDI_07,2023-09-18,Wheat,1751.0,2291.19
MANDI_07,2023-09-25,Wheat,2107.7,2262.99
MANDI_07,2023-10-02,Wheat,1070.9,2275.24
MANDI_07,2023-10-09,Wheat,1670.7,2193.51
MANDI_07,2023-10-16,Wheat,4148.5,2268.5
MANDI_07,2023-10-23,Wheat,3258.6,2300.27
MANDI_07,2023-10-30,Wheat,1810.5,2284.94
MANDI_07,2023-11-06,Wheat,1975.2,2263.17
MANDI_07,2023-11-13,Wheat,3860.9,2379.83
MANDI_07,2023-11-20,Wheat,2628.2,2386.93
MANDI_07,2023-11-27,Wheat,3160.1,2225.89
MANDI_07,2023-12-04,Wheat,1528.1,2317.03
MANDI_07,2023-12-11,Wheat,3396.0,2208.29
MANDI_07,2023-12-18,Wheat,2374.8,2318.64
MANDI_07,2023-12-25,Wheat,3152.3,2223.97
MANDI_08,2021-01-04,Wheat,3572.5,2443.42
MANDI_08,2021-01-11,Wheat,1158.4,2528.3
MANDI_08,2021-01-18,Wheat,2001.8,2511.53
MANDI_08,2021-01-25,Wheat,886.1,2514.18
MANDI_08,2021-02-01,Wheat,3895.4,2597.52
MANDI_08,2021-02-08,Wheat,3960.9,2418.22
MANDI_08,2021-02-15,Wheat,1351.0,2478.8
MANDI_08,2021-02-22,Wheat,1304.9,2380.91
MANDI_08,2021-03-01,Wheat,2505.9,2470.83
MANDI_08,2021-03-08,Wheat,3172.9,2383.15
MANDI_08,2021-03-15,Wheat,1633.9,2562.66
MANDI_08,2021-03-22,Wheat,3033.9,2458.63
MANDI_08,2021-03-29,Wheat,2822.0,2427.34
MANDI_08,2021-04-05,Wheat,13572.5,2186.31
MANDI_08,2021-04-12,Wheat,17096.7,2144.18
MANDI_08,2021-04-19,Wheat,19701.6,2161.67
MANDI_08,2021-04-26,Wheat,16959.6,2142.88
MANDI_08,2021-05-03,Wheat,9160.4,2238.81
MANDI_08,2021-05-10,Wheat,19821.6,2090.87
MANDI_08,2021-05-17,Wheat,21186.2,2095.41
MANDI_08,2021-05-24,Wheat,10808.9,2151.62
MANDI_08,2021-05-31,Wheat,3054.9,2492.6
MANDI_08,2021-06-07,Wheat,3475.9,2396.82
MANDI_08,2021-06-14,Wheat,2893.2,2502.82
MANDI_08,2021-06-21,Wheat,4048.9,2524.1
MANDI_08,2021-06-28,Wheat,2442.9,2467.81
MANDI_08,2021-07-05,Wheat,2812.9,2402.54
MANDI_08,2021-07-12,Wheat,3920.4,2516.4
MANDI_08,2021-07-19,Wheat,1263.1,2409.35
MANDI_08,2021-07-26,Wheat,2475.9,2453.4
MANDI_08,2021-08-02,Wheat,880.2,2475.42
MANDI_08,2021-08-09,Wheat,1403.7,2433.44
MANDI_08,2021-08-16,Wheat,3386.0,2459.93
MANDI_08,2021-08-23,Wheat,2263.2,2471.49
MANDI_08,2021-08-30,Wheat,1384.8,2547.79
MANDI_08,2021-09-06,Wheat,3427.9,2476.66
MANDI_08,2021-09-13,Wheat,1007.4,2446.23
MANDI_08,2021-09-20,Wheat,3004.2,2538.65
MANDI_08,2021-09-27,Wheat,3237.5,2493.89
MANDI_08,2021-10-04,Wheat,1529.0,2476.01
MANDI_08,2021-10-11,Wheat,3981.0,2539.49
MANDI_08,2021-10-18,Wheat,2628.1,2446.29
MANDI_08,2021-10-25,Wheat,2191.0,2592.89
MANDI_08,2021-11-01,Wheat,2053.9,2435.33
MANDI_08,2021-11-08,Wheat,2011.2,2495.58
MANDI_08,2021-11-15,Wheat,2148.2,2552.05
MANDI_08,2021-11-22,Wheat,3588.1,2565.34
MANDI_08,2021-11-29,Wheat,1509.7,2543.74
MANDI_08,2021-12-06,Wheat,3914.9,2453.3
MANDI_08,2021-12-13,Wheat,3016.4,2500.94
MANDI_08,2021-12-20,Wheat,2023.3,2442.6
MANDI_08,2021-12-27,Wheat,3542.9,2443.14
MANDI_08,2022-01-03,Wheat,2792.9,2542.03
MANDI_08,2022-01-10,Wheat,1257.6,2361.9
MANDI_08,2022-01-17,Wheat,3715.2,2547.72
MANDI_08,2022-01-24,Wheat,2010.7,2470.4
MANDI_08,2022-01-31,Wheat,3128.6,2399.1
MANDI_08,2022-02-07,Wheat,824.3,2427.75
MANDI_08,2022-02-14,Wheat,3579.8,2344.23
MANDI_08,2022-02-21,Wheat,1318.4,2519.92
MANDI_08,2022-02-28,Wheat,3468.6,2471.23
MANDI_08,2022-03-07,Wheat,4017.3,2506.17
MANDI_08,2022-03-14,Wheat,3103.3,2422.15
MANDI_08,2022-03-21,Wheat,2974.2,2437.91
MANDI_08,2022-03-28,Wheat,815.7,2538.88
MANDI_08,2022-04-04,Wheat,11038.7,2309.83
MANDI_08,2022-04-11,Wheat,10098.1,2187.17
MANDI_08,2022-04-18,Wheat,14820.8,2055.15
MANDI_08,2022-04-25,Wheat,18720.6,2088.65
MANDI_08,2022-05-02,Wheat,8667.7,2260.54
MANDI_08,2022-05-09,Wheat,10578.8,2128.64
MANDI_08,2022-05-16,Wheat,9743.1,2193.19
MANDI_08,2022-05-23,Wheat,17395.3,2117.72
MANDI_08,2022-05-30,Wheat,18903.0,2143.76
MANDI_08,2022-06-06,Wheat,1181.3,2516.84
MANDI_08,2022-06-13,Wheat,2036.7,2421.67
MANDI_08,2022-06-20,Wheat,3536.4,2533.46
MANDI_08,2022-06-27,Wheat,2016.1,2489.9
MANDI_08,2022-07-04,Wheat,2581.5,2458.76
MANDI_08,2022-07-11,Wheat,2012.5,2530.28
MANDI_08,2022-07-18,Wheat,1328.5,2508.03
MANDI_08,2022-07-25,Wheat,3790.2,2384.21
MANDI_08,2022-08-01,Wheat,1535.9,2454.9
MANDI_08,2022-08-08,Wheat,3555.6,2471.7
MANDI_08,2022-08-15,Wheat,2366.1,2527.87
MANDI_08,2022-08-22,Wheat,2711.2,2510.3
MANDI_08,2022-08-29,Wheat,815.8,2466.63
MANDI_08,2022-09-05,Wheat,4074.2,2423.37
MANDI_08,2022-09-12,Wheat,3716.8,2357.11
MANDI_08,2022-09-19,Wheat,813.7,2438.03
MANDI_08,2022-09-26,Wheat,4055.9,2496.83
MANDI_08,2022-10-03,Wheat,3055.6,2441.64
MANDI_08,2022-10-10,Wheat,3345.9,2425.31
MANDI_08,2022-10-17,Wheat,2628.5,2456.65
MANDI_08,2022-10-24,Wheat,1407.6,2478.76
MANDI_08,2022-10-31,Wheat,3034.4,2388.94
MANDI_08,2022-11-07,Wheat,2257.7,2507.24
MANDI_08,2022-11-14,Wheat,1519.0,2470.78
MANDI_08,2022-11-21,Wheat,2690.7,2483.53
MANDI_08,2022-11-28,Wheat,1355.7,2415.58
MANDI_08,2022-12-05,Wheat,2444.1,2501.36
MANDI_08,2022-12-12,Wheat,3483.7,2419.09
MANDI_08,2022-12-19,Wheat,2864.0,2464.64
MANDI_08,2022-12-26,Wheat,1128.7,2504.05
MANDI_08,2023-01-02,Wheat,1853.9,2431.89
MANDI_08,2023-01-09,Wheat,3004.6,2399.95
MANDI_08,2023-01-16,Wheat,3409.0,2514.07
MANDI_08,2023-01-23,Wheat,4032.2,2533.87
MANDI_08,2023-01-30,Wheat,1310.7,2398.19
MANDI_08,2023-02-06,Wheat,1166.6,2423.24
MANDI_08,2023-02-13,Wheat,3454.0,2548.01
MANDI_08,2023-02-20,Wheat,3500.8,2486.32
MANDI_08,2023-02-27,Wheat,1766.2,2517.86
MANDI_08,2023-03-06,Wheat,3449.7,2388.13
MANDI_08,2023-03-13,Wheat,3786.8,2395.68
MANDI_08,2023-03-20,Wheat,2915.1,2365.5
MANDI_08,2023-03-27,Wheat,2756.7,2452.91
MANDI_08,2023-04-03,Wheat,17888.1,2187.56
MANDI_08,2023-04-10,Wheat,21592.9,2220.82
MANDI_08,2023-04-17,Wheat,10806.6,2173.46
MANDI_08,2023-04-24,Wheat,15713.1,2109.96
MANDI_08,2023-05-01,Wheat,17672.2,2196.97
MANDI_08,2023-05-08,Wheat,22570.2,2244.17
MANDI_08,2023-05-15,Wheat,17080.9,2223.7
MANDI_08,2023-05-22,Wheat,22458.1,2236.89
MANDI_08,2023-05-29,Wheat,11016.8,2069.6
MANDI_08,2023-06-05,Wheat,3343.2,2466.96
MANDI_08,2023-06-12,Wheat,3765.1,2470.81
MANDI_08,2023-06-19,Wheat,1710.8,2428.27
MANDI_08,2023-06-26,Wheat,2568.5,2521.25
MANDI_08,2023-07-03,Wheat,2167.9,2387.62
MANDI_08,2023-07-10,Wheat,1027.8,2525.54
MANDI_08,2023-07-17,Wheat,3756.9,2578.86
MANDI_08,2023-07-24,Wheat,1416.7,2397.44
MANDI_08,2023-07-31,Wheat,2422.1,2530.72
MANDI_08,2023-08-07,Wheat,2055.3,2539.4
MANDI_08,2023-08-14,Wheat,3102.3,2438.04
MANDI_08,2023-08-21,Wheat,3602.6,2597.82
MANDI_08,2023-08-28,Wheat,1904.0,2444.51
MANDI_08,2023-09-04,Wheat,3304.4,2469.13
MANDI_08,2023-09-11,Wheat,1182.6,2464.17
MANDI_08,2023-09-18,Wheat,2756.3,2448.41
MANDI_08,2023-09-25,Wheat,3025.3,2493.45
MANDI_08,2023-10-02,Wheat,1714.5,2471.41
MANDI_08,2023-10-09,Wheat,1750.7,2420.69
MANDI_08,2023-10-16,Wheat,1704.8,2491.51
MANDI_08,2023-10-23,Wheat,4006.0,2435.88
MANDI_08,2023-10-30,Wheat,3599.6,2448.84
MANDI_08,2023-11-06,Wheat,2223.3,2422.81
MANDI_08,2023-11-13,Wheat,1765.9,2481.2
MANDI_08,2023-11-20,Wheat,1084.2,2495.16
MANDI_08,2023-11-27,Wheat,3766.0,2468.87
MANDI_08,2023-12-04,Wheat,1854.5,2499.64
MANDI_08,2023-12-11,Wheat,4145.9,2494.87
MANDI_08,2023-12-18,Wheat,3843.6,2491.8
MANDI_08,2023-12-25,Wheat,3917.4,2475.2
MANDI_09,2021-01-04,Wheat,1674.7,2378.61
MANDI_09,2021-01-11,Wheat,2751.5,2396.67
MANDI_09,2021-01-18,Wheat,1632.1,2375.52
MANDI_09,2021-01-25,Wheat,1866.6,2447.7
MANDI_09,2021-02-01,Wheat,853.9,2371.3
MANDI_09,2021-02-08,Wheat,2749.6,2518.74
MANDI_09,2021-02-15,Wheat,4025.4,2374.75
MANDI_09,2021-02-22,Wheat,2798.9,2469.56
MANDI_09,2021-03-01,Wheat,4028.3,2485.0
MANDI_09,2021-03-08,Wheat,2582.0,2257.55
MANDI_09,2021-03-15,Wheat,1837.9,2460.02
MANDI_09,2021-03-22,Wheat,3947.4,2445.35
MANDI_09,2021-03-29,Wheat,3639.2,2344.68
MANDI_09,2021-04-05,Wheat,16107.3,2055.3
MANDI_09,2021-04-12,Wheat,19629.7,2147.76
MANDI_09,2021-04-19,Wheat,23104.9,2023.08
MANDI_09,2021-04-26,Wheat,13656.5,2147.71
MANDI_09,2021-05-03,Wheat,10539.1,2048.28
MANDI_09,2021-05-10,Wheat,9787.9,2044.81
MANDI_09,2021-05-17,Wheat,11553.6,2038.65
MANDI_09,2021-05-24,Wheat,20166.5,2069.45
MANDI_09,2021-05-31,Wheat,2123.1,2423.3
MANDI_09,2021-06-07,Wheat,2681.3,2431.62
MANDI_09,2021-06-14,Wheat,805.7,2364.93
MANDI_09,2021-06-21,Wheat,1603.2,2426.21
MANDI_09,2021-06-28,Wheat,2516.3,2507.28
MANDI_09,2021-07-05,Wheat,3779.2,2504.98
MANDI_09,2021-07-12,Wheat,1015.2,2485.07
MANDI_09,2021-07-19,Wheat,3733.0,2291.88
MANDI_09,2021-07-26,Wheat,837.3,2340.15
MANDI_09,2021-08-02,Wheat,2062.2,2421.98
MANDI_09,2021-08-09,Wheat,1585.3,2342.32
MANDI_09,2021-08-16,Wheat,3839.4,2486.77
MANDI_09,2021-08-23,Wheat,2760.6,2390.06
MANDI_09,2021-08-30,Wheat,1849.2,2385.8
MANDI_09,2021-09-06,Wheat,4047.6,2467.4
MANDI_09,2021-09-13,Wheat,4063.4,2386.35
MANDI_09,2021-09-20,Wheat,3474.2,2410.09
MANDI_09,2021-09-27,Wheat,3997.2,2394.06
MANDI_09,2021-10-04,Wheat,2768.2,2414.14
MANDI_09,2021-10-11,Wheat,2095.3,2368.73
MANDI_09,2021-10-18,Wheat,1452.9,2460.45
MANDI_09,2021-10-25,Wheat,4119.0,2440.3
MANDI_09,2021-11-01,Wheat,834.4,2460.08
MANDI_09,2021-11-08,Wheat,1417.3,2491.83
MANDI_09,2021-11-15,Wheat,3141.5,2402.16
MANDI_09,2021-11-22,Wheat,1851.3,2476.1
MANDI_09,2021-11-29,Wheat,2592.7,2413.62
MANDI_09,2021-12-06,Wheat,1713.4,2403.62
MANDI_09,2021-12-13,Wheat,1232.7,2459.82
MANDI_09,2021-12-20,Wheat,2362.8,2452.7
MANDI_09,2021-12-27,Wheat,1061.4,2327.7
MANDI_09,2022-01-03,Wheat,3205.7,2421.69
MANDI_09,2022-01-10,Wheat,2276.5,2506.89
MANDI_09,2022-01-17,Wheat,1130.8,2395.18
MANDI_09,2022-01-24,Wheat,3059.1,2442.85
MANDI_09,2022-01-31,Wheat,2119.5,2303.16
MANDI_09,2022-02-07,Wheat,3327.4,2474.45
MANDI_09,2022-02-14,Wheat,3481.6,2415.24
MANDI_09,2022-02-21,Wheat,2826.7,2476.97
MANDI_09,2022-02-28,Wheat,2411.9,2422.9
MANDI_09,2022-03-07,Wheat,925.0,2377.38
MANDI_09,2022-03-14,Wheat,3928.4,2483.76
MANDI_09,2022-03-21,Wheat,3742.0,2411.19
MANDI_09,2022-03-28,Wheat,950.2,2479.62
MANDI_09,2022-04-04,Wheat,19791.0,2146.34
MANDI_09,2022-04-11,Wheat,9069.7,2072.77
MANDI_09,2022-04-18,Wheat,15485.0,2121.48
MANDI_09,2022-04-25,Wheat,10135.7,2201.94
MANDI_09,2022-05-02,Wheat,18938.8,2005.53
MANDI_09,2022-05-09,Wheat,8707.6,2274.17
MANDI_09,2022-05-16,Wheat,23996.2,2029.48
MANDI_09,2022-05-23,Wheat,23348.6,2133.02
MANDI_09,2022-05-30,Wheat,17447.0,2151.56
MANDI_09,2022-06-06,Wheat,1947.2,2433.07
MANDI_09,2022-06-13,Wheat,1960.9,2399.02
MANDI_09,2022-06-20,Wheat,3657.9,2516.11
MANDI_09,2022-06-27,Wheat,2215.6,2473.41
MANDI_09,2022-07-04,Wheat,1140.6,2461.97
MANDI_09,2022-07-11,Wheat,3746.4,2475.34
MANDI_09,2022-07-18,Wheat,3287.1,2437.19
MANDI_09,2022-07-25,Wheat,1865.6,2465.97
MANDI_09,2022-08-01,Wheat,3066.1,2453.13
MANDI_09,2022-08-08,Wheat,1052.4,2504.78
MANDI_09,2022-08-15,Wheat,1878.5,2437.96
MANDI_09,2022-08-22,Wheat,1412.9,2470.91
MANDI_09,2022-08-29,Wheat,1897.0,2354.62
MANDI_09,2022-09-05,Wheat,2165.4,2411.45
MANDI_09,2022-09-12,Wheat,3178.3,2332.06
MANDI_09,2022-09-19,Wheat,2704.6,2387.21
MANDI_09,2022-09-26,Wheat,938.0,2404.72
MANDI_09,2022-10-03,Wheat,1863.2,2375.98
MANDI_09,2022-10-10,Wheat,3527.9,2438.15
MANDI_09,2022-10-17,Wheat,1968.0,2346.69
MANDI_09,2022-10-24,Wheat,1138.3,2411.57
MANDI_09,2022-10-31,Wheat,3567.6,2328.9
MANDI_09,2022-11-07,Wheat,1855.6,2447.14
MANDI_09,2022-11-14,Wheat,918.5,2429.98
MANDI_09,2022-11-21,Wheat,2411.8,2376.19
MANDI_09,2022-11-28,Wheat,2967.1,2503.92
MANDI_09,2022-12-05,Wheat,2006.9,2431.59
MANDI_09,2022-12-12,Wheat,4033.4,2369.36
MANDI_09,2022-12-19,Wheat,3270.5,2347.32
MANDI_09,2022-12-26,Wheat,3360.8,2457.1
MANDI_09,2023-01-02,Wheat,2934.7,2388.42
MANDI_09,2023-01-09,Wheat,871.6,2457.15
MANDI_09,2023-01-16,Wheat,1526.7,2386.79
MANDI_09,2023-01-23,Wheat,2208.3,2415.55
MANDI_09,2023-01-30,Wheat,3732.5,2393.57
MANDI_09,2023-02-06,Wheat,2478.0,2372.68
MANDI_09,2023-02-13,Wheat,1846.5,2361.79
MANDI_09,2023-02-20,Wheat,1839.2,2438.16
MANDI_09,2023-02-27,Wheat,2696.6,2343.87
MANDI_09,2023-03-06,Wheat,828.8,2284.25
MANDI_09,2023-03-13,Wheat,1691.2,2404.58
MANDI_09,2023-03-20,Wheat,3564.9,2342.28
MANDI_09,2023-03-27,Wheat,2301.1,2369.31
MANDI_09,2023-04-03,Wheat,18398.9,2217.41
MANDI_09,2023-04-10,Wheat,22891.1,2092.79
MANDI_09,2023-04-17,Wheat,10645.6,2046.57
MANDI_09,2023-04-24,Wheat,19001.3,2054.18
MANDI_09,2023-05-01,Wheat,19642.0,2088.67
MANDI_09,2023-05-08,Wheat,16654.8,2051.01
MANDI_09,2023-05-15,Wheat,23666.7,2096.86
MANDI_09,2023-05-22,Wheat,20514.4,2065.33
MANDI_09,2023-05-29,Wheat,14745.3,2115.9
MANDI_09,2023-06-05,Wheat,1868.1,2455.47
MANDI_09,2023-06-12,Wheat,2927.1,2380.63
MANDI_09,2023-06-19,Wheat,1330.8,2381.38
MANDI_09,2023-06-26,Wheat,1565.8,2349.71
MANDI_09,2023-07-03,Wheat,3531.8,2447.04
MANDI_09,2023-07-10,Wheat,2744.2,2455.48
MANDI_09,2023-07-17,Wheat,3684.3,2507.15
MANDI_09,2023-07-24,Wheat,2934.2,2389.71
MANDI_09,2023-07-31,Wheat,1974.6,2323.13
MANDI_09,2023-08-07,Wheat,3859.0,2436.3
MANDI_09,2023-08-14,Wheat,1065.8,2439.07
MANDI_09,2023-08-21,Wheat,3760.3,2464.79
MANDI_09,2023-08-28,Wheat,2077.9,2381.81
MANDI_09,2023-09-04,Wheat,1189.9,2329.09
MANDI_09,2023-09-11,Wheat,3750.2,2400.46
MANDI_09,2023-09-18,Wheat,2215.7,2383.99
MANDI_09,2023-09-25,Wheat,4146.6,2365.97
MANDI_09,2023-10-02,Wheat,3459.6,2323.64
MANDI_09,2023-10-09,Wheat,1984.4,2378.42
MANDI_09,2023-10-16,Wheat,4119.6,2469.56
MANDI_09,2023-10-23,Wheat,1017.1,2381.98
MANDI_09,2023-10-30,Wheat,2549.6,2429.15
MANDI_09,2023-11-06,Wheat,1757.5,2332.03
MANDI_09,2023-11-13,Wheat,2473.3,2385.4
MANDI_09,2023-11-20,Wheat,1666.0,2440.06
MANDI_09,2023-11-27,Wheat,3651.0,2350.37
MANDI_09,2023-12-04,Wheat,3752.9,2441.06
MANDI_09,2023-12-11,Wheat,1099.6,2452.74
MANDI_09,2023-12-18,Wheat,1274.7,2471.03
MANDI_09,2023-12-25,Wheat,2037.8,2464.6
MANDI_10,2021-01-04,Wheat,1375.0,2440.64
MANDI_10,2021-01-11,Wheat,3197.6,2430.13
MANDI_10,2021-01-18,Wheat,3150.1,2363.49
MANDI_10,2021-01-25,Wheat,2081.1,2394.85
MANDI_10,2021-02-01,Wheat,2603.1,2413.19
MANDI_10,2021-02-08,Wheat,2459.3,2428.09
MANDI_10,2021-02-15,Wheat,1492.0,2420.33
MANDI_10,2021-02-22,Wheat,3889.9,2437.03
MANDI_10,2021-03-01,Wheat,3884.5,2442.55
MANDI_10,2021-03-08,Wheat,3884.3,2434.89
MANDI_10,2021-03-15,Wheat,3019.6,2420.81
MANDI_10,2021-03-22,Wheat,1986.1,2395.34
MANDI_10,2021-03-29,Wheat,3158.9,2516.78
MANDI_10,2021-04-05,Wheat,12280.0,2063.83
MANDI_10,2021-04-12,Wheat,15006.6,2085.52
MANDI_10,2021-04-19,Wheat,14928.5,2231.48
MANDI_10,2021-04-26,Wheat,13013.5,2097.79
MANDI_10,2021-05-03,Wheat,10590.0,2107.46
MANDI_10,2021-05-10,Wheat,21295.9,2204.44
MANDI_10,2021-05-17,Wheat,21378.0,2064.78
MANDI_10,2021-05-24,Wheat,22220.8,2269.49
MANDI_10,2021-05-31,Wheat,3239.0,2366.94
MANDI_10,2021-06-07,Wheat,3109.1,2447.39
MANDI_10,2021-06-14,Wheat,822.8,2360.58
MANDI_10,2021-06-21,Wheat,3085.3,2488.61
MANDI_10,2021-06-28,Wheat,2029.7,2491.68
MANDI_10,2021-07-05,Wheat,1026.1,2391.81
MANDI_10,2021-07-12,Wheat,4132.7,2452.43
MANDI_10,2021-07-19,Wheat,3215.0,2356.32
MANDI_10,2021-07-26,Wheat,1977.8,2422.97
MANDI_10,2021-08-02,Wheat,3734.8,2441.78
MANDI_10,2021-08-09,Wheat,1857.1,2514.69
MANDI_10,2021-08-16,Wheat,3640.0,2465.68
MANDI_10,2021-08-23,Wheat,830.3,2450.13
MANDI_10,2021-08-30,Wheat,2649.9,2437.49
MANDI_10,2021-09-06,Wheat,1630.8,2529.72
MANDI_10,2021-09-13,Wheat,3831.5,2368.07
MANDI_10,2021-09-20,Wheat,2534.0,2380.74
MANDI_10,2021-09-27,Wheat,2608.8,2349.6
MANDI_10,2021-10-04,Wheat,3762.4,2413.21
MANDI_10,2021-10-11,Wheat,2896.3,2462.7
MANDI_10,2021-10-18,Wheat,2298.9,2530.08
MANDI_10,2021-10-25,Wheat,4072.8,2463.23
MANDI_10,2021-11-01,Wheat,2776.5,2324.83
MANDI_10,2021-11-08,Wheat,3651.1,2419.2
MANDI_10,2021-11-15,Wheat,2642.3,2427.68
MANDI_10,2021-11-22,Wheat,1792.0,2420.69
MANDI_10,2021-11-29,Wheat,1402.0,2448.85
MANDI_10,2021-12-06,Wheat,3653.3,2359.2
MANDI_10,2021-12-13,Wheat,2776.0,2435.11
MANDI_10,2021-12-20,Wheat,2556.6,2394.46
MANDI_10,2021-12-27,Wheat,988.1,2352.4
MANDI_10,2022-01-03,Wheat,1345.8,2422.97
MANDI_10,2022-01-10,Wheat,2151.8,2427.86
MANDI_10,2022-01-17,Wheat,3138.0,2451.33
MANDI_10,2022-01-24,Wheat,1185.8,2430.1
MANDI_10,2022-01-31,Wheat,3589.6,2537.49
MANDI_10,2022-02-07,Wheat,3783.5,2396.08
MANDI_10,2022-02-14,Wheat,2198.6,2404.42
MANDI_10,2022-02-21,Wheat,3538.1,2485.89
MANDI_10,2022-02-28,Wheat,2833.0,2459.23
MANDI_10,2022-03-07,Wheat,3077.4,2369.91
MANDI_10,2022-03-14,Wheat,4028.4,2484.02
MANDI_10,2022-03-21,Wheat,3774.4,2542.55
MANDI_10,2022-03-28,Wheat,1792.3,2440.62
MANDI_10,2022-04-04,Wheat,15738.0,2161.46
MANDI_10,2022-04-11,Wheat,15268.9,2204.63
MANDI_10,2022-04-18,Wheat,10345.1,2134.39
MANDI_10,2022-04-25,Wheat,12741.9,2180.84
MANDI_10,2022-05-02,Wheat,18061.5,2099.34
MANDI_10,2022-05-09,Wheat,8660.0,2105.28
MANDI_10,2022-05-16,Wheat,22494.6,2172.44
MANDI_10,2022-05-23,Wheat,18955.6,2044.04
MANDI_10,2022-05-30,Wheat,20165.8,2237.97
MANDI_10,2022-06-06,Wheat,4029.5,2625.68
MANDI_10,2022-06-13,Wheat,3351.1,2531.13
MANDI_10,2022-06-20,Wheat,1533.4,2498.21
MANDI_10,2022-06-27,Wheat,3914.6,2431.84
MANDI_10,2022-07-04,Wheat,3107.4,2449.07
MANDI_10,2022-07-11,Wheat,1021.8,2383.73
MANDI_10,2022-07-18,Wheat,3392.1,2461.34
MANDI_10,2022-07-25,Wheat,2866.9,2463.23
MANDI_10,2022-08-01,Wheat,3606.8,2522.19
MANDI_10,2022-08-08,Wheat,1593.6,2406.36
MANDI_10,2022-08-15,Wheat,3971.8,2379.98
MANDI_10,2022-08-22,Wheat,1922.7,2371.26
MANDI_10,2022-08-29,Wheat,1566.4,2442.96
MANDI_10,2022-09-05,Wheat,1052.2,2413.8
MANDI_10,2022-09-12,Wheat,3985.9,2442.93
MANDI_10,2022-09-19,Wheat,3960.2,2458.85
MANDI_10,2022-09-26,Wheat,3166.8,2405.31
MANDI_10,2022-10-03,Wheat,3994.3,2430.67
MANDI_10,2022-10-10,Wheat,2214.5,2389.97
MANDI_10,2022-10-17,Wheat,2327.2,2440.12
MANDI_10,2022-10-24,Wheat,2727.1,2414.93
MANDI_10,2022-10-31,Wheat,3905.9,2432.9
MANDI_10,2022-11-07,Wheat,2437.1,2424.66
MANDI_10,2022-11-14,Wheat,4113.6,2409.83
MANDI_10,2022-11-21,Wheat,3807.6,2441.45
MANDI_10,2022-11-28,Wheat,1071.6,2391.59
MANDI_10,2022-12-05,Wheat,3672.7,2450.79
MANDI_10,2022-12-12,Wheat,2039.3,2503.78
MANDI_10,2022-12-19,Wheat,1629.7,2484.1
MANDI_10,2022-12-26,Wheat,977.0,2510.13
MANDI_10,2023-01-02,Wheat,3844.7,2486.4
MANDI_10,2023-01-09,Wheat,2246.2,2419.96
MANDI_10,2023-01-16,Wheat,2214.6,2416.03
MANDI_10,2023-01-23,Wheat,1922.9,2381.5
MANDI_10,2023-01-30,Wheat,1113.9,2471.24
MANDI_10,2023-02-06,Wheat,2671.2,2476.82
MANDI_10,2023-02-13,Wheat,3914.9,2419.89
MANDI_10,2023-02-20,Wheat,3211.4,2525.72
MANDI_10,2023-02-27,Wheat,2678.5,2508.83
MANDI_10,2023-03-06,Wheat,3345.0,2445.23
MANDI_10,2023-03-13,Wheat,1664.5,2410.0
MANDI_10,2023-03-20,Wheat,867.3,2430.38
MANDI_10,2023-03-27,Wheat,1801.1,2523.6
MANDI_10,2023-04-03,Wheat,12440.2,2129.32
MANDI_10,2023-04-10,Wheat,10025.0,2126.09
MANDI_10,2023-04-17,Wheat,22865.1,2140.03
MANDI_10,2023-04-24,Wheat,14125.9,2075.5
MANDI_10,2023-05-01,Wheat,15243.2,2116.95
MANDI_10,2023-05-08,Wheat,13729.5,2165.91
MANDI_10,2023-05-15,Wheat,19286.6,2155.88
MANDI_10,2023-05-22,Wheat,17033.9,2032.71
MANDI_10,2023-05-29,Wheat,22575.4,2082.96
MANDI_10,2023-06-05,Wheat,2749.2,2437.82
MANDI_10,2023-06-12,Wheat,3396.1,2482.54
MANDI_10,2023-06-19,Wheat,2451.1,2456.89
MANDI_10,2023-06-26,Wheat,3405.1,2500.19
MANDI_10,2023-07-03,Wheat,3288.5,2320.72
MANDI_10,2023-07-10,Wheat,4074.4,2542.59
MANDI_10,2023-07-17,Wheat,3643.6,2455.4
MANDI_10,2023-07-24,Wheat,2296.2,2486.44
MANDI_10,2023-07-31,Wheat,3068.4,2494.09
MANDI_10,2023-08-07,Wheat,1751.1,2390.58
MANDI_10,2023-08-14,Wheat,3718.6,2428.62
MANDI_10,2023-08-21,Wheat,1994.0,2432.75
MANDI_10,2023-08-28,Wheat,3334.3,2329.96
MANDI_10,2023-09-04,Wheat,3797.3,2461.93
MANDI_10,2023-09-11,Wheat,2940.5,2519.78
MANDI_10,2023-09-18,Wheat,3966.2,2442.44
MANDI_10,2023-09-25,Wheat,1893.1,2541.7
MANDI_10,2023-10-02,Wheat,3700.6,2364.16
MANDI_10,2023-10-09,Wheat,2876.2,2419.66
MANDI_10,2023-10-16,Wheat,1446.5,2398.09
MANDI_10,2023-10-23,Wheat,4139.1,2444.71
MANDI_10,2023-10-30,Wheat,3209.0,2456.84
MANDI_10,2023-11-06,Wheat,3685.2,2387.49
MANDI_10,2023-11-13,Wheat,2005.9,2416.86
MANDI_10,2023-11-20,Wheat,2715.3,2484.91
MANDI_10,2023-11-27,Wheat,3908.1,2432.23
MANDI_10,2023-12-04,Wheat,2227.7,2479.66
MANDI_10,2023-12-11,Wheat,3493.4,2554.02
MANDI_10,2023-12-18,Wheat,1917.8,2402.32
MANDI_10,2023-12-25,Wheat,2101.7,2369.99
MANDI_11,2021-01-04,Wheat,3217.0,2354.99
MANDI_11,2021-01-11,Wheat,2278.3,2238.4
MANDI_11,2021-01-18,Wheat,2211.0,2333.32
MANDI_11,2021-01-25,Wheat,3841.2,2338.38
MANDI_11,2021-02-01,Wheat,1408.1,2143.66
MANDI_11,2021-02-08,Wheat,1053.7,2201.71
MANDI_11,2021-02-15,Wheat,1589.8,2222.62
MANDI_11,2021-02-22,Wheat,4194.2,2235.41
MANDI_11,2021-03-01,Wheat,4073.8,2263.93
MANDI_11,2021-03-08,Wheat,2828.5,2307.42
MANDI_11,2021-03-15,Wheat,1627.9,2321.16
MANDI_11,2021-03-22,Wheat,2060.0,2211.88
MANDI_11,2021-03-29,Wheat,1012.4,2348.17
MANDI_11,2021-04-05,Wheat,18309.5,1960.17
MANDI_11,2021-04-12,Wheat,18251.2,1929.68
MANDI_11,2021-04-19,Wheat,17761.7,2060.62
MANDI_11,2021-04-26,Wheat,22370.4,1980.31
MANDI_11,2021-05-03,Wheat,18124.3,1905.58
MANDI_11,2021-05-10,Wheat,19106.5,2033.29
MANDI_11,2021-05-17,Wheat,11551.7,1874.48
MANDI_11,2021-05-24,Wheat,10997.4,2049.18
MANDI_11,2021-05-31,Wheat,3876.5,2246.03
MANDI_11,2021-06-07,Wheat,913.7,2274.14
MANDI_11,2021-06-14,Wheat,1992.0,2187.61
MANDI_11,2021-06-21,Wheat,1137.3,2327.48
MANDI_11,2021-06-28,Wheat,3317.2,2268.09
MANDI_11,2021-07-05,Wheat,3700.5,2226.22
MANDI_11,2021-07-12,Wheat,3251.2,2190.67
MANDI_11,2021-07-19,Wheat,895.1,2145.82
MANDI_11,2021-07-26,Wheat,1884.3,2350.79
MANDI_11,2021-08-02,Wheat,3069.6,2250.71
MANDI_11,2021-08-09,Wheat,3212.1,2234.12
MANDI_11,2021-08-16,Wheat,1694.9,2270.63
MANDI_11,2021-08-23,Wheat,1862.1,2186.94
MANDI_11,2021-08-30,Wheat,3202.6,2274.7
MANDI_11,2021-09-06,Wheat,2846.9,2189.13
MANDI_11,2021-09-13,Wheat,1713.7,2215.2
MANDI_11,2021-09-20,Wheat,3964.4,2155.35
MANDI_11,2021-09-27,Wheat,2009.9,2282.73
MANDI_11,2021-10-04,Wheat,4108.0,2297.41
MANDI_11,2021-10-11,Wheat,2865.6,2299.7
MANDI_11,2021-10-18,Wheat,1557.7,2175.34
MANDI_11,2021-10-25,Wheat,2372.8,2256.59
MANDI_11,2021-11-01,Wheat,2267.1,2308.45
MANDI_11,2021-11-08,Wheat,3475.1,2300.25
MANDI_11,2021-11-15,Wheat,1626.2,2183.2
MANDI_11,2021-11-22,Wheat,3186.4,2236.16
MANDI_11,2021-11-29,Wheat,4146.1,2281.49
MANDI_11,2021-12-06,Wheat,3589.1,2206.53
MANDI_11,2021-12-13,Wheat,2747.0,2340.57
MANDI_11,2021-12-20,Wheat,1056.0,2257.6
MANDI_11,2021-12-27,Wheat,3542.4,2251.56
MANDI_11,2022-01-03,Wheat,2774.3,2247.77
MANDI_11,2022-01-10,Wheat,3727.7,2246.16
MANDI_11,2022-01-17,Wheat,2450.4,2224.1
MANDI_11,2022-01-24,Wheat,3635.5,2371.08
MANDI_11,2022-01-31,Wheat,2876.4,2285.24
MANDI_11,2022-02-07,Wheat,1244.6,2237.91
MANDI_11,2022-02-14,Wheat,2900.4,2387.01
MANDI_11,2022-02-21,Wheat,2045.2,2298.92
MANDI_11,2022-02-28,Wheat,2545.7,2260.63
MANDI_11,2022-03-07,Wheat,4040.6,2234.03
MANDI_11,2022-03-14,Wheat,1973.9,2248.28
MANDI_11,2022-03-21,Wheat,3937.5,2230.85
MANDI_11,2022-03-28,Wheat,1700.2,2271.4
MANDI_11,2022-04-04,Wheat,22315.0,2050.13
MANDI_11,2022-04-11,Wheat,21423.6,1911.84
MANDI_11,2022-04-18,Wheat,22875.1,1925.99
MANDI_11,2022-04-25,Wheat,14809.5,1997.69
MANDI_11,2022-05-02,Wheat,14776.2,2001.03
MANDI_11,2022-05-09,Wheat,15218.2,1845.8
MANDI_11,2022-05-16,Wheat,9679.2,1967.23
MANDI_11,2022-05-23,Wheat,23474.3,2059.98
MANDI_11,2022-05-30,Wheat,13398.4,2042.99
MANDI_11,2022-06-06,Wheat,2455.6,2176.21
MANDI_11,2022-06-13,Wheat,2414.0,2303.01
MANDI_11,2022-06-20,Wheat,986.7,2254.15
MANDI_11,2022-06-27,Wheat,2817.0,2300.21
MANDI_11,2022-07-04,Wheat,1525.8,2257.04
MANDI_11,2022-07-11,Wheat,3790.9,2272.89
MANDI_11,2022-07-18,Wheat,1780.0,2242.81
MANDI_11,2022-07-25,Wheat,2120.7,2190.94
MANDI_11,2022-08-01,Wheat,1477.7,2191.57
MANDI_11,2022-08-08,Wheat,2198.5,2407.29
MANDI_11,2022-08-15,Wheat,2329.8,2298.81
MANDI_11,2022-08-22,Wheat,1580.9,2220.38
MANDI_11,2022-08-29,Wheat,3612.4,2346.16
MANDI_11,2022-09-05,Wheat,2890.6,2211.31
MANDI_11,2022-09-12,Wheat,4108.4,2371.4
MANDI_11,2022-09-19,Wheat,3570.8,2260.46
MANDI_11,2022-09-26,Wheat,3659.8,2246.31
MANDI_11,2022-10-03,Wheat,3420.4,2302.81
MANDI_11,2022-10-10,Wheat,4145.7,2222.64
MANDI_11,2022-10-17,Wheat,3130.3,2276.11
MANDI_11,2022-10-24,Wheat,3111.9,2210.71
MANDI_11,2022-10-31,Wheat,1529.2,2237.96
MANDI_11,2022-11-07,Wheat,3923.6,2274.72
MANDI_11,2022-11-14,Wheat,2323.9,2311.22
MANDI_11,2022-11-21,Wheat,4092.8,2383.1
MANDI_11,2022-11-28,Wheat,948.0,2323.0
MANDI_11,2022-12-05,Wheat,1771.2,2277.94
MANDI_11,2022-12-12,Wheat,829.3,2321.42
MANDI_11,2022-12-19,Wheat,3278.6,2248.42
MANDI_11,2022-12-26,Wheat,1823.4,2254.65
MANDI_11,2023-01-02,Wheat,4023.2,2252.84
MANDI_11,2023-01-09,Wheat,1335.3,2179.61
MANDI_11,2023-01-16,Wheat,2767.0,2272.64
MANDI_11,2023-01-23,Wheat,815.6,2213.78
MANDI_11,2023-01-30,Wheat,3863.3,2287.58
MANDI_11,2023-02-06,Wheat,1974.4,2123.2
MANDI_11,2023-02-13,Wheat,4096.5,2240.0
MANDI_11,2023-02-20,Wheat,3931.4,2283.2
MANDI_11,2023-02-27,Wheat,3938.2,2266.33
MANDI_11,2023-03-06,Wheat,2457.8,2327.91
MANDI_11,2023-03-13,Wheat,4189.6,2329.77
MANDI_11,2023-03-20,Wheat,3728.5,2420.95
MANDI_11,2023-03-27,Wheat,2345.1,2235.88
MANDI_11,2023-04-03,Wheat,16641.5,1966.87
MANDI_11,2023-04-10,Wheat,10429.5,1929.45
MANDI_11,2023-04-17,Wheat,18772.1,2003.64
MANDI_11,2023-04-24,Wheat,19625.1,2050.18
MANDI_11,2023-05-01,Wheat,18114.6,1957.65
MANDI_11,2023-05-08,Wheat,19215.5,1918.31
MANDI_11,2023-05-15,Wheat,17467.9,1912.11
MANDI_11,2023-05-22,Wheat,17061.3,2015.81
MANDI_11,2023-05-29,Wheat,12317.5,1995.85
MANDI_11,2023-06-05,Wheat,1670.2,2187.81
MANDI_11,2023-06-12,Wheat,2038.8,2211.03
MANDI_11,2023-06-19,Wheat,2468.1,2266.44
MANDI_11,2023-06-26,Wheat,2692.3,2233.65
MANDI_11,2023-07-03,Wheat,3916.4,2268.48
MANDI_11,2023-07-10,Wheat,2780.3,2210.78
MANDI_11,2023-07-17,Wheat,2512.7,2286.86
MANDI_11,2023-07-24,Wheat,3795.6,2243.79
MANDI_11,2023-07-31,Wheat,2428.1,2300.0
MANDI_11,2023-08-07,Wheat,2823.1,2320.01
MANDI_11,2023-08-14,Wheat,3663.6,2279.84
MANDI_11,2023-08-21,Wheat,3989.0,2378.7
MANDI_11,2023-08-28,Wheat,2514.8,2238.54
MANDI_11,2023-09-04,Wheat,3845.4,2223.42
MANDI_11,2023-09-11,Wheat,4174.4,2219.63
MANDI_11,2023-09-18,Wheat,1492.8,2161.68
MANDI_11,2023-09-25,Wheat,2950.5,2151.37
MANDI_11,2023-10-02,Wheat,2960.5,2279.84
MANDI_11,2023-10-09,Wheat,2411.8,2270.92
MANDI_11,2023-10-16,Wheat,3929.9,2240.89
MANDI_11,2023-10-23,Wheat,1555.2,2290.35
MANDI_11,2023-10-30,Wheat,1148.9,2269.9
MANDI_11,2023-11-06,Wheat,3543.2,2150.55
MANDI_11,2023-11-13,Wheat,2205.3,2284.62
MANDI_11,2023-11-20,Wheat,2810.7,2206.8
MANDI_11,2023-11-27,Wheat,2057.7,2371.5
MANDI_11,2023-12-04,Wheat,3723.3,2219.25
MANDI_11,2023-12-11,Wheat,2824.7,2369.25
MANDI_11,2023-12-18,Wheat,2372.7,2309.17
MANDI_11,2023-12-25,Wheat,874.3,2264.25
MANDI_12,2021-01-04,Wheat,1910.5,2320.58
MANDI_12,2021-01-11,Wheat,1169.5,2295.92
MANDI_12,2021-01-18,Wheat,2680.1,2327.76
MANDI_12,2021-01-25,Wheat,1097.4,2266.61
MANDI_12,2021-02-01,Wheat,2855.7,2238.25
MANDI_12,2021-02-08,Wheat,4175.3,2219.17
MANDI_12,2021-02-15,Wheat,1410.7,2244.42
MANDI_12,2021-02-22,Wheat,3768.5,2252.92
MANDI_12,2021-03-01,Wheat,2945.1,2170.58
MANDI_12,2021-03-08,Wheat,4072.6,2128.77
MANDI_12,2021-03-15,Wheat,3155.2,2307.81
MANDI_12,2021-03-22,Wheat,1780.6,2347.63
MANDI_12,2021-03-29,Wheat,1048.5,2346.42
MANDI_12,2021-04-05,Wheat,21503.4,1921.28
MANDI_12,2021-04-12,Wheat,21523.5,1932.74
MANDI_12,2021-04-19,Wheat,15265.1,1995.94
MANDI_12,2021-04-26,Wheat,20504.3,1992.17
MANDI_12,2021-05-03,Wheat,22353.6,1969.04
MANDI_12,2021-05-10,Wheat,10591.7,1929.69
MANDI_12,2021-05-17,Wheat,19631.3,2010.16
MANDI_12,2021-05-24,Wheat,21816.9,2110.05
MANDI_12,2021-05-31,Wheat,2808.9,2206.4
MANDI_12,2021-06-07,Wheat,2322.5,2243.97
MANDI_12,2021-06-14,Wheat,2172.0,2201.98
MANDI_12,2021-06-21,Wheat,4105.1,2202.12
MANDI_12,2021-06-28,Wheat,1486.4,2260.64
MANDI_12,2021-07-05,Wheat,2847.0,2284.08
MANDI_12,2021-07-12,Wheat,4112.0,2232.66
MANDI_12,2021-07-19,Wheat,2426.8,2298.76
MANDI_12,2021-07-26,Wheat,3069.0,2216.69
MANDI_12,2021-08-02,Wheat,1669.5,2255.76
MANDI_12,2021-08-09,Wheat,3329.0,2304.45
MANDI_12,2021-08-16,Wheat,3789.5,2265.64
MANDI_12,2021-08-23,Wheat,2475.0,2203.48
MANDI_12,2021-08-30,Wheat,1472.0,2237.05
MANDI_12,2021-09-06,Wheat,2242.5,2275.52
MANDI_12,2021-09-13,Wheat,3369.5,2271.06
MANDI_12,2021-09-20,Wheat,3994.0,2222.81
MANDI_12,2021-09-27,Wheat,1604.0,2241.36
MANDI_12,2021-10-04,Wheat,2184.2,2235.89
MANDI_12,2021-10-11,Wheat,3278.1,2220.44
MANDI_12,2021-10-18,Wheat,1044.5,2262.22
MANDI_12,2021-10-25,Wheat,1586.3,2256.45
MANDI_12,2021-11-01,Wheat,1171.4,2243.05
MANDI_12,2021-11-08,Wheat,3715.8,2318.63
MANDI_12,2021-11-15,Wheat,2057.6,2342.96
MANDI_12,2021-11-22,Wheat,3414.6,2307.02
MANDI_12,2021-11-29,Wheat,3896.3,2318.43
MANDI_12,2021-12-06,Wheat,3087.4,2334.57
MANDI_12,2021-12-13,Wheat,1050.8,2286.58
MANDI_12,2021-12-20,Wheat,1176.0,2200.47
MANDI_12,2021-12-27,Wheat,2913.1,2287.6
MANDI_12,2022-01-03,Wheat,2754.9,2245.5
MANDI_12,2022-01-10,Wheat,1902.2,2328.45
MANDI_12,2022-01-17,Wheat,2845.4,2267.87
MANDI_12,2022-01-24,Wheat,3530.7,2240.1
MANDI_12,2022-01-31,Wheat,2710.2,2241.11
MANDI_12,2022-02-07,Wheat,2151.1,2255.35
MANDI_12,2022-02-14,Wheat,2626.6,2313.37
MANDI_12,2022-02-21,Wheat,2886.4,2260.95
MANDI_12,2022-02-28,Wheat,1784.1,2273.62
MANDI_12,2022-03-07,Wheat,3179.8,2300.23
MANDI_12,2022-03-14,Wheat,2360.3,2300.28
MANDI_12,2022-03-21,Wheat,898.8,2166.8
MANDI_12,2022-03-28,Wheat,3325.1,2312.48
MANDI_12,2022-04-04,Wheat,8895.6,1925.03
MANDI_12,2022-04-11,Wheat,10660.1,1952.02
MANDI_12,2022-04-18,Wheat,22456.6,1959.45
MANDI_12,2022-04-25,Wheat,13837.6,1919.15
MANDI_12,2022-05-02,Wheat,22472.7,1966.04
MANDI_12,2022-05-09,Wheat,12393.3,1984.46
MANDI_12,2022-05-16,Wheat,20470.3,1961.11
MANDI_12,2022-05-23,Wheat,17265.0,1938.25
MANDI_12,2022-05-30,Wheat,9780.4,2049.88
MANDI_12,2022-06-06,Wheat,873.6,2232.91
MANDI_12,2022-06-13,Wheat,816.6,2328.85
MANDI_12,2022-06-20,Wheat,813.3,2304.44
MANDI_12,2022-06-27,Wheat,3830.2,2311.09
MANDI_12,2022-07-04,Wheat,1217.2,2247.74
MANDI_12,2022-07-11,Wheat,2043.5,2321.09
MANDI_12,2022-07-18,Wheat,2666.1,2247.42
MANDI_12,2022-07-25,Wheat,2459.7,2274.21
MANDI_12,2022-08-01,Wheat,2927.7,2277.18
MANDI_12,2022-08-08,Wheat,1034.4,2287.02
MANDI_12,2022-08-15,Wheat,3026.3,2254.13
MANDI_12,2022-08-22,Wheat,3345.9,2226.8
MANDI_12,2022-08-29,Wheat,4160.2,2205.15
MANDI_12,2022-09-05,Wheat,1155.1,2288.37
MANDI_12,2022-09-12,Wheat,3639.0,2141.69
MANDI_12,2022-09-19,Wheat,2974.4,2221.24
MANDI_12,2022-09-26,Wheat,2089.9,2241.34
MANDI_12,2022-10-03,Wheat,3557.6,2330.72
MANDI_12,2022-10-10,Wheat,3989.7,2262.34
MANDI_12,2022-10-17,Wheat,3589.1,2221.77
MANDI_12,2022-10-24,Wheat,2143.4,2279.99
MANDI_12,2022-10-31,Wheat,2181.4,2240.24
MANDI_12,2022-11-07,Wheat,3068.8,2239.28
MANDI_12,2022-11-14,Wheat,1496.4,2208.77
MANDI_12,2022-11-21,Wheat,1219.5,2256.76
MANDI_12,2022-11-28,Wheat,2258.9,2201.56
MANDI_12,2022-12-05,Wheat,3137.7,2262.28
MANDI_12,2022-12-12,Wheat,3642.5,2256.86
MANDI_12,2022-12-19,Wheat,2310.3,2216.55
MANDI_12,2022-12-26,Wheat,2222.1,2240.22
MANDI_12,2023-01-02,Wheat,1643.0,2266.64
MANDI_12,2023-01-09,Wheat,2643.8,2242.41
MANDI_12,2023-01-16,Wheat,3470.9,2179.81
MANDI_12,2023-01-23,Wheat,4166.3,2319.57
MANDI_12,2023-01-30,Wheat,1976.5,2330.11
MANDI_12,2023-02-06,Wheat,2783.6,2282.26
MANDI_12,2023-02-13,Wheat,1450.5,2271.0
MANDI_12,2023-02-20,Wheat,3016.3,2225.87
MANDI_12,2023-02-27,Wheat,2377.1,2231.08
MANDI_12,2023-03-06,Wheat,4198.3,2375.99
MANDI_12,2023-03-13,Wheat,1621.6,2187.07
MANDI_12,2023-03-20,Wheat,937.7,2173.3
MANDI_12,2023-03-27,Wheat,3601.0,2364.62
MANDI_12,2023-04-03,Wheat,13235.3,1983.59
MANDI_12,2023-04-10,Wheat,8747.1,1969.13
MANDI_12,2023-04-17,Wheat,19899.9,1923.8
MANDI_12,2023-04-24,Wheat,11848.1,1874.95
MANDI_12,2023-05-01,Wheat,15018.0,1909.58
MANDI_12,2023-05-08,Wheat,22460.3,2055.17
MANDI_12,2023-05-15,Wheat,15671.7,1897.5
MANDI_12,2023-05-22,Wheat,19705.9,1922.59
MANDI_12,2023-05-29,Wheat,9777.5,1875.64
MANDI_12,2023-06-05,Wheat,1637.1,2314.87
MANDI_12,2023-06-12,Wheat,947.2,2235.74
MANDI_12,2023-06-19,Wheat,4105.8,2358.69
MANDI_12,2023-06-26,Wheat,3975.8,2338.97
MANDI_12,2023-07-03,Wheat,2828.7,2176.97
MANDI_12,2023-07-10,Wheat,1880.8,2319.92
MANDI_12,2023-07-17,Wheat,2798.0,2270.95
MANDI_12,2023-07-24,Wheat,3356.7,2321.96
MANDI_12,2023-07-31,Wheat,3184.4,2370.71
MANDI_12,2023-08-07,Wheat,3272.4,2265.69
MANDI_12,2023-08-14,Wheat,3593.0,2256.5
MANDI_12,2023-08-21,Wheat,3811.3,2206.5
MANDI_12,2023-08-28,Wheat,2683.3,2253.43
MANDI_12,2023-09-04,Wheat,2860.6,2246.94
MANDI_12,2023-09-11,Wheat,1552.1,2303.69
MANDI_12,2023-09-18,Wheat,3241.9,2306.63
MANDI_12,2023-09-25,Wheat,1248.2,2268.53
MANDI_12,2023-10-02,Wheat,2921.7,2259.19
MANDI_12,2023-10-09,Wheat,3935.8,2327.37
MANDI_12,2023-10-16,Wheat,3993.4,2291.22
MANDI_12,2023-10-23,Wheat,1881.1,2195.66
MANDI_12,2023-10-30,Wheat,2644.6,2377.71
MANDI_12,2023-11-06,Wheat,4137.0,2185.95
MANDI_12,2023-11-13,Wheat,2017.4,2227.53
MANDI_12,2023-11-20,Wheat,3032.4,2283.73
MANDI_12,2023-11-27,Wheat,2246.1,2243.27
MANDI_12,2023-12-04,Wheat,2202.2,2308.06
MANDI_12,2023-12-11,Wheat,4051.9,2348.69
MANDI_12,2023-12-18,Wheat,3313.6,2267.69
MANDI_12,2023-12-25,Wheat,3264.3,2293.52
MANDI_13,2021-01-04,Wheat,3275.3,2459.09
MANDI_13,2021-01-11,Wheat,3983.3,2408.09
MANDI_13,2021-01-18,Wheat,3222.2,2442.71
MANDI_13,2021-01-25,Wheat,4069.9,2388.69
MANDI_13,2021-02-01,Wheat,3086.7,2433.22
MANDI_13,2021-02-08,Wheat,3750.8,2588.73
MANDI_13,2021-02-15,Wheat,2611.5,2431.63
MANDI_13,2021-02-22,Wheat,1450.2,2494.98
MANDI_13,2021-03-01,Wheat,3926.7,2455.84
MANDI_13,2021-03-08,Wheat,3703.9,2474.43
MANDI_13,2021-03-15,Wheat,1139.7,2526.5
MANDI_13,2021-03-22,Wheat,1904.0,2476.67
MANDI_13,2021-03-29,Wheat,3158.9,2435.12
MANDI_13,2021-04-05,Wheat,14982.1,2223.23
MANDI_13,2021-04-12,Wheat,20050.9,2167.62
MANDI_13,2021-04-19,Wheat,19142.5,2220.02
MANDI_13,2021-04-26,Wheat,16288.4,2194.96
MANDI_13,2021-05-03,Wheat,14772.8,2199.34
MANDI_13,2021-05-10,Wheat,15872.8,2209.61
MANDI_13,2021-05-17,Wheat,19772.6,2113.71
MANDI_13,2021-05-24,Wheat,17136.2,2103.72
MANDI_13,2021-05-31,Wheat,2548.0,2492.58
MANDI_13,2021-06-07,Wheat,816.8,2504.5
MANDI_13,2021-06-14,Wheat,2813.2,2507.56
MANDI_13,2021-06-21,Wheat,3875.2,2477.66
MANDI_13,2021-06-28,Wheat,2902.7,2481.95
MANDI_13,2021-07-05,Wheat,1877.9,2510.9
MANDI_13,2021-07-12,Wheat,1754.4,2521.04
MANDI_13,2021-07-19,Wheat,2018.5,2450.59
MANDI_13,2021-07-26,Wheat,1670.0,2396.86
MANDI_13,2021-08-02,Wheat,1068.4,2454.11
MANDI_13,2021-08-09,Wheat,2082.9,2460.4
MANDI_13,2021-08-16,Wheat,3240.3,2555.6
MANDI_13,2021-08-23,Wheat,3712.8,2434.61
MANDI_13,2021-08-30,Wheat,2443.2,2465.94
MANDI_13,2021-09-06,Wheat,2654.0,2505.84
MANDI_13,2021-09-13,Wheat,2257.3,2458.74
MANDI_13,2021-09-20,Wheat,1968.9,2447.72
MANDI_13,2021-09-27,Wheat,4157.0,2507.15
MANDI_13,2021-10-04,Wheat,3525.6,2515.76
MANDI_13,2021-10-11,Wheat,1895.7,2487.74
MANDI_13,2021-10-18,Wheat,3583.1,2552.87
MANDI_13,2021-10-25,Wheat,2975.7,2377.06
MANDI_13,2021-11-01,Wheat,3165.5,2450.51
MANDI_13,2021-11-08,Wheat,3534.8,2575.3
MANDI_13,2021-11-15,Wheat,1456.0,2497.5
MANDI_13,2021-11-22,Wheat,2142.5,2467.95
MANDI_13,2021-11-29,Wheat,3524.9,2421.31
MANDI_13,2021-12-06,Wheat,3796.9,2471.28
MANDI_13,2021-12-13,Wheat,3712.4,2547.24
MANDI_13,2021-12-20,Wheat,2394.1,2424.79
MANDI_13,2021-12-27,Wheat,3071.0,2506.78
MANDI_13,2022-01-03,Wheat,1681.6,2592.2
MANDI_13,2022-01-10,Wheat,1978.6,2508.99
MANDI_13,2022-01-17,Wheat,4039.9,2455.95
MANDI_13,2022-01-24,Wheat,2664.4,2529.8
MANDI_13,2022-01-31,Wheat,2349.2,2417.64
MANDI_13,2022-02-07,Wheat,3904.6,2446.19
MANDI_13,2022-02-14,Wheat,2625.3,2502.22
MANDI_13,2022-02-21,Wheat,2634.8,2577.97
MANDI_13,2022-02-28,Wheat,2216.6,2435.68
MANDI_13,2022-03-07,Wheat,2209.9,2527.55
MANDI_13,2022-03-14,Wheat,2073.1,2511.7
MANDI_13,2022-03-21,Wheat,2025.5,2563.28
MANDI_13,2022-03-28,Wheat,843.5,2446.49
MANDI_13,2022-04-04,Wheat,22112.4,2245.46
MANDI_13,2022-04-11,Wheat,9966.5,2185.18
MANDI_13,2022-04-18,Wheat,20504.2,2078.34
MANDI_13,2022-04-25,Wheat,21442.8,2192.85
MANDI_13,2022-05-02,Wheat,20636.6,2238.2
MANDI_13,2022-05-09,Wheat,22617.4,2196.12
MANDI_13,2022-05-16,Wheat,9795.1,2078.73
MANDI_13,2022-05-23,Wheat,13895.8,2193.75
MANDI_13,2022-05-30,Wheat,9748.6,2057.99
MANDI_13,2022-06-06,Wheat,2227.8,2436.86
MANDI_13,2022-06-13,Wheat,2275.0,2582.13
MANDI_13,2022-06-20,Wheat,1336.7,2494.3
MANDI_13,2022-06-27,Wheat,977.5,2525.3
MANDI_13,2022-07-04,Wheat,3359.3,2419.49
MANDI_13,2022-07-11,Wheat,1043.1,2406.31
MANDI_13,2022-07-18,Wheat,2031.5,2463.65
MANDI_13,2022-07-25,Wheat,3176.2,2534.31
MANDI_13,2022-08-01,Wheat,2918.4,2502.82
MANDI_13,2022-08-08,Wheat,3346.0,2452.89
MANDI_13,2022-08-15,Wheat,3202.9,2425.58
MANDI_13,2022-08-22,Wheat,2297.5,2414.56
MANDI_13,2022-08-29,Wheat,1088.4,2431.7
MANDI_13,2022-09-05,Wheat,2731.9,2518.99
MANDI_13,2022-09-12,Wheat,2034.8,2428.81
MANDI_13,2022-09-19,Wheat,908.3,2462.53
MANDI_13,2022-09-26,Wheat,3437.2,2520.51
MANDI_13,2022-10-03,Wheat,3667.1,2429.16
MANDI_13,2022-10-10,Wheat,3336.4,2491.74
MANDI_13,2022-10-17,Wheat,2452.9,2412.88
MANDI_13,2022-10-24,Wheat,3556.2,2395.05
MANDI_13,2022-10-31,Wheat,2415.3,2511.31
MANDI_13,2022-11-07,Wheat,2765.8,2436.25
MANDI_13,2022-11-14,Wheat,3287.1,2478.64
MANDI_13,2022-11-21,Wheat,3637.8,2538.47
MANDI_13,2022-11-28,Wheat,3336.0,2532.59
MANDI_13,2022-12-05,Wheat,3771.1,2481.27
MANDI_13,2022-12-12,Wheat,2108.0,2498.26
MANDI_13,2022-12-19,Wheat,920.6,2447.44
MANDI_13,2022-12-26,Wheat,3447.7,2508.06
MANDI_13,2023-01-02,Wheat,3373.1,2543.43
MANDI_13,2023-01-09,Wheat,2547.2,2452.78
MANDI_13,2023-01-16,Wheat,1838.5,2469.2
MANDI_13,2023-01-23,Wheat,3402.5,2393.78
MANDI_13,2023-01-30,Wheat,1708.9,2525.53
MANDI_13,2023-02-06,Wheat,1668.0,2494.71
MANDI_13,2023-02-13,Wheat,4008.1,2572.01
MANDI_13,2023-02-20,Wheat,1505.7,2380.56
MANDI_13,2023-02-27,Wheat,3554.0,2401.19
MANDI_13,2023-03-06,Wheat,1553.1,2418.08
MANDI_13,2023-03-13,Wheat,2596.0,2485.66
MANDI_13,2023-03-20,Wheat,2093.1,2478.46
MANDI_13,2023-03-27,Wheat,2805.2,2535.02
MANDI_13,2023-04-03,Wheat,20740.7,2169.72
MANDI_13,2023-04-10,Wheat,21659.4,2118.62
MANDI_13,2023-04-17,Wheat,16376.5,2100.58
MANDI_13,2023-04-24,Wheat,9075.3,2153.17
MANDI_13,2023-05-01,Wheat,15609.2,2223.73
MANDI_13,2023-05-08,Wheat,10075.1,2177.93
MANDI_13,2023-05-15,Wheat,8752.3,2189.49
MANDI_13,2023-05-22,Wheat,16140.6,2219.46
MANDI_13,2023-05-29,Wheat,9415.0,2116.85
MANDI_13,2023-06-05,Wheat,1637.3,2438.95
MANDI_13,2023-06-12,Wheat,884.3,2547.69
MANDI_13,2023-06-19,Wheat,3879.3,2480.44
MANDI_13,2023-06-26,Wheat,4037.7,2467.93
MANDI_13,2023-07-03,Wheat,2681.3,2471.41
MANDI_13,2023-07-10,Wheat,2365.3,2424.04
MANDI_13,2023-07-17,Wheat,1202.4,2448.45
MANDI_13,2023-07-24,Wheat,1014.6,2461.12
MANDI_13,2023-07-31,Wheat,3931.1,2538.9
MANDI_13,2023-08-07,Wheat,3609.0,2423.68
MANDI_13,2023-08-14,Wheat,1995.4,2477.11
MANDI_13,2023-08-21,Wheat,802.3,2475.87
MANDI_13,2023-08-28,Wheat,1358.4,2483.73
MANDI_13,2023-09-04,Wheat,1372.0,2464.31
MANDI_13,2023-09-11,Wheat,2320.2,2374.98
MANDI_13,2023-09-18,Wheat,3574.9,2401.48
MANDI_13,2023-09-25,Wheat,2823.0,2450.06
MANDI_13,2023-10-02,Wheat,3028.7,2439.24
MANDI_13,2023-10-09,Wheat,2599.1,2540.78
MANDI_13,2023-10-16,Wheat,1225.9,2498.73
MANDI_13,2023-10-23,Wheat,3125.0,2462.85
MANDI_13,2023-10-30,Wheat,3106.1,2471.59
MANDI_13,2023-11-06,Wheat,1750.6,2489.76
MANDI_13,2023-11-13,Wheat,2342.2,2480.55
MANDI_13,2023-11-20,Wheat,2962.3,2432.34
MANDI_13,2023-11-27,Wheat,1176.7,2516.56
MANDI_13,2023-12-04,Wheat,1010.5,2476.97
MANDI_13,2023-12-11,Wheat,3106.8,2508.75
MANDI_13,2023-12-18,Wheat,3245.2,2447.53
MANDI_13,2023-12-25,Wheat,3621.3,2506.55
MANDI_14,2021-01-04,Wheat,2233.5,2092.8
MANDI_14,2021-01-11,Wheat,2602.7,2080.66
MANDI_14,2021-01-18,Wheat,3739.9,2130.32
MANDI_14,2021-01-25,Wheat,1515.2,2098.59
MANDI_14,2021-02-01,Wheat,3536.9,2067.92
MANDI_14,2021-02-08,Wheat,2656.8,2110.44
MANDI_14,2021-02-15,Wheat,1866.5,2079.14
MANDI_14,2021-02-22,Wheat,4118.5,2113.83
MANDI_14,2021-03-01,Wheat,2281.2,2130.95
MANDI_14,2021-03-08,Wheat,1318.3,2160.54
MANDI_14,2021-03-15,Wheat,3623.0,2140.38
MANDI_14,2021-03-22,Wheat,3832.0,2076.13
MANDI_14,2021-03-29,Wheat,3788.3,2127.19
MANDI_14,2021-04-05,Wheat,14908.5,1772.68
MANDI_14,2021-04-12,Wheat,12932.7,1834.33
MANDI_14,2021-04-19,Wheat,17047.9,1713.67
MANDI_14,2021-04-26,Wheat,14389.1,1820.08
MANDI_14,2021-05-03,Wheat,9166.6,1895.81
MANDI_14,2021-05-10,Wheat,19499.5,1779.29
MANDI_14,2021-05-17,Wheat,12592.3,1844.61
MANDI_14,2021-05-24,Wheat,14242.1,1779.19
MANDI_14,2021-05-31,Wheat,4190.2,2062.15
MANDI_14,2021-06-07,Wheat,1750.0,2016.37
MANDI_14,2021-06-14,Wheat,1228.0,1916.18
MANDI_14,2021-06-21,Wheat,1333.7,2056.67
MANDI_14,2021-06-28,Wheat,1452.1,2107.76
MANDI_14,2021-07-05,Wheat,1717.6,2023.24
MANDI_14,2021-07-12,Wheat,4038.8,2118.65
MANDI_14,2021-07-19,Wheat,1885.1,2018.94
MANDI_14,2021-07-26,Wheat,3389.7,2060.04
MANDI_14,2021-08-02,Wheat,2923.0,2192.14
MANDI_14,2021-08-09,Wheat,3757.9,2087.56
MANDI_14,2021-08-16,Wheat,3659.6,2038.47
MANDI_14,2021-08-23,Wheat,3817.4,2111.36
MANDI_14,2021-08-30,Wheat,1088.9,2165.17
MANDI_14,2021-09-06,Wheat,4125.4,2155.47
MANDI_14,2021-09-13,Wheat,1195.3,2178.47
MANDI_14,2021-09-20,Wheat,1554.9,2086.8
MANDI_14,2021-09-27,Wheat,1046.7,2090.18
MANDI_14,2021-10-04,Wheat,3580.1,2185.23
MANDI_14,2021-10-11,Wheat,2519.2,2046.48
MANDI_14,2021-10-18,Wheat,3853.6,2126.01
MANDI_14,2021-10-25,Wheat,2988.2,2151.86
MANDI_14,2021-11-01,Wheat,2613.7,2177.89
MANDI_14,2021-11-08,Wheat,1713.2,1999.84
MANDI_14,2021-11-15,Wheat,3871.0,2117.28
MANDI_14,2021-11-22,Wheat,3509.8,2080.29
MANDI_14,2021-11-29,Wheat,3029.3,2078.23
MANDI_14,2021-12-06,Wheat,3510.6,2077.27
MANDI_14,2021-12-13,Wheat,2493.1,2037.62
MANDI_14,2021-12-20,Wheat,3801.8,2094.43
MANDI_14,2021-12-27,Wheat,3797.3,2098.9
MANDI_14,2022-01-03,Wheat,3720.7,2148.56
MANDI_14,2022-01-10,Wheat,3629.4,2091.4
MANDI_14,2022-01-17,Wheat,2678.9,2170.93
MANDI_14,2022-01-24,Wheat,4159.9,2078.74
MANDI_14,2022-01-31,Wheat,3267.2,2076.73
MANDI_14,2022-02-07,Wheat,3663.3,2055.72
MANDI_14,2022-02-14,Wheat,2049.0,2172.41
MANDI_14,2022-02-21,Wheat,3880.8,2138.05
MANDI_14,2022-02-28,Wheat,2400.9,2092.15
MANDI_14,2022-03-07,Wheat,3804.5,2042.57
MANDI_14,2022-03-14,Wheat,4170.8,2155.79
MANDI_14,2022-03-21,Wheat,1808.2,2117.18
MANDI_14,2022-03-28,Wheat,881.2,2038.8
MANDI_14,2022-04-04,Wheat,9518.7,1766.38
MANDI_14,2022-04-11,Wheat,12941.3,1744.97
MANDI_14,2022-04-18,Wheat,14500.1,1836.51
MANDI_14,2022-04-25,Wheat,22712.3,1744.96
MANDI_14,2022-05-02,Wheat,21212.2,1862.51
MANDI_14,2022-05-09,Wheat,14350.6,1769.12
MANDI_14,2022-05-16,Wheat,16356.3,1653.67
MANDI_14,2022-05-23,Wheat,14093.0,1812.96
MANDI_14,2022-05-30,Wheat,15829.9,1799.93
MANDI_14,2022-06-06,Wheat,2709.2,2139.35
MANDI_14,2022-06-13,Wheat,3714.2,2139.11
MANDI_14,2022-06-20,Wheat,3848.6,2088.48
MANDI_14,2022-06-27,Wheat,2070.0,2164.61
MANDI_14,2022-07-04,Wheat,2549.6,2130.58
MANDI_14,2022-07-11,Wheat,2689.8,2075.52
MANDI_14,2022-07-18,Wheat,2071.7,2114.34
MANDI_14,2022-07-25,Wheat,2372.1,2165.37
MANDI_14,2022-08-01,Wheat,1256.1,2053.78
MANDI_14,2022-08-08,Wheat,1604.5,2069.1
MANDI_14,2022-08-15,Wheat,3335.7,2090.4
MANDI_14,2022-08-22,Wheat,3285.4,2139.75
MANDI_14,2022-08-29,Wheat,1339.0,2100.14
MANDI_14,2022-09-05,Wheat,1085.2,2064.79
MANDI_14,2022-09-12,Wheat,1559.6,2062.27
MANDI_14,2022-09-19,Wheat,3269.9,2038.44
MANDI_14,2022-09-26,Wheat,802.2,2081.74
MANDI_14,2022-10-03,Wheat,3380.6,2129.76
MANDI_14,2022-10-10,Wheat,1832.0,2076.05
MANDI_14,2022-10-17,Wheat,1973.4,2049.47
MANDI_14,2022-10-24,Wheat,2408.0,2070.87
MANDI_14,2022-10-31,Wheat,3469.4,2166.78
MANDI_14,2022-11-07,Wheat,1170.1,2103.59
MANDI_14,2022-11-14,Wheat,1773.9,2085.23
MANDI_14,2022-11-21,Wheat,1190.1,2057.04
MANDI_14,2022-11-28,Wheat,2974.0,2063.34
MANDI_14,2022-12-05,Wheat,2577.7,2166.28
MANDI_14,2022-12-12,Wheat,869.2,2043.64
MANDI_14,2022-12-19,Wheat,3181.1,2131.27
MANDI_14,2022-12-26,Wheat,3716.1,2160.3
MANDI_14,2023-01-02,Wheat,2519.9,2181.39
MANDI_14,2023-01-09,Wheat,3433.4,2077.82
MANDI_14,2023-01-16,Wheat,1529.1,2003.42
MANDI_14,2023-01-23,Wheat,2349.2,2140.08
MANDI_14,2023-01-30,Wheat,2206.7,2104.39
MANDI_14,2023-02-06,Wheat,1553.7,2042.82
MANDI_14,2023-02-13,Wheat,1982.9,2080.3
MANDI_14,2023-02-20,Wheat,2287.3,2088.5
MANDI_14,2023-02-27,Wheat,1974.2,2083.54
MANDI_14,2023-03-06,Wheat,3166.2,2100.86
MANDI_14,2023-03-13,Wheat,1270.2,2130.58
MANDI_14,2023-03-20,Wheat,3546.4,2071.69
MANDI_14,2023-03-27,Wheat,4039.4,2114.02
MANDI_14,2023-04-03,Wheat,13581.0,1762.91
MANDI_14,2023-04-10,Wheat,19773.6,1839.49
MANDI_14,2023-04-17,Wheat,17850.1,1777.29
MANDI_14,2023-04-24,Wheat,14846.5,1738.59
MANDI_14,2023-05-01,Wheat,13543.8,1773.92
MANDI_14,2023-05-08,Wheat,9686.9,1797.01
MANDI_14,2023-05-15,Wheat,14741.4,1865.54
MANDI_14,2023-05-22,Wheat,17397.8,1751.19
MANDI_14,2023-05-29,Wheat,21483.9,1839.9
MANDI_14,2023-06-05,Wheat,1465.4,2120.24
MANDI_14,2023-06-12,Wheat,1559.1,2102.56
MANDI_14,2023-06-19,Wheat,2962.8,2118.98
MANDI_14,2023-06-26,Wheat,2856.9,2063.85
MANDI_14,2023-07-03,Wheat,4037.3,2121.14
MANDI_14,2023-07-10,Wheat,3656.8,2157.13
MANDI_14,2023-07-17,Wheat,1790.8,2066.73
MANDI_14,2023-07-24,Wheat,3917.5,2177.14
MANDI_14,2023-07-31,Wheat,2769.9,2138.7
MANDI_14,2023-08-07,Wheat,3878.2,2153.66
MANDI_14,2023-08-14,Wheat,1162.1,2082.06
MANDI_14,2023-08-21,Wheat,2562.9,2092.68
MANDI_14,2023-08-28,Wheat,2278.7,2206.11
MANDI_14,2023-09-04,Wheat,3812.2,2192.46
MANDI_14,2023-09-11,Wheat,1942.0,2079.5
MANDI_14,2023-09-18,Wheat,3833.0,2138.28
MANDI_14,2023-09-25,Wheat,2304.7,2061.97
MANDI_14,2023-10-02,Wheat,889.0,2048.57
MANDI_14,2023-10-09,Wheat,1273.6,2058.45
MANDI_14,2023-10-16,Wheat,1564.5,2209.63
MANDI_14,2023-10-23,Wheat,2368.5,2080.83
MANDI_14,2023-10-30,Wheat,3595.3,2150.68
MANDI_14,2023-11-06,Wheat,3112.6,2031.95
MANDI_14,2023-11-13,Wheat,1032.3,2121.64
MANDI_14,2023-11-20,Wheat,3552.4,2040.59
MANDI_14,2023-11-27,Wheat,2995.4,2137.04
MANDI_14,2023-12-04,Wheat,2939.3,2213.23
MANDI_14,2023-12-11,Wheat,3934.2,2034.43
MANDI_14,2023-12-18,Wheat,2203.6,2073.72
MANDI_14,2023-12-25,Wheat,2358.9,2116.49
MANDI_15,2021-01-04,Wheat,3671.3,2318.88
MANDI_15,2021-01-11,Wheat,850.1,2242.11
MANDI_15,2021-01-18,Wheat,2738.5,2328.64
MANDI_15,2021-01-25,Wheat,3238.7,2362.5
MANDI_15,2021-02-01,Wheat,2427.3,2362.87
MANDI_15,2021-02-08,Wheat,2959.6,2236.79
MANDI_15,2021-02-15,Wheat,3989.0,2223.97
MANDI_15,2021-02-22,Wheat,4057.7,2281.2
MANDI_15,2021-03-01,Wheat,1428.8,2251.58
MANDI_15,2021-03-08,Wheat,1609.0,2262.48
MANDI_15,2021-03-15,Wheat,3455.4,2348.19
MANDI_15,2021-03-22,Wheat,865.5,2194.38
MANDI_15,2021-03-29,Wheat,2868.3,2288.57
MANDI_15,2021-04-05,Wheat,19196.3,1996.58
MANDI_15,2021-04-12,Wheat,20848.0,2095.34
MANDI_15,2021-04-19,Wheat,14592.8,2044.62
MANDI_15,2021-04-26,Wheat,10963.8,2040.48
MANDI_15,2021-05-03,Wheat,9406.7,2043.76
MANDI_15,2021-05-10,Wheat,10319.7,2011.31
MANDI_15,2021-05-17,Wheat,18505.7,2043.49
MANDI_15,2021-05-24,Wheat,21715.0,1962.42
MANDI_15,2021-05-31,Wheat,994.1,2252.19
MANDI_15,2021-06-07,Wheat,1537.2,2297.99
MANDI_15,2021-06-14,Wheat,2877.5,2373.54
MANDI_15,2021-06-21,Wheat,1577.3,2279.89
MANDI_15,2021-06-28,Wheat,1145.5,2376.57
MANDI_15,2021-07-05,Wheat,1462.4,2345.72
MANDI_15,2021-07-12,Wheat,3732.2,2309.15
MANDI_15,2021-07-19,Wheat,3407.7,2334.18
MANDI_15,2021-07-26,Wheat,2175.4,2358.98
MANDI_15,2021-08-02,Wheat,2034.0,2217.13
MANDI_15,2021-08-09,Wheat,3582.6,2231.27
MANDI_15,2021-08-16,Wheat,3978.8,2349.26
MANDI_15,2021-08-23,Wheat,940.7,2343.04
MANDI_15,2021-08-30,Wheat,3909.0,2283.87
MANDI_15,2021-09-06,Wheat,877.1,2372.27
MANDI_15,2021-09-13,Wheat,2369.3,2334.86
MANDI_15,2021-09-20,Wheat,2969.5,2312.88
MANDI_15,2021-09-27,Wheat,3421.3,2344.44
MANDI_15,2021-10-04,Wheat,2292.6,2262.62
MANDI_15,2021-10-11,Wheat,1882.9,2364.33
MANDI_15,2021-10-18,Wheat,1743.0,2368.89
MANDI_15,2021-10-25,Wheat,2154.4,2174.67
MANDI_15,2021-11-01,Wheat,3149.8,2426.22
MANDI_15,2021-11-08,Wheat,1208.5,2365.81
MANDI_15,2021-11-15,Wheat,3282.3,2246.34
MANDI_15,2021-11-22,Wheat,4079.1,2304.38
MANDI_15,2021-11-29,Wheat,3157.5,2364.78
MANDI_15,2021-12-06,Wheat,2783.7,2335.9
MANDI_15,2021-12-13,Wheat,3046.1,2298.26
MANDI_15,2021-12-20,Wheat,1827.8,2273.46
MANDI_15,2021-12-27,Wheat,2198.0,2359.82
MANDI_15,2022-01-03,Wheat,3565.0,2283.87
MANDI_15,2022-01-10,Wheat,1304.3,2235.39
MANDI_15,2022-01-17,Wheat,3305.0,2182.65
MANDI_15,2022-01-24,Wheat,861.9,2279.33
MANDI_15,2022-01-31,Wheat,3585.2,2321.94
MANDI_15,2022-02-07,Wheat,3285.5,2293.67
MANDI_15,2022-02-14,Wheat,995.4,2238.43
MANDI_15,2022-02-21,Wheat,3379.9,2316.9
MANDI_15,2022-02-28,Wheat,1614.9,2341.49
MANDI_15,2022-03-07,Wheat,3428.4,2247.23
MANDI_15,2022-03-14,Wheat,1327.2,2252.82
MANDI_15,2022-03-21,Wheat,2934.7,2281.97
MANDI_15,2022-03-28,Wheat,3170.1,2280.6
MANDI_15,2022-04-04,Wheat,18170.5,2006.87
MANDI_15,2022-04-11,Wheat,17926.9,1958.67
MANDI_15,2022-04-18,Wheat,23116.3,1979.71
MANDI_15,2022-04-25,Wheat,18587.9,1885.42
MANDI_15,2022-05-02,Wheat,12718.1,1920.4
MANDI_15,2022-05-09,Wheat,20652.6,1920.87
MANDI_15,2022-05-16,Wheat,13519.5,1971.47
MANDI_15,2022-05-23,Wheat,23781.4,2028.28
MANDI_15,2022-05-30,Wheat,10212.4,1971.74
MANDI_15,2022-06-06,Wheat,1634.7,2217.99
MANDI_15,2022-06-13,Wheat,2707.4,2270.7
MANDI_15,2022-06-20,Wheat,902.1,2302.26
MANDI_15,2022-06-27,Wheat,2748.2,2357.06
MANDI_15,2022-07-04,Wheat,2002.6,2305.05
MANDI_15,2022-07-11,Wheat,2201.9,2184.93
MANDI_15,2022-07-18,Wheat,2517.3,2335.42
MANDI_15,2022-07-25,Wheat,2859.8,2179.7
MANDI_15,2022-08-01,Wheat,880.1,2366.02
MANDI_15,2022-08-08,Wheat,3501.1,2328.49
MANDI_15,2022-08-15,Wheat,2476.8,2312.51
MANDI_15,2022-08-22,Wheat,2113.4,2316.25
MANDI_15,2022-08-29,Wheat,1672.4,2335.71
MANDI_15,2022-09-05,Wheat,2999.3,2235.68
MANDI_15,2022-09-12,Wheat,4111.1,2237.91
MANDI_15,2022-09-19,Wheat,1372.5,2280.91
MANDI_15,2022-09-26,Wheat,1068.9,2184.94
MANDI_15,2022-10-03,Wheat,4119.9,2309.32
MANDI_15,2022-10-10,Wheat,1619.2,2314.6
MANDI_15,2022-10-17,Wheat,2122.0,2202.29
MANDI_15,2022-10-24,Wheat,2561.4,2347.62
MANDI_15,2022-10-31,Wheat,1975.5,2294.6
MANDI_15,2022-11-07,Wheat,1181.2,2235.44
MANDI_15,2022-11-14,Wheat,3660.0,2252.49
MANDI_15,2022-11-21,Wheat,1279.5,2277.74
MANDI_15,2022-11-28,Wheat,3054.9,2364.62
MANDI_15,2022-12-05,Wheat,2029.4,2250.43
MANDI_15,2022-12-12,Wheat,2598.3,2263.32
MANDI_15,2022-12-19,Wheat,1378.8,2359.68
MANDI_15,2022-12-26,Wheat,3660.4,2339.07
MANDI_15,2023-01-02,Wheat,2418.0,2278.53
MANDI_15,2023-01-09,Wheat,924.2,2278.61
MANDI_15,2023-01-16,Wheat,2856.6,2244.8
MANDI_15,2023-01-23,Wheat,2709.4,2252.43
MANDI_15,2023-01-30,Wheat,3010.4,2326.79
MANDI_15,2023-02-06,Wheat,3317.6,2336.08
MANDI_15,2023-02-13,Wheat,1402.3,2305.8
MANDI_15,2023-02-20,Wheat,3486.7,2361.34
MANDI_15,2023-02-27,Wheat,3217.9,2293.31
MANDI_15,2023-03-06,Wheat,1561.4,2349.47
MANDI_15,2023-03-13,Wheat,2196.8,2294.05
MANDI_15,2023-03-20,Wheat,2368.8,2369.88
MANDI_15,2023-03-27,Wheat,3163.6,2346.28
MANDI_15,2023-04-03,Wheat,18955.7,1988.87
MANDI_15,2023-04-10,Wheat,23456.8,2054.42
MANDI_15,2023-04-17,Wheat,18434.6,2048.39
MANDI_15,2023-04-24,Wheat,10953.2,1849.23
MANDI_15,2023-05-01,Wheat,20481.7,1952.55
MANDI_15,2023-05-08,Wheat,17556.8,1986.16
MANDI_15,2023-05-15,Wheat,14192.9,1911.28
MANDI_15,2023-05-22,Wheat,15163.8,2000.73
MANDI_15,2023-05-29,Wheat,22064.2,1965.24
MANDI_15,2023-06-05,Wheat,2122.4,2292.58
MANDI_15,2023-06-12,Wheat,2540.4,2207.56
MANDI_15,2023-06-19,Wheat,1379.9,2322.79
MANDI_15,2023-06-26,Wheat,1829.1,2260.49
MANDI_15,2023-07-03,Wheat,2765.5,2367.77
MANDI_15,2023-07-10,Wheat,3688.1,2264.77
MANDI_15,2023-07-17,Wheat,2963.4,2395.8
MANDI_15,2023-07-24,Wheat,3519.6,2299.36
MANDI_15,2023-07-31,Wheat,1174.4,2264.52
MANDI_15,2023-08-07,Wheat,1570.4,2286.09
MANDI_15,2023-08-14,Wheat,1167.2,2331.23
MANDI_15,2023-08-21,Wheat,2199.8,2346.94
MANDI_15,2023-08-28,Wheat,1960.0,2233.6
MANDI_15,2023-09-04,Wheat,1704.0,2365.23
MANDI_15,2023-09-11,Wheat,3113.8,2248.71
MANDI_15,2023-09-18,Wheat,852.4,2282.46
MANDI_15,2023-09-25,Wheat,1122.5,2259.94
MANDI_15,2023-10-02,Wheat,3651.3,2249.63
MANDI_15,2023-10-09,Wheat,804.0,2306.17
MANDI_15,2023-10-16,Wheat,1453.9,2279.97
MANDI_15,2023-10-23,Wheat,2448.2,2219.78
MANDI_15,2023-10-30,Wheat,931.0,2389.81
MANDI_15,2023-11-06,Wheat,2509.6,2319.13
MANDI_15,2023-11-13,Wheat,3506.3,2330.15
MANDI_15,2023-11-20,Wheat,2419.5,2390.47
MANDI_15,2023-11-27,Wheat,3498.1,2253.56
MANDI_15,2023-12-04,Wheat,3300.6,2355.36
MANDI_15,2023-12-11,Wheat,3438.4,2345.35
MANDI_15,2023-12-18,Wheat,3278.0,2349.35
MANDI_15,2023-12-25,Wheat,3962.9,2269.78
MANDI_16,2021-01-04,Wheat,2945.7,2606.64
MANDI_16,2021-01-11,Wheat,2241.7,2489.31
MANDI_16,2021-01-18,Wheat,3150.9,2556.71
MANDI_16,2021-01-25,Wheat,898.2,2547.82
MANDI_16,2021-02-01,Wheat,2222.6,2505.04
MANDI_16,2021-02-08,Wheat,3328.9,2507.1
MANDI_16,2021-02-15,Wheat,2472.0,2422.07
MANDI_16,2021-02-22,Wheat,2742.4,2476.67
MANDI_16,2021-03-01,Wheat,2836.4,2496.81
MANDI_16,2021-03-08,Wheat,951.5,2543.46
MANDI_16,2021-03-15,Wheat,2447.2,2474.6
MANDI_16,2021-03-22,Wheat,1020.4,2419.48
MANDI_16,2021-03-29,Wheat,1374.1,2515.86
MANDI_16,2021-04-05,Wheat,11282.4,2204.15
MANDI_16,2021-04-12,Wheat,10965.3,2246.11
MANDI_16,2021-04-19,Wheat,9882.9,2198.41
MANDI_16,2021-04-26,Wheat,23488.6,2176.98
MANDI_16,2021-05-03,Wheat,10246.1,2223.41
MANDI_16,2021-05-10,Wheat,11844.0,2179.25
MANDI_16,2021-05-17,Wheat,17161.9,2123.77
MANDI_16,2021-05-24,Wheat,19791.9,2211.72
MANDI_16,2021-05-31,Wheat,2382.9,2408.36
MANDI_16,2021-06-07,Wheat,1903.4,2516.11
MANDI_16,2021-06-14,Wheat,1973.9,2419.33
MANDI_16,2021-06-21,Wheat,2936.6,2496.95
MANDI_16,2021-06-28,Wheat,3451.7,2418.43
MANDI_16,2021-07-05,Wheat,1897.8,2568.72
MANDI_16,2021-07-12,Wheat,2436.4,2593.37
MANDI_16,2021-07-19,Wheat,4133.7,2578.24
MANDI_16,2021-07-26,Wheat,1793.0,2511.16
MANDI_16,2021-08-02,Wheat,3221.1,2387.27
MANDI_16,2021-08-09,Wheat,1267.2,2480.2
MANDI_16,2021-08-16,Wheat,2328.4,2491.46
MANDI_16,2021-08-23,Wheat,2805.6,2363.79
MANDI_16,2021-08-30,Wheat,3353.4,2397.69
MANDI_16,2021-09-06,Wheat,3658.7,2492.4
MANDI_16,2021-09-13,Wheat,1776.1,2492.85
MANDI_16,2021-09-20,Wheat,1183.7,2522.59
MANDI_16,2021-09-27,Wheat,3966.3,2522.87
MANDI_16,2021-10-04,Wheat,1185.0,2540.64
MANDI_16,2021-10-11,Wheat,3368.9,2475.42
MANDI_16,2021-10-18,Wheat,2568.6,2522.03
MANDI_16,2021-10-25,Wheat,2646.8,2410.74
MANDI_16,2021-11-01,Wheat,3472.3,2445.95
MANDI_16,2021-11-08,Wheat,3879.2,2658.14
MANDI_16,2021-11-15,Wheat,1610.6,2514.67
MANDI_16,2021-11-22,Wheat,2510.9,2551.26
MANDI_16,2021-11-29,Wheat,2755.7,2496.84
MANDI_16,2021-12-06,Wheat,2831.3,2576.83
MANDI_16,2021-12-13,Wheat,2831.8,2404.69
MANDI_16,2021-12-20,Wheat,4148.0,2499.57
MANDI_16,2021-12-27,Wheat,3411.1,2390.38
MANDI_16,2022-01-03,Wheat,3895.5,2576.86
MANDI_16,2022-01-10,Wheat,3612.9,2457.78
MANDI_16,2022-01-17,Wheat,1197.9,2412.05
MANDI_16,2022-01-24,Wheat,804.7,2478.54
MANDI_16,2022-01-31,Wheat,3197.8,2444.39
MANDI_16,2022-02-07,Wheat,2993.7,2547.63
MANDI_16,2022-02-14,Wheat,1289.4,2613.34
MANDI_16,2022-02-21,Wheat,2685.4,2498.07
MANDI_16,2022-02-28,Wheat,3149.2,2554.84
MANDI_16,2022-03-07,Wheat,2775.9,2421.27
MANDI_16,2022-03-14,Wheat,2156.7,2628.54
MANDI_16,2022-03-21,Wheat,3306.1,2451.57
MANDI_16,2022-03-28,Wheat,1967.8,2491.56
MANDI_16,2022-04-04,Wheat,9249.3,2301.87
MANDI_16,2022-04-11,Wheat,20018.1,2265.73
MANDI_16,2022-04-18,Wheat,13069.5,2136.67
MANDI_16,2022-04-25,Wheat,9738.5,2209.86
MANDI_16,2022-05-02,Wheat,19152.7,2141.84
MANDI_16,2022-05-09,Wheat,17857.7,2229.77
MANDI_16,2022-05-16,Wheat,23370.9,2168.97
MANDI_16,2022-05-23,Wheat,10722.3,2086.32
MANDI_16,2022-05-30,Wheat,10024.3,2125.0
MANDI_16,2022-06-06,Wheat,3018.8,2512.33
MANDI_16,2022-06-13,Wheat,2106.8,2393.81
MANDI_16,2022-06-20,Wheat,1995.3,2505.21
MANDI_16,2022-06-27,Wheat,3766.8,2523.8
MANDI_16,2022-07-04,Wheat,1634.5,2554.14
MANDI_16,2022-07-11,Wheat,3005.5,2508.85
MANDI_16,2022-07-18,Wheat,1328.3,2517.69
MANDI_16,2022-07-25,Wheat,3977.7,2480.75
MANDI_16,2022-08-01,Wheat,1028.4,2365.89
MANDI_16,2022-08-08,Wheat,3998.1,2542.15
MANDI_16,2022-08-15,Wheat,3782.3,2503.48
MANDI_16,2022-08-22,Wheat,3826.4,2481.95
MANDI_16,2022-08-29,Wheat,1153.5,2466.36
MANDI_16,2022-09-05,Wheat,4088.8,2508.04
MANDI_16,2022-09-12,Wheat,2164.6,2580.34
MANDI_16,2022-09-19,Wheat,2417.4,2428.13
MANDI_16,2022-09-26,Wheat,1631.4,2520.93
MANDI_16,2022-10-03,Wheat,2880.4,2551.59
MANDI_16,2022-10-10,Wheat,2236.2,2514.37
MANDI_16,2022-10-17,Wheat,4027.6,2576.18
MANDI_16,2022-10-24,Wheat,2485.7,2455.96
MANDI_16,2022-10-31,Wheat,3183.7,2499.71
MANDI_16,2022-11-07,Wheat,1584.3,2517.95
MANDI_16,2022-11-14,Wheat,2562.5,2454.66
MANDI_16,2022-11-21,Wheat,3292.7,2599.56
MANDI_16,2022-11-28,Wheat,1684.6,2517.99
MANDI_16,2022-12-05,Wheat,2452.6,2619.15
MANDI_16,2022-12-12,Wheat,1628.3,2539.24
MANDI_16,2022-12-19,Wheat,921.9,2519.65
MANDI_16,2022-12-26,Wheat,2175.4,2503.35
MANDI_16,2023-01-02,Wheat,2553.2,2429.27
MANDI_16,2023-01-09,Wheat,1682.6,2473.19
MANDI_16,2023-01-16,Wheat,3858.1,2485.29
MANDI_16,2023-01-23,Wheat,3085.4,2540.86
MANDI_16,2023-01-30,Wheat,844.5,2528.15
MANDI_16,2023-02-06,Wheat,2582.5,2462.93
MANDI_16,2023-02-13,Wheat,3307.6,2463.32
MANDI_16,2023-02-20,Wheat,2635.6,2556.87
MANDI_16,2023-02-27,Wheat,1678.7,2486.69
MANDI_16,2023-03-06,Wheat,3168.7,2575.43
MANDI_16,2023-03-13,Wheat,2699.3,2368.89
MANDI_16,2023-03-20,Wheat,2053.5,2495.88
MANDI_16,2023-03-27,Wheat,4049.4,2514.92
MANDI_16,2023-04-03,Wheat,18531.4,2204.31
MANDI_16,2023-04-10,Wheat,8556.4,2182.67
MANDI_16,2023-04-17,Wheat,15100.9,2148.34
MANDI_16,2023-04-24,Wheat,22055.4,2254.78
MANDI_16,2023-05-01,Wheat,8662.1,2171.1
MANDI_16,2023-05-08,Wheat,12560.8,2201.67
MANDI_16,2023-05-15,Wheat,9469.9,2167.9
MANDI_16,2023-05-22,Wheat,23547.7,2196.59
MANDI_16,2023-05-29,Wheat,10407.5,2132.63
MANDI_16,2023-06-05,Wheat,3021.7,2545.65
MANDI_16,2023-06-12,Wheat,4166.8,2481.59
MANDI_16,2023-06-19,Wheat,2075.7,2447.6
MANDI_16,2023-06-26,Wheat,903.2,2424.63
MANDI_16,2023-07-03,Wheat,1871.6,2479.28
MANDI_16,2023-07-10,Wheat,2342.3,2485.07
MANDI_16,2023-07-17,Wheat,1500.5,2451.43
MANDI_16,2023-07-24,Wheat,3653.6,2490.31
MANDI_16,2023-07-31,Wheat,2860.8,2456.83
MANDI_16,2023-08-07,Wheat,928.1,2453.68
MANDI_16,2023-08-14,Wheat,3014.9,2471.31
MANDI_16,2023-08-21,Wheat,870.5,2516.22
MANDI_16,2023-08-28,Wheat,3740.3,2481.71
MANDI_16,2023-09-04,Wheat,4040.1,2481.41
MANDI_16,2023-09-11,Wheat,989.3,2402.09
MANDI_16,2023-09-18,Wheat,3800.2,2452.14
MANDI_16,2023-09-25,Wheat,2101.3,2468.48
MANDI_16,2023-10-02,Wheat,1208.9,2428.35
MANDI_16,2023-10-09,Wheat,1174.4,2495.46
MANDI_16,2023-10-16,Wheat,1149.9,2484.2
MANDI_16,2023-10-23,Wheat,2907.6,2571.1
MANDI_16,2023-10-30,Wheat,3221.1,2479.35
MANDI_16,2023-11-06,Wheat,2410.3,2574.58
MANDI_16,2023-11-13,Wheat,2515.4,2458.88
MANDI_16,2023-11-20,Wheat,2316.6,2508.0
MANDI_16,2023-11-27,Wheat,1642.2,2517.78
MANDI_16,2023-12-04,Wheat,847.0,2474.69
MANDI_16,2023-12-11,Wheat,3801.8,2524.79
MANDI_16,2023-12-18,Wheat,3557.8,2462.67
MANDI_16,2023-12-25,Wheat,4040.6,2494.74
MANDI_17,2021-01-04,Wheat,1014.8,2203.18
MANDI_17,2021-01-11,Wheat,2201.6,2050.95
MANDI_17,2021-01-18,Wheat,1707.7,2096.17
MANDI_17,2021-01-25,Wheat,1634.3,2111.14
MANDI_17,2021-02-01,Wheat,2091.6,2067.52
MANDI_17,2021-02-08,Wheat,1405.9,2104.15
MANDI_17,2021-02-15,Wheat,2590.6,2026.81
MANDI_17,2021-02-22,Wheat,1144.5,2104.26
MANDI_17,2021-03-01,Wheat,3631.9,2046.57
MANDI_17,2021-03-08,Wheat,2286.2,2136.32
MANDI_17,2021-03-15,Wheat,3822.6,2091.47
MANDI_17,2021-03-22,Wheat,2211.7,2124.73
MANDI_17,2021-03-29,Wheat,3593.8,2074.61
MANDI_17,2021-04-05,Wheat,18249.1,1732.52
MANDI_17,2021-04-12,Wheat,22132.2,1890.45
MANDI_17,2021-04-19,Wheat,17340.3,1742.03
MANDI_17,2021-04-26,Wheat,16472.7,1797.54
MANDI_17,2021-05-03,Wheat,9129.2,1754.63
MANDI_17,2021-05-10,Wheat,11428.4,1732.57
MANDI_17,2021-05-17,Wheat,9948.8,1732.56
MANDI_17,2021-05-24,Wheat,17201.1,1830.92
MANDI_17,2021-05-31,Wheat,3614.4,2080.56
MANDI_17,2021-06-07,Wheat,3963.8,2088.79
MANDI_17,2021-06-14,Wheat,3134.2,2081.12
MANDI_17,2021-06-21,Wheat,3116.7,2045.26
MANDI_17,2021-06-28,Wheat,1531.3,2187.21
MANDI_17,2021-07-05,Wheat,1142.3,2009.62
MANDI_17,2021-07-12,Wheat,3799.0,2031.78
MANDI_17,2021-07-19,Wheat,3726.6,2172.17
MANDI_17,2021-07-26,Wheat,3137.9,1944.48
MANDI_17,2021-08-02,Wheat,3623.0,1996.63
MANDI_17,2021-08-09,Wheat,1931.0,2128.24
MANDI_17,2021-08-16,Wheat,3861.5,2146.86
MANDI_17,2021-08-23,Wheat,2930.9,2055.39
MANDI_17,2021-08-30,Wheat,3377.0,2108.77
MANDI_17,2021-09-06,Wheat,1220.4,2086.34
MANDI_17,2021-09-13,Wheat,2331.3,2080.1
MANDI_17,2021-09-20,Wheat,3021.9,2098.88
MANDI_17,2021-09-27,Wheat,2598.4,2159.0
MANDI_17,2021-10-04,Wheat,2650.1,2033.68
MANDI_17,2021-10-11,Wheat,3469.0,2183.87
MANDI_17,2021-10-18,Wheat,3982.3,2075.2
MANDI_17,2021-10-25,Wheat,2278.5,2095.49
MANDI_17,2021-11-01,Wheat,3577.9,2027.12
MANDI_17,2021-11-08,Wheat,3603.5,2102.91
MANDI_17,2021-11-15,Wheat,3326.7,2023.98
MANDI_17,2021-11-22,Wheat,1886.4,2072.54
MANDI_17,2021-11-29,Wheat,948.0,1993.9
MANDI_17,2021-12-06,Wheat,3980.3,2120.78
MANDI_17,2021-12-13,Wheat,3025.8,2057.23
MANDI_17,2021-12-20,Wheat,3975.2,2033.74
MANDI_17,2021-12-27,Wheat,1171.4,2050.67
MANDI_17,2022-01-03,Wheat,3933.9,2016.68
MANDI_17,2022-01-10,Wheat,2373.2,2078.41
MANDI_17,2022-01-17,Wheat,2576.5,2073.15
MANDI_17,2022-01-24,Wheat,1678.7,2059.08
MANDI_17,2022-01-31,Wheat,1185.2,2120.17
MANDI_17,2022-02-07,Wheat,2961.8,2009.89
MANDI_17,2022-02-14,Wheat,3932.7,2017.53
MANDI_17,2022-02-21,Wheat,836.2,2114.51
MANDI_17,2022-02-28,Wheat,3510.4,2115.29
MANDI_17,2022-03-07,Wheat,1563.3,2054.15
MANDI_17,2022-03-14,Wheat,1185.3,2126.06
MANDI_17,2022-03-21,Wheat,2134.2,2070.32
MANDI_17,2022-03-28,Wheat,1750.8,2075.17
MANDI_17,2022-04-04,Wheat,19963.4,1812.08
MANDI_17,2022-04-11,Wheat,20779.3,1696.51
MANDI_17,2022-04-18,Wheat,9543.7,1824.16
MANDI_17,2022-04-25,Wheat,12989.8,1679.58
MANDI_17,2022-05-02,Wheat,13692.3,1733.99
MANDI_17,2022-05-09,Wheat,18537.7,1725.03
MANDI_17,2022-05-16,Wheat,23082.0,1786.63
MANDI_17,2022-05-23,Wheat,20976.8,1752.59
MANDI_17,2022-05-30,Wheat,12430.2,1691.08
MANDI_17,2022-06-06,Wheat,2871.5,1960.16
MANDI_17,2022-06-13,Wheat,2878.4,2094.04
MANDI_17,2022-06-20,Wheat,2881.0,2104.84
MANDI_17,2022-06-27,Wheat,3829.3,1998.82
MANDI_17,2022-07-04,Wheat,1799.2,2095.37
MANDI_17,2022-07-11,Wheat,1076.6,2124.65
MANDI_17,2022-07-18,Wheat,2472.0,2172.2
MANDI_17,2022-07-25,Wheat,971.5,1988.9
MANDI_17,2022-08-01,Wheat,4157.3,1974.82
MANDI_17,2022-08-08,Wheat,1830.6,2141.82
MANDI_17,2022-08-15,Wheat,1917.1,2060.86
MANDI_17,2022-08-22,Wheat,4144.1,2079.31
MANDI_17,2022-08-29,Wheat,1748.7,2121.65
MANDI_17,2022-09-05,Wheat,2962.3,2084.14
MANDI_17,2022-09-12,Wheat,3502.3,2128.44
MANDI_17,2022-09-19,Wheat,2345.0,2029.8
MANDI_17,2022-09-26,Wheat,1363.8,2175.26
MANDI_17,2022-10-03,Wheat,2210.7,2009.55
MANDI_17,2022-10-10,Wheat,808.4,2037.39
MANDI_17,2022-10-17,Wheat,3828.3,2039.25
MANDI_17,2022-10-24,Wheat,3299.4,2075.79
MANDI_17,2022-10-31,Wheat,3193.0,2056.66
MANDI_17,2022-11-07,Wheat,888.5,2034.74
MANDI_17,2022-11-14,Wheat,3275.2,2126.86
MANDI_17,2022-11-21,Wheat,1417.1,2078.77
MANDI_17,2022-11-28,Wheat,3926.6,2010.35
MANDI_17,2022-12-05,Wheat,1558.4,2028.47
MANDI_17,2022-12-12,Wheat,1073.6,2082.9
MANDI_17,2022-12-19,Wheat,1427.0,2010.88
MANDI_17,2022-12-26,Wheat,1387.8,2085.53
MANDI_17,2023-01-02,Wheat,1556.3,2124.01
MANDI_17,2023-01-09,Wheat,4091.6,2127.79
MANDI_17,2023-01-16,Wheat,4156.5,2082.57
MANDI_17,2023-01-23,Wheat,3501.9,2110.13
MANDI_17,2023-01-30,Wheat,2150.6,2032.2
MANDI_17,2023-02-06,Wheat,3851.2,2086.58
MANDI_17,2023-02-13,Wheat,1617.3,2116.81
MANDI_17,2023-02-20,Wheat,2511.5,2058.51
MANDI_17,2023-02-27,Wheat,3565.0,2012.9
MANDI_17,2023-03-06,Wheat,2244.7,2123.29
MANDI_17,2023-03-13,Wheat,1240.6,2122.15
MANDI_17,2023-03-20,Wheat,1840.6,2100.71
MANDI_17,2023-03-27,Wheat,3895.7,2046.93
MANDI_17,2023-04-03,Wheat,21525.4,1691.18
MANDI_17,2023-04-10,Wheat,19139.5,1684.01
MANDI_17,2023-04-17,Wheat,11028.9,1770.46
MANDI_17,2023-04-24,Wheat,12911.9,1778.0
MANDI_17,2023-05-01,Wheat,20431.9,1709.65
MANDI_17,2023-05-08,Wheat,19248.6,1649.21
MANDI_17,2023-05-15,Wheat,20436.8,1747.02
MANDI_17,2023-05-22,Wheat,23202.6,1734.81
MANDI_17,2023-05-29,Wheat,14321.1,1778.28
MANDI_17,2023-06-05,Wheat,3088.3,2106.53
MANDI_17,2023-06-12,Wheat,3001.8,2096.73
MANDI_17,2023-06-19,Wheat,909.3,2180.62
MANDI_17,2023-06-26,Wheat,2168.4,2201.44
MANDI_17,2023-07-03,Wheat,2363.6,2003.15
MANDI_17,2023-07-10,Wheat,3964.6,2051.79
MANDI_17,2023-07-17,Wheat,4197.0,2123.62
MANDI_17,2023-07-24,Wheat,2237.5,2074.72
MANDI_17,2023-07-31,Wheat,2036.0,2069.71
MANDI_17,2023-08-07,Wheat,2409.1,2006.43
MANDI_17,2023-08-14,Wheat,1749.9,2030.83
MANDI_17,2023-08-21,Wheat,1167.5,2139.35
MANDI_17,2023-08-28,Wheat,2606.9,2097.04
MANDI_17,2023-09-04,Wheat,3121.0,2094.35
MANDI_17,2023-09-11,Wheat,1459.4,2090.05
MANDI_17,2023-09-18,Wheat,826.3,2093.64
MANDI_17,2023-09-25,Wheat,3094.4,1983.63
MANDI_17,2023-10-02,Wheat,1290.6,2126.5
MANDI_17,2023-10-09,Wheat,4092.2,2122.65
MANDI_17,2023-10-16,Wheat,2652.6,2067.55
MANDI_17,2023-10-23,Wheat,2237.9,2088.81
MANDI_17,2023-10-30,Wheat,1503.9,2091.88
MANDI_17,2023-11-06,Wheat,3771.8,2186.8
MANDI_17,2023-11-13,Wheat,1781.0,2040.37
MANDI_17,2023-11-20,Wheat,3806.9,2094.37
MANDI_17,2023-11-27,Wheat,2776.3,2128.03
MANDI_17,2023-12-04,Wheat,1809.4,2138.25
MANDI_17,2023-12-11,Wheat,3632.1,2137.94
MANDI_17,2023-12-18,Wheat,3546.3,2067.75
MANDI_17,2023-12-25,Wheat,1285.7,2066.45
MANDI_18,2021-01-04,Wheat,1666.3,2044.77
MANDI_18,2021-01-11,Wheat,1305.0,2004.0
MANDI_18,2021-01-18,Wheat,2855.9,2062.39
MANDI_18,2021-01-25,Wheat,1855.9,2141.85
MANDI_18,2021-02-01,Wheat,2321.3,2080.25
MANDI_18,2021-02-08,Wheat,3671.4,2022.35
MANDI_18,2021-02-15,Wheat,1440.7,2066.09
MANDI_18,2021-02-22,Wheat,812.4,2046.7
MANDI_18,2021-03-01,Wheat,866.2,2098.64
MANDI_18,2021-03-08,Wheat,1612.5,2177.59
MANDI_18,2021-03-15,Wheat,1094.8,2191.2
MANDI_18,2021-03-22,Wheat,1330.0,2130.63
MANDI_18,2021-03-29,Wheat,3541.9,2055.28
MANDI_18,2021-04-05,Wheat,22701.0,1840.11
MANDI_18,2021-04-12,Wheat,19675.0,1771.08
MANDI_18,2021-04-19,Wheat,11211.6,1804.86
MANDI_18,2021-04-26,Wheat,22353.0,1863.26
MANDI_18,2021-05-03,Wheat,19170.8,1757.86
MANDI_18,2021-05-10,Wheat,16262.5,1677.6
MANDI_18,2021-05-17,Wheat,20006.0,1758.66
MANDI_18,2021-05-24,Wheat,11475.0,1737.26
MANDI_18,2021-05-31,Wheat,2618.1,2055.23
MANDI_18,2021-06-07,Wheat,842.4,2115.49
MANDI_18,2021-06-14,Wheat,2354.5,2024.07
MANDI_18,2021-06-21,Wheat,2746.3,2163.55
MANDI_18,2021-06-28,Wheat,3363.0,2126.49
MANDI_18,2021-07-05,Wheat,3586.9,2004.97
MANDI_18,2021-07-12,Wheat,1095.1,2146.82
MANDI_18,2021-07-19,Wheat,2940.5,2157.32
MANDI_18,2021-07-26,Wheat,1704.7,1997.89
MANDI_18,2021-08-02,Wheat,1512.7,2076.09
MANDI_18,2021-08-09,Wheat,3368.3,2165.24
MANDI_18,2021-08-16,Wheat,2212.9,2142.02
MANDI_18,2021-08-23,Wheat,4142.9,2106.6
MANDI_18,2021-08-30,Wheat,2611.0,2016.91
MANDI_18,2021-09-06,Wheat,3584.4,2121.88
MANDI_18,2021-09-13,Wheat,961.4,2025.14
MANDI_18,2021-09-20,Wheat,1767.3,2110.01
MANDI_18,2021-09-27,Wheat,2653.9,2129.49
MANDI_18,2021-10-04,Wheat,3987.6,2008.92
MANDI_18,2021-10-11,Wheat,4164.7,2173.86
MANDI_18,2021-10-18,Wheat,1699.5,2205.6
MANDI_18,2021-10-25,Wheat,1761.9,2075.4
MANDI_18,2021-11-01,Wheat,3717.4,2048.72
MANDI_18,2021-11-08,Wheat,831.1,2125.02
MANDI_18,2021-11-15,Wheat,2002.3,2100.03
MANDI_18,2021-11-22,Wheat,2725.7,2086.81
MANDI_18,2021-11-29,Wheat,4086.2,2090.74
MANDI_18,2021-12-06,Wheat,816.9,2055.36
MANDI_18,2021-12-13,Wheat,3542.2,1988.47
MANDI_18,2021-12-20,Wheat,3235.4,2000.47
MANDI_18,2021-12-27,Wheat,1637.3,2033.76
MANDI_18,2022-01-03,Wheat,963.9,2034.33
MANDI_18,2022-01-10,Wheat,1235.0,2061.48
MANDI_18,2022-01-17,Wheat,3440.6,2077.72
MANDI_18,2022-01-24,Wheat,1701.4,2052.74
MANDI_18,2022-01-31,Wheat,2539.2,2054.55
MANDI_18,2022-02-07,Wheat,1451.0,2101.54
MANDI_18,2022-02-14,Wheat,4155.5,2097.79
MANDI_18,2022-02-21,Wheat,4071.9,2152.43
MANDI_18,2022-02-28,Wheat,2787.0,2123.56
MANDI_18,2022-03-07,Wheat,1063.4,2071.79
MANDI_18,2022-03-14,Wheat,2521.6,2125.82
MANDI_18,2022-03-21,Wheat,2215.1,2063.7
MANDI_18,2022-03-28,Wheat,2135.8,2083.02
MANDI_18,2022-04-04,Wheat,15300.5,1911.44
MANDI_18,2022-04-11,Wheat,23152.2,1823.95
MANDI_18,2022-04-18,Wheat,15049.3,1718.04
MANDI_18,2022-04-25,Wheat,17661.8,1790.08
MANDI_18,2022-05-02,Wheat,16085.5,1691.3
MANDI_18,2022-05-09,Wheat,15797.2,1808.97
MANDI_18,2022-05-16,Wheat,22179.8,1704.62
MANDI_18,2022-05-23,Wheat,8896.6,1763.61
MANDI_18,2022-05-30,Wheat,12444.4,1779.17
MANDI_18,2022-06-06,Wheat,3503.8,2031.35
MANDI_18,2022-06-13,Wheat,3194.6,2053.63
MANDI_18,2022-06-20,Wheat,2485.4,2048.38
MANDI_18,2022-06-27,Wheat,3554.1,2139.89
MANDI_18,2022-07-04,Wheat,4068.7,2105.35
MANDI_18,2022-07-11,Wheat,2567.7,2167.65
MANDI_18,2022-07-18,Wheat,1223.0,2124.05
MANDI_18,2022-07-25,Wheat,1018.6,2052.71
MANDI_18,2022-08-01,Wheat,2031.1,2041.02
MANDI_18,2022-08-08,Wheat,2942.0,2111.97
MANDI_18,2022-08-15,Wheat,3823.1,2000.79
MANDI_18,2022-08-22,Wheat,4087.4,1954.92
MANDI_18,2022-08-29,Wheat,2221.8,2139.75
MANDI_18,2022-09-05,Wheat,1960.7,2126.56
MANDI_18,2022-09-12,Wheat,2660.1,2062.96
MANDI_18,2022-09-19,Wheat,1108.9,2172.63
MANDI_18,2022-09-26,Wheat,2294.9,2076.98
MANDI_18,2022-10-03,Wheat,2251.3,1992.41
MANDI_18,2022-10-10,Wheat,3229.4,1988.39
MANDI_18,2022-10-17,Wheat,1633.9,2001.22
MANDI_18,2022-10-24,Wheat,1250.3,2065.18
MANDI_18,2022-10-31,Wheat,2234.4,2109.87
MANDI_18,2022-11-07,Wheat,2350.5,2131.08
MANDI_18,2022-11-14,Wheat,2054.3,2100.81
MANDI_18,2022-11-21,Wheat,2394.0,2102.19
MANDI_18,2022-11-28,Wheat,3546.7,1988.93
MANDI_18,2022-12-05,Wheat,3539.7,2112.63
MANDI_18,2022-12-12,Wheat,2884.9,2187.32
MANDI_18,2022-12-19,Wheat,1503.5,2162.14
MANDI_18,2022-12-26,Wheat,3904.2,2088.88
MANDI_18,2023-01-02,Wheat,944.8,2104.69
MANDI_18,2023-01-09,Wheat,813.5,2044.83
MANDI_18,2023-01-16,Wheat,4029.8,1972.78
MANDI_18,2023-01-23,Wheat,1604.7,2162.49
MANDI_18,2023-01-30,Wheat,1490.7,2084.0
MANDI_18,2023-02-06,Wheat,2253.6,2136.9
MANDI_18,2023-02-13,Wheat,886.0,2039.5
MANDI_18,2023-02-20,Wheat,3632.2,2114.07
MANDI_18,2023-02-27,Wheat,1858.3,2079.58
MANDI_18,2023-03-06,Wheat,959.6,2165.49
MANDI_18,2023-03-13,Wheat,1907.4,2026.21
MANDI_18,2023-03-20,Wheat,3762.6,2023.37
MANDI_18,2023-03-27,Wheat,2472.6,1949.8
MANDI_18,2023-04-03,Wheat,16664.5,1875.28
MANDI_18,2023-04-10,Wheat,16409.9,1804.69
MANDI_18,2023-04-17,Wheat,19690.0,1752.1
MANDI_18,2023-04-24,Wheat,13674.6,1741.56
MANDI_18,2023-05-01,Wheat,20839.3,1749.18
MANDI_18,2023-05-08,Wheat,14598.3,1818.79
MANDI_18,2023-05-15,Wheat,10439.0,1844.07
MANDI_18,2023-05-22,Wheat,8733.6,1792.31
MANDI_18,2023-05-29,Wheat,22560.4,1735.87
MANDI_18,2023-06-05,Wheat,3049.2,2085.88
MANDI_18,2023-06-12,Wheat,1939.0,2051.88
MANDI_18,2023-06-19,Wheat,4083.6,2059.36
MANDI_18,2023-06-26,Wheat,2912.1,2133.85
MANDI_18,2023-07-03,Wheat,1374.8,2040.36
MANDI_18,2023-07-10,Wheat,3234.9,2075.61
MANDI_18,2023-07-17,Wheat,1322.9,2071.5
MANDI_18,2023-07-24,Wheat,3696.5,2177.18
MANDI_18,2023-07-31,Wheat,1064.5,2001.85
MANDI_18,2023-08-07,Wheat,3740.3,2124.9
MANDI_18,2023-08-14,Wheat,3692.0,2002.52
MANDI_18,2023-08-21,Wheat,3734.5,2134.54
MANDI_18,2023-08-28,Wheat,2780.6,2103.82
MANDI_18,2023-09-04,Wheat,1602.6,2132.71
MANDI_18,2023-09-11,Wheat,1661.4,2002.65
MANDI_18,2023-09-18,Wheat,1287.6,2128.96
MANDI_18,2023-09-25,Wheat,2538.0,2139.74
MANDI_18,2023-10-02,Wheat,3430.4,2062.27
MANDI_18,2023-10-09,Wheat,1488.7,2020.26
MANDI_18,2023-10-16,Wheat,1253.3,2143.99
MANDI_18,2023-10-23,Wheat,1677.7,2009.25
MANDI_18,2023-10-30,Wheat,3957.2,2155.71
MANDI_18,2023-11-06,Wheat,2875.6,2084.94
MANDI_18,2023-11-13,Wheat,2819.0,2127.97
MANDI_18,2023-11-20,Wheat,2371.6,2094.0
MANDI_18,2023-11-27,Wheat,3213.5,2042.46
MANDI_18,2023-12-04,Wheat,4176.7,2094.59
MANDI_18,2023-12-11,Wheat,1503.0,2069.47
MANDI_18,2023-12-18,Wheat,1856.6,2094.98
MANDI_18,2023-12-25,Wheat,2088.3,2099.59
MANDI_19,2021-01-04,Wheat,3030.2,2357.72
MANDI_19,2021-01-11,Wheat,1000.2,2326.19
MANDI_19,2021-01-18,Wheat,1985.6,2307.12
MANDI_19,2021-01-25,Wheat,1074.0,2432.82
MANDI_19,2021-02-01,Wheat,2104.6,2308.87
MANDI_19,2021-02-08,Wheat,1696.0,2454.43
MANDI_19,2021-02-15,Wheat,2342.4,2413.05
MANDI_19,2021-02-22,Wheat,1614.8,2350.95
MANDI_19,2021-03-01,Wheat,4107.2,2257.49
MANDI_19,2021-03-08,Wheat,2522.9,2349.89
MANDI_19,2021-03-15,Wheat,2510.0,2424.02
MANDI_19,2021-03-22,Wheat,3414.7,2388.37
MANDI_19,2021-03-29,Wheat,2276.8,2360.78
MANDI_19,2021-04-05,Wheat,15722.5,2098.78
MANDI_19,2021-04-12,Wheat,13671.3,1979.95
MANDI_19,2021-04-19,Wheat,11159.8,1998.02
MANDI_19,2021-04-26,Wheat,16118.2,2083.24
MANDI_19,2021-05-03,Wheat,15018.4,2129.91
MANDI_19,2021-05-10,Wheat,8744.4,2144.06
MANDI_19,2021-05-17,Wheat,15263.0,1949.79
MANDI_19,2021-05-24,Wheat,17349.7,2127.85
MANDI_19,2021-05-31,Wheat,3309.7,2322.33
MANDI_19,2021-06-07,Wheat,4131.5,2359.08
MANDI_19,2021-06-14,Wheat,1470.7,2369.34
MANDI_19,2021-06-21,Wheat,3656.6,2281.15
MANDI_19,2021-06-28,Wheat,1548.3,2350.99
MANDI_19,2021-07-05,Wheat,939.7,2426.77
MANDI_19,2021-07-12,Wheat,3312.1,2318.92
MANDI_19,2021-07-19,Wheat,2121.3,2364.37
MANDI_19,2021-07-26,Wheat,2907.6,2429.19
MANDI_19,2021-08-02,Wheat,3437.2,2343.3
MANDI_19,2021-08-09,Wheat,2497.4,2338.11
MANDI_19,2021-08-16,Wheat,3186.6,2367.01
MANDI_19,2021-08-23,Wheat,1225.7,2384.96
MANDI_19,2021-08-30,Wheat,1189.4,2392.02
MANDI_19,2021-09-06,Wheat,2707.5,2320.91
MANDI_19,2021-09-13,Wheat,3859.9,2316.57
MANDI_19,2021-09-20,Wheat,1016.2,2394.01
MANDI_19,2021-09-27,Wheat,3654.8,2432.95
MANDI_19,2021-10-04,Wheat,3825.7,2384.23
MANDI_19,2021-10-11,Wheat,3530.1,2337.49
MANDI_19,2021-10-18,Wheat,807.4,2326.79
MANDI_19,2021-10-25,Wheat,2611.5,2327.82
MANDI_19,2021-11-01,Wheat,3650.0,2297.97
MANDI_19,2021-11-08,Wheat,3926.1,2440.42
MANDI_19,2021-11-15,Wheat,3550.2,2332.51
MANDI_19,2021-11-22,Wheat,2220.4,2356.21
MANDI_19,2021-11-29,Wheat,2652.5,2392.68
MANDI_19,2021-12-06,Wheat,916.8,2328.48
MANDI_19,2021-12-13,Wheat,2747.2,2335.44
MANDI_19,2021-12-20,Wheat,2697.0,2354.16
MANDI_19,2021-12-27,Wheat,3706.5,2380.43
MANDI_19,2022-01-03,Wheat,3149.2,2336.59
MANDI_19,2022-01-10,Wheat,3099.7,2298.87
MANDI_19,2022-01-17,Wheat,3522.3,2233.65
MANDI_19,2022-01-24,Wheat,2283.2,2400.81
MANDI_19,2022-01-31,Wheat,1133.3,2376.26
MANDI_19,2022-02-07,Wheat,1325.1,2430.05
MANDI_19,2022-02-14,Wheat,3851.4,2372.19
MANDI_19,2022-02-21,Wheat,822.4,2328.45
MANDI_19,2022-02-28,Wheat,3954.4,2446.53
MANDI_19,2022-03-07,Wheat,2667.5,2375.08
MANDI_19,2022-03-14,Wheat,1345.6,2377.06
MANDI_19,2022-03-21,Wheat,1486.1,2245.52
MANDI_19,2022-03-28,Wheat,3224.5,2344.16
MANDI_19,2022-04-04,Wheat,11982.4,1951.93
MANDI_19,2022-04-11,Wheat,11689.5,1959.87
MANDI_19,2022-04-18,Wheat,21795.8,2002.91
MANDI_19,2022-04-25,Wheat,23890.1,2041.32
MANDI_19,2022-05-02,Wheat,20776.5,2030.18
MANDI_19,2022-05-09,Wheat,23523.5,2036.22
MANDI_19,2022-05-16,Wheat,15286.7,2125.43
MANDI_19,2022-05-23,Wheat,14714.7,2028.24
MANDI_19,2022-05-30,Wheat,13129.9,2022.93
MANDI_19,2022-06-06,Wheat,3357.1,2265.45
MANDI_19,2022-06-13,Wheat,3478.7,2380.79
MANDI_19,2022-06-20,Wheat,1222.9,2299.59
MANDI_19,2022-06-27,Wheat,1373.8,2323.03
MANDI_19,2022-07-04,Wheat,1769.3,2295.69
MANDI_19,2022-07-11,Wheat,3997.2,2417.56
MANDI_19,2022-07-18,Wheat,2688.3,2389.3
MANDI_19,2022-07-25,Wheat,3799.3,2262.24
MANDI_19,2022-08-01,Wheat,837.6,2263.13
MANDI_19,2022-08-08,Wheat,881.6,2361.26
MANDI_19,2022-08-15,Wheat,2224.5,2301.61
MANDI_19,2022-08-22,Wheat,3576.8,2315.94
MANDI_19,2022-08-29,Wheat,3124.6,2256.24
MANDI_19,2022-09-05,Wheat,1753.9,2274.07
MANDI_19,2022-09-12,Wheat,1334.6,2403.67
MANDI_19,2022-09-19,Wheat,3904.9,2371.19
MANDI_19,2022-09-26,Wheat,1055.4,2383.99
MANDI_19,2022-10-03,Wheat,1425.3,2372.44
MANDI_19,2022-10-10,Wheat,3885.4,2412.87
MANDI_19,2022-10-17,Wheat,3883.9,2330.08
MANDI_19,2022-10-24,Wheat,1711.9,2446.57
MANDI_19,2022-10-31,Wheat,1771.8,2338.9
MANDI_19,2022-11-07,Wheat,2862.1,2396.87
MANDI_19,2022-11-14,Wheat,2930.8,2333.9
MANDI_19,2022-11-21,Wheat,1562.8,2404.81
MANDI_19,2022-11-28,Wheat,3030.0,2260.81
MANDI_19,2022-12-05,Wheat,1047.1,2287.03
MANDI_19,2022-12-12,Wheat,1745.7,2362.94
MANDI_19,2022-12-19,Wheat,4020.7,2336.29
MANDI_19,2022-12-26,Wheat,1923.1,2365.6
MANDI_19,2023-01-02,Wheat,3550.2,2334.29
MANDI_19,2023-01-09,Wheat,1455.3,2347.06
MANDI_19,2023-01-16,Wheat,3491.7,2213.84
MANDI_19,2023-01-23,Wheat,1371.1,2305.27
MANDI_19,2023-01-30,Wheat,1657.2,2399.98
MANDI_19,2023-02-06,Wheat,903.0,2370.14
MANDI_19,2023-02-13,Wheat,2493.3,2333.24
MANDI_19,2023-02-20,Wheat,1337.7,2305.17
MANDI_19,2023-02-27,Wheat,1381.8,2240.92
MANDI_19,2023-03-06,Wheat,4055.8,2294.95
MANDI_19,2023-03-13,Wheat,929.0,2413.79
MANDI_19,2023-03-20,Wheat,2508.0,2431.4
MANDI_19,2023-03-27,Wheat,3481.8,2334.16
MANDI_19,2023-04-03,Wheat,14582.0,1932.92
MANDI_19,2023-04-10,Wheat,16818.4,2008.22
MANDI_19,2023-04-17,Wheat,20240.0,2086.74
MANDI_19,2023-04-24,Wheat,10748.4,2003.34
MANDI_19,2023-05-01,Wheat,22748.3,2003.08
MANDI_19,2023-05-08,Wheat,19757.3,2083.25
MANDI_19,2023-05-15,Wheat,20314.1,2082.64
MANDI_19,2023-05-22,Wheat,23921.4,2013.51
MANDI_19,2023-05-29,Wheat,16118.0,2071.8
MANDI_19,2023-06-05,Wheat,3187.8,2331.14
MANDI_19,2023-06-12,Wheat,1554.5,2378.54
MANDI_19,2023-06-19,Wheat,3779.8,2393.82
MANDI_19,2023-06-26,Wheat,2556.6,2320.25
MANDI_19,2023-07-03,Wheat,2967.9,2337.72
MANDI_19,2023-07-10,Wheat,2089.9,2397.85
MANDI_19,2023-07-17,Wheat,3597.9,2248.01
MANDI_19,2023-07-24,Wheat,2663.8,2333.6
MANDI_19,2023-07-31,Wheat,2331.9,2276.78
MANDI_19,2023-08-07,Wheat,4121.4,2367.23
MANDI_19,2023-08-14,Wheat,3604.7,2458.04
MANDI_19,2023-08-21,Wheat,1340.9,2432.75
MANDI_19,2023-08-28,Wheat,3923.6,2332.45
MANDI_19,2023-09-04,Wheat,2741.1,2382.71
MANDI_19,2023-09-11,Wheat,3252.2,2392.41
MANDI_19,2023-09-18,Wheat,3354.4,2412.56
MANDI_19,2023-09-25,Wheat,1504.2,2345.44
MANDI_19,2023-10-02,Wheat,2577.8,2351.63
MANDI_19,2023-10-09,Wheat,3203.1,2346.5
MANDI_19,2023-10-16,Wheat,3612.0,2365.73
MANDI_19,2023-10-23,Wheat,869.2,2382.96
MANDI_19,2023-10-30,Wheat,3273.6,2284.0
MANDI_19,2023-11-06,Wheat,3750.5,2421.37
MANDI_19,2023-11-13,Wheat,3514.7,2278.95
MANDI_19,2023-11-20,Wheat,1933.3,2379.3
MANDI_19,2023-11-27,Wheat,3432.6,2295.59
MANDI_19,2023-12-04,Wheat,3015.6,2422.72
MANDI_19,2023-12-11,Wheat,3458.3,2311.43
MANDI_19,2023-12-18,Wheat,3543.0,2353.47
MANDI_19,2023-12-25,Wheat,2132.5,2350.43
MANDI_20,2021-01-04,Wheat,2276.8,2185.29
MANDI_20,2021-01-11,Wheat,1654.9,2195.32
MANDI_20,2021-01-18,Wheat,3452.2,2122.38
MANDI_20,2021-01-25,Wheat,2971.6,2017.42
MANDI_20,2021-02-01,Wheat,3956.4,2134.73
MANDI_20,2021-02-08,Wheat,2719.8,2114.1
MANDI_20,2021-02-15,Wheat,1614.0,2033.39
MANDI_20,2021-02-22,Wheat,1845.0,2134.79
MANDI_20,2021-03-01,Wheat,3456.3,2111.19
MANDI_20,2021-03-08,Wheat,2529.9,2069.29
MANDI_20,2021-03-15,Wheat,1140.7,2115.61
MANDI_20,2021-03-22,Wheat,2444.1,2158.93
MANDI_20,2021-03-29,Wheat,1533.9,2109.73
MANDI_20,2021-04-05,Wheat,12333.2,1738.17
MANDI_20,2021-04-12,Wheat,20921.3,1764.35
MANDI_20,2021-04-19,Wheat,20853.1,1776.8
MANDI_20,2021-04-26,Wheat,16672.2,1763.32
MANDI_20,2021-05-03,Wheat,22940.4,1813.78
MANDI_20,2021-05-10,Wheat,14549.4,1834.29
MANDI_20,2021-05-17,Wheat,19921.6,1798.53
MANDI_20,2021-05-24,Wheat,13744.3,1752.38
MANDI_20,2021-05-31,Wheat,3623.3,2024.42
MANDI_20,2021-06-07,Wheat,1166.3,2149.53
MANDI_20,2021-06-14,Wheat,3968.2,2105.24
MANDI_20,2021-06-21,Wheat,3458.9,2142.33
MANDI_20,2021-06-28,Wheat,2320.2,2106.01
MANDI_20,2021-07-05,Wheat,3078.2,2069.08
MANDI_20,2021-07-12,Wheat,3070.4,2167.64
MANDI_20,2021-07-19,Wheat,2189.3,2058.43
MANDI_20,2021-07-26,Wheat,2599.5,2091.76
MANDI_20,2021-08-02,Wheat,2297.6,2042.95
MANDI_20,2021-08-09,Wheat,3318.2,2114.26
MANDI_20,2021-08-16,Wheat,1946.0,2134.0
MANDI_20,2021-08-23,Wheat,2221.1,2115.95
MANDI_20,2021-08-30,Wheat,1575.3,2026.77
MANDI_20,2021-09-06,Wheat,1210.1,2024.82
MANDI_20,2021-09-13,Wheat,2226.3,2157.33
MANDI_20,2021-09-20,Wheat,1640.4,2045.91
MANDI_20,2021-09-27,Wheat,861.3,2043.33
MANDI_20,2021-10-04,Wheat,1021.3,2108.2
MANDI_20,2021-10-11,Wheat,3499.8,2074.94
MANDI_20,2021-10-18,Wheat,2958.5,2118.75
MANDI_20,2021-10-25,Wheat,1858.2,2023.5
MANDI_20,2021-11-01,Wheat,999.5,2020.5
MANDI_20,2021-11-08,Wheat,2476.5,2102.36
MANDI_20,2021-11-15,Wheat,1363.9,2085.8
MANDI_20,2021-11-22,Wheat,3885.5,2068.69
MANDI_20,2021-11-29,Wheat,3597.9,2062.71
MANDI_20,2021-12-06,Wheat,3588.8,2062.12
MANDI_20,2021-12-13,Wheat,3331.1,2191.17
MANDI_20,2021-12-20,Wheat,2693.2,2154.28
MANDI_20,2021-12-27,Wheat,3197.9,2115.49
MANDI_20,2022-01-03,Wheat,3020.3,2082.97
MANDI_20,2022-01-10,Wheat,3399.8,2055.28
MANDI_20,2022-01-17,Wheat,878.2,2119.89
MANDI_20,2022-01-24,Wheat,1862.9,2095.65
MANDI_20,2022-01-31,Wheat,3239.9,2121.09
MANDI_20,2022-02-07,Wheat,4147.6,2228.42
MANDI_20,2022-02-14,Wheat,952.4,2133.21
MANDI_20,2022-02-21,Wheat,2033.3,2108.4
MANDI_20,2022-02-28,Wheat,1703.9,2128.71
MANDI_20,2022-03-07,Wheat,3901.3,2088.91
MANDI_20,2022-03-14,Wheat,4026.1,2102.92
MANDI_20,2022-03-21,Wheat,1309.7,2017.63
MANDI_20,2022-03-28,Wheat,4062.2,2051.74
MANDI_20,2022-04-04,Wheat,15660.0,1766.97
MANDI_20,2022-04-11,Wheat,23126.4,1741.11
MANDI_20,2022-04-18,Wheat,14200.7,1735.54
MANDI_20,2022-04-25,Wheat,17592.2,1820.98
MANDI_20,2022-05-02,Wheat,16356.4,1917.66
MANDI_20,2022-05-09,Wheat,9573.5,1863.84
MANDI_20,2022-05-16,Wheat,17276.1,1692.04
MANDI_20,2022-05-23,Wheat,14106.6,1845.03
MANDI_20,2022-05-30,Wheat,20427.5,1699.6
MANDI_20,2022-06-06,Wheat,2995.2,2081.94
MANDI_20,2022-06-13,Wheat,839.5,2068.44
MANDI_20,2022-06-20,Wheat,1057.3,2146.99
MANDI_20,2022-06-27,Wheat,2831.7,2067.77
MANDI_20,2022-07-04,Wheat,1669.8,2087.89
MANDI_20,2022-07-11,Wheat,3237.5,2125.38
MANDI_20,2022-07-18,Wheat,3175.0,2133.07
MANDI_20,2022-07-25,Wheat,2772.7,2111.09
MANDI_20,2022-08-01,Wheat,4085.0,2055.45
MANDI_20,2022-08-08,Wheat,2567.6,2119.27
MANDI_20,2022-08-15,Wheat,3644.1,2073.29
MANDI_20,2022-08-22,Wheat,1401.5,2063.82
MANDI_20,2022-08-29,Wheat,1565.0,2030.33
MANDI_20,2022-09-05,Wheat,3593.8,2189.99
MANDI_20,2022-09-12,Wheat,4116.9,2086.17
MANDI_20,2022-09-19,Wheat,4132.0,2045.82
MANDI_20,2022-09-26,Wheat,3206.9,2018.46
MANDI_20,2022-10-03,Wheat,2808.4,2070.01
MANDI_20,2022-10-10,Wheat,2555.4,2035.55
MANDI_20,2022-10-17,Wheat,1412.9,2085.96
MANDI_20,2022-10-24,Wheat,1416.2,2184.28
MANDI_20,2022-10-31,Wheat,2937.3,2131.44
MANDI_20,2022-11-07,Wheat,3196.4,2069.44
MANDI_20,2022-11-14,Wheat,2816.5,2080.68
MANDI_20,2022-11-21,Wheat,3558.5,2179.0
MANDI_20,2022-11-28,Wheat,3724.9,2167.75
MANDI_20,2022-12-05,Wheat,2505.8,2140.91
MANDI_20,2022-12-12,Wheat,1933.0,2115.64
MANDI_20,2022-12-19,Wheat,1261.7,2072.4
MANDI_20,2022-12-26,Wheat,2927.2,2058.25
MANDI_20,2023-01-02,Wheat,2101.9,2087.16
MANDI_20,2023-01-09,Wheat,2155.6,2161.71
MANDI_20,2023-01-16,Wheat,3801.4,2079.12
MANDI_20,2023-01-23,Wheat,2121.5,2034.52
MANDI_20,2023-01-30,Wheat,967.7,2042.0
MANDI_20,2023-02-06,Wheat,3290.1,2106.72
MANDI_20,2023-02-13,Wheat,2712.8,2105.87
MANDI_20,2023-02-20,Wheat,3649.9,2112.45
MANDI_20,2023-02-27,Wheat,3608.5,2202.51
MANDI_20,2023-03-06,Wheat,3827.0,2076.66
MANDI_20,2023-03-13,Wheat,1360.0,2174.98
MANDI_20,2023-03-20,Wheat,3417.3,1963.59
MANDI_20,2023-03-27,Wheat,1859.1,2130.84
MANDI_20,2023-04-03,Wheat,13462.3,1848.1
MANDI_20,2023-04-10,Wheat,15319.3,1667.36
MANDI_20,2023-04-17,Wheat,8898.0,1834.05
MANDI_20,2023-04-24,Wheat,15673.0,1800.37
MANDI_20,2023-05-01,Wheat,11393.8,1755.36
MANDI_20,2023-05-08,Wheat,8714.4,1763.74
MANDI_20,2023-05-15,Wheat,20329.2,1778.76
MANDI_20,2023-05-22,Wheat,19322.3,1843.48
MANDI_20,2023-05-29,Wheat,19429.4,1829.58
MANDI_20,2023-06-05,Wheat,2940.8,2073.97
MANDI_20,2023-06-12,Wheat,1052.5,2095.31
MANDI_20,2023-06-19,Wheat,1586.0,2159.07
MANDI_20,2023-06-26,Wheat,2470.7,2134.17
MANDI_20,2023-07-03,Wheat,3105.0,2079.1
MANDI_20,2023-07-10,Wheat,3975.4,2154.73
MANDI_20,2023-07-17,Wheat,2589.2,2175.65
MANDI_20,2023-07-24,Wheat,2540.4,2153.72
MANDI_20,2023-07-31,Wheat,3638.4,2049.4
MANDI_20,2023-08-07,Wheat,2156.5,1995.26
MANDI_20,2023-08-14,Wheat,3290.7,2085.2
MANDI_20,2023-08-21,Wheat,2312.9,2072.65
MANDI_20,2023-08-28,Wheat,2994.9,2066.07
MANDI_20,2023-09-04,Wheat,3679.5,2160.23
MANDI_20,2023-09-11,Wheat,1847.6,2133.99
MANDI_20,2023-09-18,Wheat,3667.1,2089.23
MANDI_20,2023-09-25,Wheat,4097.3,2071.46
MANDI_20,2023-10-02,Wheat,3650.1,2015.35
MANDI_20,2023-10-09,Wheat,3053.2,2040.03
MANDI_20,2023-10-16,Wheat,1432.7,2036.73
MANDI_20,2023-10-23,Wheat,2030.1,2134.8
MANDI_20,2023-10-30,Wheat,3598.4,2124.76
MANDI_20,2023-11-06,Wheat,3696.7,2189.59
MANDI_20,2023-11-13,Wheat,2837.1,2049.89
MANDI_20,2023-11-20,Wheat,3221.0,2122.24
MANDI_20,2023-11-27,Wheat,2859.7,2159.75
MANDI_20,2023-12-04,Wheat,2650.3,2100.07
MANDI_20,2023-12-11,Wheat,1850.6,2098.1
MANDI_20,2023-12-18,Wheat,2002.0,2181.53
MANDI_20,2023-12-25,Wheat,1861.3,2221.47
