district_id,state_code,crop_year,crop_type,harvested_ha,production_tonnes,yield_tha,gdd_vegetative,edd_anthesis,vpd_midseason,awc_topsoil,soil_organic_carbon,ndvi_peak,tech_trend
DIST_001,STATE_01,2009,Wheat,66059.3,221035.5,3.346,1440.7,29.8,2.59,185.1,1.7,0.619,0
DIST_001,STATE_01,2010,Wheat,47778.9,184467.0,3.861,2083.9,18.0,1.49,185.1,1.7,0.609,1
DIST_001,STATE_01,2011,Wheat,115842.1,413688.8,3.571,1712.4,11.1,1.67,185.1,1.7,0.55,2
DIST_001,STATE_01,2012,Wheat,94458.8,271972.8,2.879,1734.2,74.7,2.96,185.1,1.7,0.555,3
DIST_001,STATE_01,2013,Wheat,124976.0,430892.3,3.448,1452.5,7.7,1.3,185.1,1.7,0.587,4
DIST_001,STATE_01,2014,Wheat,58185.7,215224.7,3.699,1904.0,39.2,1.9,185.1,1.7,0.586,5
DIST_001,STATE_01,2015,Wheat,49642.5,180180.3,3.63,2066.5,37.3,1.7,185.1,1.7,0.547,6
DIST_001,STATE_01,2016,Wheat,69955.4,324142.8,4.634,2113.7,42.9,2.44,185.1,1.7,0.645,7
DIST_001,STATE_01,2017,Wheat,56946.5,229313.8,4.027,1577.2,23.3,1.82,185.1,1.7,0.59,8
DIST_001,STATE_01,2018,Wheat,156879.6,680469.5,4.338,1694.7,30.2,1.43,185.1,1.7,0.559,9
DIST_001,STATE_01,2019,Wheat,143416.0,605146.4,4.22,1989.9,38.3,1.32,185.1,1.7,0.582,10
DIST_001,STATE_01,2020,Wheat,129145.2,602363.1,4.664,1686.6,20.4,1.3,185.1,1.7,0.591,11
DIST_001,STATE_01,2021,Wheat,143496.8,554606.2,3.865,1906.3,23.9,1.39,185.1,1.7,0.623,12
DIST_001,STATE_01,2022,Wheat,147706.0,484629.4,3.281,1857.9,69.5,2.54,185.1,1.7,0.616,13
DIST_001,STATE_01,2023,Wheat,59565.3,247454.0,4.154,1492.0,24.1,2.22,185.1,1.7,0.607,14
DIST_002,STATE_02,2009,Wheat,146999.4,632061.3,4.3,1560.2,21.8,1.46,114.9,1.22,0.597,0
DIST_002,STATE_02,2010,Wheat,153495.7,778299.6,5.07,1535.6,29.9,2.63,114.9,1.22,0.682,1
DIST_002,STATE_02,2011,Wheat,165972.3,818332.3,4.931,1632.6,21.2,1.88,114.9,1.22,0.624,2
DIST_002,STATE_02,2012,Wheat,161198.6,473683.4,2.939,1419.9,30.2,2.06,114.9,1.22,0.566,3
DIST_002,STATE_02,2013,Wheat,172292.8,842678.6,4.891,1646.2,13.0,2.03,114.9,1.22,0.605,4
DIST_002,STATE_02,2014,Wheat,176190.6,946607.8,5.373,2098.7,24.7,1.68,114.9,1.22,0.603,5
DIST_002,STATE_02,2015,Wheat,51949.6,263992.6,5.082,1625.1,61.9,2.65,114.9,1.22,0.624,6
DIST_002,STATE_02,2016,Wheat,111076.1,556077.2,5.006,2125.0,36.5,2.42,114.9,1.22,0.604,7
DIST_002,STATE_02,2017,Wheat,94650.7,506798.2,5.354,1882.6,11.4,2.21,114.9,1.22,0.626,8
DIST_002,STATE_02,2018,Wheat,88305.3,506498.7,5.736,1575.6,26.2,1.27,114.9,1.22,0.719,9
DIST_002,STATE_02,2019,Wheat,47239.4,258165.1,5.465,1808.5,34.7,1.48,114.9,1.22,0.62,10
DIST_002,STATE_02,2020,Wheat,97209.3,560705.2,5.768,2110.7,19.2,1.38,114.9,1.22,0.642,11
DIST_002,STATE_02,2021,Wheat,155325.0,860504.5,5.54,1848.6,6.5,2.05,114.9,1.22,0.65,12
DIST_002,STATE_02,2022,Wheat,166556.4,723407.4,4.343,1908.2,66.9,2.24,114.9,1.22,0.651,13
DIST_002,STATE_02,2023,Wheat,166109.9,865409.2,5.21,2091.0,34.3,1.33,114.9,1.22,0.683,14
DIST_003,STATE_03,2009,Wheat,138405.9,442800.7,3.199,1856.4,6.7,1.56,179.9,1.51,0.537,0
DIST_003,STATE_03,2010,Wheat,88929.0,302123.2,3.397,1927.5,39.5,2.25,179.9,1.51,0.586,1
DIST_003,STATE_03,2011,Wheat,94641.6,286638.6,3.029,1595.6,27.2,1.59,179.9,1.51,0.557,2
DIST_003,STATE_03,2012,Wheat,130203.7,255861.5,1.965,1971.4,75.1,2.5,179.9,1.51,0.509,3
DIST_003,STATE_03,2013,Wheat,71357.8,286546.2,4.016,1925.7,8.9,2.7,179.9,1.51,0.613,4
DIST_003,STATE_03,2014,Wheat,175498.4,587840.7,3.35,2099.5,36.1,2.56,179.9,1.51,0.547,5
DIST_003,STATE_03,2015,Wheat,159903.5,487205.2,3.047,1651.8,28.2,2.7,179.9,1.51,0.523,6
DIST_003,STATE_03,2016,Wheat,58118.8,210861.0,3.628,1865.5,51.4,2.78,179.9,1.51,0.585,7
DIST_003,STATE_03,2017,Wheat,163445.4,527902.5,3.23,1958.5,41.2,1.78,179.9,1.51,0.599,8
DIST_003,STATE_03,2018,Wheat,154263.8,598237.9,3.878,2012.1,32.7,2.48,179.9,1.51,0.709,9
DIST_003,STATE_03,2019,Wheat,152432.0,600323.5,3.938,2073.0,39.8,1.74,179.9,1.51,0.572,10
DIST_003,STATE_03,2020,Wheat,49852.2,203491.5,4.082,1780.9,21.4,2.07,179.9,1.51,0.622,11
DIST_003,STATE_03,2021,Wheat,49117.5,161714.8,3.292,1486.1,17.9,1.4,179.9,1.51,0.602,12
DIST_003,STATE_03,2022,Wheat,148949.1,436009.4,2.927,1616.1,59.0,1.78,179.9,1.51,0.562,13
DIST_003,STATE_03,2023,Wheat,131053.0,574384.8,4.383,1978.3,52.7,2.76,179.9,1.51,0.553,14
DIST_004,STATE_04,2009,Wheat,55591.6,255500.3,4.596,1417.7,13.4,1.48,117.1,1.26,0.672,0
DIST_004,STATE_04,2010,Wheat,119145.6,533256.8,4.476,1905.2,15.2,2.26,117.1,1.26,0.628,1
DIST_004,STATE_04,2011,Wheat,127582.3,644577.3,5.052,1703.7,14.0,2.41,117.1,1.26,0.602,2
DIST_004,STATE_04,2012,Wheat,60669.8,217972.2,3.593,1447.2,66.4,1.86,117.1,1.26,0.638,3
DIST_004,STATE_04,2013,Wheat,68382.3,267996.4,3.919,1723.7,9.6,1.84,117.1,1.26,0.641,4
DIST_004,STATE_04,2014,Wheat,51116.0,260958.9,5.105,1687.2,25.9,2.57,117.1,1.26,0.713,5
DIST_004,STATE_04,2015,Wheat,54526.8,249407.3,4.574,1879.7,31.9,1.24,117.1,1.26,0.64,6
DIST_004,STATE_04,2016,Wheat,122689.0,600677.2,4.896,1706.7,15.8,2.07,117.1,1.26,0.697,7
DIST_004,STATE_04,2017,Wheat,174760.7,851340.5,4.871,2073.7,33.8,1.51,117.1,1.26,0.618,8
DIST_004,STATE_04,2018,Wheat,159058.2,840145.2,5.282,1461.3,28.1,2.5,117.1,1.26,0.631,9
DIST_004,STATE_04,2019,Wheat,139059.5,682857.0,4.911,1890.3,30.4,2.49,117.1,1.26,0.652,10
DIST_004,STATE_04,2020,Wheat,68954.3,369403.8,5.357,1980.4,0.0,2.44,117.1,1.26,0.616,11
DIST_004,STATE_04,2021,Wheat,160885.7,840818.4,5.226,1760.3,22.0,2.4,117.1,1.26,0.635,12
DIST_004,STATE_04,2022,Wheat,113209.1,463350.9,4.093,2043.5,73.9,2.21,117.1,1.26,0.595,13
DIST_004,STATE_04,2023,Wheat,46463.1,250570.9,5.393,2103.8,20.9,2.72,117.1,1.26,0.635,14
DIST_005,STATE_05,2009,Wheat,89369.7,397098.6,4.443,1870.8,18.3,2.4,147.3,1.55,0.634,0
DIST_005,STATE_05,2010,Wheat,57312.8,291918.4,5.093,1751.1,26.1,1.91,147.3,1.55,0.621,1
DIST_005,STATE_05,2011,Wheat,60804.0,298186.9,4.904,1510.1,37.1,2.42,147.3,1.55,0.609,2
DIST_005,STATE_05,2012,Wheat,139630.8,572384.4,4.099,1465.9,73.7,3.01,147.3,1.55,0.588,3
DIST_005,STATE_05,2013,Wheat,56453.1,289567.6,5.129,2110.6,3.3,2.5,147.3,1.55,0.601,4
DIST_005,STATE_05,2014,Wheat,56272.6,278565.0,4.95,1969.0,45.4,2.09,147.3,1.55,0.662,5
DIST_005,STATE_05,2015,Wheat,60011.7,307340.8,5.121,1774.8,24.7,1.29,147.3,1.55,0.634,6
DIST_005,STATE_05,2016,Wheat,123754.8,683636.3,5.524,2108.5,36.6,1.8,147.3,1.55,0.68,7
DIST_005,STATE_05,2017,Wheat,75185.4,387282.5,5.151,2114.3,28.4,1.32,147.3,1.55,0.644,8
DIST_005,STATE_05,2018,Wheat,175855.8,1005522.2,5.718,1811.2,46.8,1.93,147.3,1.55,0.695,9
DIST_005,STATE_05,2019,Wheat,166656.3,940181.5,5.641,1481.8,52.2,1.65,147.3,1.55,0.729,10
DIST_005,STATE_05,2020,Wheat,70396.4,401068.3,5.697,1779.6,12.9,1.77,147.3,1.55,0.643,11
DIST_005,STATE_05,2021,Wheat,176543.3,965503.7,5.469,2150.3,30.1,1.7,147.3,1.55,0.713,12
DIST_005,STATE_05,2022,Wheat,137438.7,616833.0,4.488,1578.8,50.2,3.19,147.3,1.55,0.672,13
DIST_005,STATE_05,2023,Wheat,154424.7,849788.8,5.503,2161.1,20.8,1.44,147.3,1.55,0.607,14
DIST_006,STATE_06,2009,Wheat,108273.6,570848.6,5.272,1690.4,23.4,2.58,174.2,1.86,0.647,0
DIST_006,STATE_06,2010,Wheat,148813.3,741108.5,4.98,2066.3,25.7,2.56,174.2,1.86,0.628,1
DIST_006,STATE_06,2011,Wheat,62436.5,288708.4,4.624,2077.8,4.5,2.27,174.2,1.86,0.639,2
DIST_006,STATE_06,2012,Wheat,93352.0,363931.6,3.898,1494.5,73.6,2.94,174.2,1.86,0.655,3
DIST_006,STATE_06,2013,Wheat,119507.4,646372.1,5.409,1812.7,26.0,2.6,174.2,1.86,0.624,4
DIST_006,STATE_06,2014,Wheat,48885.7,248903.2,5.092,1953.6,47.3,1.54,174.2,1.86,0.668,5
DIST_006,STATE_06,2015,Wheat,97952.9,535647.6,5.468,1736.2,0.0,2.65,174.2,1.86,0.663,6
DIST_006,STATE_06,2016,Wheat,150793.2,709647.0,4.706,1712.6,39.7,2.72,174.2,1.86,0.636,7
DIST_006,STATE_06,2017,Wheat,106983.3,520791.2,4.868,2126.0,24.2,1.99,174.2,1.86,0.666,8
DIST_006,STATE_06,2018,Wheat,55241.5,311278.9,5.635,1535.2,3.4,1.4,174.2,1.86,0.63,9
DIST_006,STATE_06,2019,Wheat,91665.1,504683.2,5.506,2077.8,55.8,1.48,174.2,1.86,0.649,10
DIST_006,STATE_06,2020,Wheat,50517.3,288237.7,5.706,1573.3,12.8,1.34,174.2,1.86,0.649,11
DIST_006,STATE_06,2021,Wheat,72855.1,396845.4,5.447,1715.0,9.5,2.01,174.2,1.86,0.653,12
DIST_006,STATE_06,2022,Wheat,129766.6,589031.9,4.539,1522.2,70.6,3.1,174.2,1.86,0.645,13
DIST_006,STATE_06,2023,Wheat,146015.1,789754.7,5.409,1599.2,16.8,1.98,174.2,1.86,0.618,14
DIST_007,STATE_07,2009,Wheat,165852.9,725276.7,4.373,1758.2,10.2,2.05,126.9,1.29,0.609,0
DIST_007,STATE_07,2010,Wheat,116903.3,463670.8,3.966,1574.7,13.7,1.23,126.9,1.29,0.554,1
DIST_007,STATE_07,2011,Wheat,89212.1,355496.5,3.985,1493.8,15.2,2.62,126.9,1.29,0.648,2
DIST_007,STATE_07,2012,Wheat,112289.7,282808.1,2.519,1475.8,83.2,2.56,126.9,1.29,0.584,3
DIST_007,STATE_07,2013,Wheat,103274.0,462139.8,4.475,1509.3,11.9,2.23,126.9,1.29,0.576,4
DIST_007,STATE_07,2014,Wheat,178179.6,696097.0,3.907,1849.0,39.1,1.58,126.9,1.29,0.575,5
DIST_007,STATE_07,2015,Wheat,70186.5,302390.3,4.308,1629.6,25.7,1.86,126.9,1.29,0.585,6
DIST_007,STATE_07,2016,Wheat,161843.5,740065.5,4.573,2007.0,23.7,1.61,126.9,1.29,0.636,7
DIST_007,STATE_07,2017,Wheat,170465.8,728872.7,4.276,1829.7,0.0,2.43,126.9,1.29,0.625,8
DIST_007,STATE_07,2018,Wheat,88696.7,429290.1,4.84,1742.8,0.6,1.38,126.9,1.29,0.633,9
DIST_007,STATE_07,2019,Wheat,123467.2,522153.5,4.229,1558.1,37.0,1.97,126.9,1.29,0.588,10
DIST_007,STATE_07,2020,Wheat,63146.0,315086.0,4.99,1499.4,25.7,2.78,126.9,1.29,0.668,11
DIST_007,STATE_07,2021,Wheat,79376.5,361634.3,4.556,1937.1,32.9,1.95,126.9,1.29,0.663,12
DIST_007,STATE_07,2022,Wheat,92097.2,368209.8,3.998,2115.7,75.6,3.2,126.9,1.29,0.58,13
DIST_007,STATE_07,2023,Wheat,158646.9,779300.7,4.912,1567.8,48.7,2.47,126.9,1.29,0.62,14
DIST_008,STATE_08,2009,Wheat,115613.8,352997.4,3.053,1651.2,20.9,2.51,171.5,1.6,0.589,0
DIST_008,STATE_08,2010,Wheat,107461.8,289808.7,2.697,1616.0,9.9,2.4,171.5,1.6,0.498,1
DIST_008,STATE_08,2011,Wheat,166442.6,541836.8,3.255,1678.7,38.4,2.2,171.5,1.6,0.571,2
DIST_008,STATE_08,2012,Wheat,171877.3,425500.1,2.476,1854.4,56.9,2.97,171.5,1.6,0.525,3
DIST_008,STATE_08,2013,Wheat,165675.5,579794.7,3.5,1972.0,59.1,1.44,171.5,1.6,0.545,4
DIST_008,STATE_08,2014,Wheat,145432.7,462786.6,3.182,1448.5,47.6,2.6,171.5,1.6,0.577,5
DIST_008,STATE_08,2015,Wheat,59935.3,221207.3,3.691,2022.5,17.3,1.4,171.5,1.6,0.624,6
DIST_008,STATE_08,2016,Wheat,65238.9,219543.4,3.365,1595.5,39.5,2.23,171.5,1.6,0.602,7
DIST_008,STATE_08,2017,Wheat,78992.9,286328.9,3.625,1682.0,53.2,1.49,171.5,1.6,0.588,8
DIST_008,STATE_08,2018,Wheat,107370.8,421615.6,3.927,2108.1,37.5,1.45,171.5,1.6,0.6,9
DIST_008,STATE_08,2019,Wheat,127546.3,544913.3,4.272,1462.7,51.7,2.68,171.5,1.6,0.627,10
DIST_008,STATE_08,2020,Wheat,65592.8,271506.9,4.139,1858.4,4.9,2.38,171.5,1.6,0.66,11
DIST_008,STATE_08,2021,Wheat,177953.6,614648.7,3.454,2047.2,23.1,1.4,171.5,1.6,0.652,12
DIST_008,STATE_08,2022,Wheat,52392.8,157544.3,3.007,1699.6,77.9,2.98,171.5,1.6,0.584,13
DIST_008,STATE_08,2023,Wheat,169180.5,543272.5,3.211,1712.4,44.1,1.92,171.5,1.6,0.542,14
DIST_009,STATE_09,2009,Wheat,101554.9,334366.3,3.292,2040.4,5.2,1.78,135.2,0.81,0.625,0
DIST_009,STATE_09,2010,Wheat,46767.8,169335.4,3.621,1869.5,21.0,1.34,135.2,0.81,0.55,1
DIST_009,STATE_09,2011,Wheat,125377.0,424314.0,3.384,1457.0,27.4,2.4,135.2,0.81,0.579,2
DIST_009,STATE_09,2012,Wheat,70742.8,163158.6,2.306,1440.6,67.8,2.46,135.2,0.81,0.509,3
DIST_009,STATE_09,2013,Wheat,149696.2,524047.3,3.501,1737.3,0.0,1.84,135.2,0.81,0.611,4
DIST_009,STATE_09,2014,Wheat,69560.3,224314.5,3.225,2028.2,28.1,2.71,135.2,0.81,0.525,5
DIST_009,STATE_09,2015,Wheat,131939.9,444594.9,3.37,1716.1,39.0,1.24,135.2,0.81,0.611,6
DIST_009,STATE_09,2016,Wheat,135705.5,465878.8,3.433,1448.8,14.1,1.37,135.2,0.81,0.56,7
DIST_009,STATE_09,2017,Wheat,133120.7,502727.0,3.776,1606.7,21.4,2.36,135.2,0.81,0.578,8
DIST_009,STATE_09,2018,Wheat,157079.7,666239.2,4.241,1723.0,8.8,1.67,135.2,0.81,0.626,9
DIST_009,STATE_09,2019,Wheat,165510.7,550602.0,3.327,2022.2,51.5,1.75,135.2,0.81,0.55,10
DIST_009,STATE_09,2020,Wheat,81188.6,343042.0,4.225,1891.9,3.9,1.86,135.2,0.81,0.545,11
DIST_009,STATE_09,2021,Wheat,84752.9,360898.5,4.258,2123.9,16.8,2.59,135.2,0.81,0.62,12
DIST_009,STATE_09,2022,Wheat,165764.6,511660.8,3.087,2024.9,64.5,2.13,135.2,0.81,0.56,13
DIST_009,STATE_09,2023,Wheat,79814.8,356208.9,4.463,1567.5,35.1,2.54,135.2,0.81,0.617,14
DIST_010,STATE_10,2009,Wheat,168430.3,549856.0,3.265,1482.4,0.6,2.09,117.2,0.63,0.585,0
DIST_010,STATE_10,2010,Wheat,72866.9,253575.5,3.48,1412.7,32.1,1.42,117.2,0.63,0.626,1
DIST_010,STATE_10,2011,Wheat,134780.0,493337.5,3.66,1532.8,22.6,1.81,117.2,0.63,0.609,2
DIST_010,STATE_10,2012,Wheat,51340.4,86259.9,1.68,1531.4,64.8,2.67,117.2,0.63,0.511,3
DIST_010,STATE_10,2013,Wheat,83973.7,269120.0,3.205,1669.0,3.9,2.35,117.2,0.63,0.583,4
DIST_010,STATE_10,2014,Wheat,109266.8,323899.7,2.964,1889.6,26.4,1.54,117.2,0.63,0.562,5
DIST_010,STATE_10,2015,Wheat,112009.4,370055.1,3.304,1847.8,26.8,1.73,117.2,0.63,0.56,6
DIST_010,STATE_10,2016,Wheat,55143.6,195943.1,3.553,1944.7,54.6,1.9,117.2,0.63,0.579,7
DIST_010,STATE_10,2017,Wheat,152921.1,568045.8,3.715,1926.3,16.6,1.64,117.2,0.63,0.534,8
DIST_010,STATE_10,2018,Wheat,168837.3,644845.0,3.819,1540.8,42.2,2.72,117.2,0.63,0.551,9
DIST_010,STATE_10,2019,Wheat,118156.6,421953.0,3.571,2061.1,37.3,2.25,117.2,0.63,0.599,10
DIST_010,STATE_10,2020,Wheat,159641.4,662448.8,4.15,1629.8,2.1,2.78,117.2,0.63,0.602,11
DIST_010,STATE_10,2021,Wheat,69377.7,265376.5,3.825,1857.6,28.1,2.66,117.2,0.63,0.604,12
DIST_010,STATE_10,2022,Wheat,172476.0,462245.9,2.68,1796.9,66.8,3.08,117.2,0.63,0.531,13
DIST_010,STATE_10,2023,Wheat,156903.6,632215.4,4.029,1495.9,3.9,1.39,117.2,0.63,0.614,14
DIST_011,STATE_11,2009,Wheat,87564.2,254289.9,2.904,1777.6,27.0,2.47,159.6,1.11,0.585,0
DIST_011,STATE_11,2010,Wheat,164607.0,435041.0,2.643,1836.1,26.2,2.7,159.6,1.11,0.576,1
DIST_011,STATE_11,2011,Wheat,99260.7,334021.1,3.365,1745.9,14.7,2.2,159.6,1.11,0.559,2
DIST_011,STATE_11,2012,Wheat,144573.6,286599.3,1.982,1582.1,91.8,1.88,159.6,1.11,0.477,3
DIST_011,STATE_11,2013,Wheat,85001.6,248173.6,2.92,1583.5,24.5,1.81,159.6,1.11,0.562,4
DIST_011,STATE_11,2014,Wheat,173244.8,507027.2,2.927,1975.4,35.2,1.34,159.6,1.11,0.585,5
DIST_011,STATE_11,2015,Wheat,172538.8,549674.2,3.186,1757.2,8.2,2.79,159.6,1.11,0.577,6
DIST_011,STATE_11,2016,Wheat,114212.9,408433.8,3.576,1596.5,49.3,1.48,159.6,1.11,0.562,7
DIST_011,STATE_11,2017,Wheat,150243.9,479342.3,3.19,1685.1,46.3,2.31,159.6,1.11,0.548,8
DIST_011,STATE_11,2018,Wheat,155137.5,564057.4,3.636,1602.1,28.0,2.15,159.6,1.11,0.538,9
DIST_011,STATE_11,2019,Wheat,163457.2,524578.3,3.209,1635.9,27.5,1.41,159.6,1.11,0.575,10
DIST_011,STATE_11,2020,Wheat,119365.7,468676.9,3.926,1515.9,30.0,1.85,159.6,1.11,0.554,11
DIST_011,STATE_11,2021,Wheat,142661.7,474573.4,3.327,1807.1,17.2,2.56,159.6,1.11,0.578,12
DIST_011,STATE_11,2022,Wheat,109879.2,302959.9,2.757,1879.7,62.7,2.78,159.6,1.11,0.58,13
DIST_011,STATE_11,2023,Wheat,163615.0,521841.7,3.189,2028.2,31.9,2.25,159.6,1.11,0.59,14
DIST_012,STATE_12,2009,Wheat,146616.7,654094.8,4.461,1511.0,19.4,2.39,158.0,1.53,0.591,0
DIST_012,STATE_12,2010,Wheat,157338.1,703554.0,4.472,1760.2,19.1,1.21,158.0,1.53,0.641,1
DIST_012,STATE_12,2011,Wheat,177460.1,719084.2,4.052,1852.3,36.3,2.06,158.0,1.53,0.56,2
DIST_012,STATE_12,2012,Wheat,59442.4,181310.8,3.05,1947.7,78.1,2.25,158.0,1.53,0.561,3
DIST_012,STATE_12,2013,Wheat,58838.8,274566.1,4.666,2076.1,27.8,2.3,158.0,1.53,0.619,4
DIST_012,STATE_12,2014,Wheat,140603.2,626847.3,4.458,1472.1,0.0,2.19,158.0,1.53,0.645,5
DIST_012,STATE_12,2015,Wheat,147365.5,657943.9,4.465,1447.2,30.7,1.24,158.0,1.53,0.613,6
DIST_012,STATE_12,2016,Wheat,149005.0,616974.2,4.141,1913.3,0.0,2.8,158.0,1.53,0.591,7
DIST_012,STATE_12,2017,Wheat,67089.2,290659.6,4.332,1996.4,0.0,2.31,158.0,1.53,0.645,8
DIST_012,STATE_12,2018,Wheat,173366.6,875283.0,5.049,1550.7,44.7,1.89,158.0,1.53,0.637,9
DIST_012,STATE_12,2019,Wheat,131201.0,648494.3,4.943,1728.3,38.5,1.57,158.0,1.53,0.63,10
DIST_012,STATE_12,2020,Wheat,49203.1,251658.1,5.115,1911.2,39.3,1.96,158.0,1.53,0.632,11
DIST_012,STATE_12,2021,Wheat,149074.4,739426.9,4.96,2051.3,31.9,2.42,158.0,1.53,0.608,12
DIST_012,STATE_12,2022,Wheat,169314.5,744970.3,4.4,1896.7,74.8,2.97,158.0,1.53,0.583,13
DIST_012,STATE_12,2023,Wheat,61900.1,306528.9,4.952,1949.9,4.6,1.99,158.0,1.53,0.627,14
DIST_013,STATE_01,2009,Wheat,106454.7,296221.8,2.783,1408.1,39.9,1.32,148.2,1.0,0.536,0
DIST_013,STATE_01,2010,Wheat,126002.8,299923.1,2.38,1609.2,36.8,2.45,148.2,1.0,0.546,1
DIST_013,STATE_01,2011,Wheat,59165.6,178988.6,3.025,1579.4,16.4,2.78,148.2,1.0,0.559,2
DIST_013,STATE_01,2012,Wheat,139832.8,237781.9,1.7,1806.8,52.6,1.72,148.2,1.0,0.512,3
DIST_013,STATE_01,2013,Wheat,56862.0,148456.7,2.611,1665.4,10.0,2.11,148.2,1.0,0.534,4
DIST_013,STATE_01,2014,Wheat,72020.3,245839.8,3.413,1542.2,34.3,1.37,148.2,1.0,0.617,5
DIST_013,STATE_01,2015,Wheat,49264.1,169587.7,3.442,2085.3,25.9,2.33,148.2,1.0,0.556,6
DIST_013,STATE_01,2016,Wheat,153233.3,514032.6,3.355,1672.6,35.2,2.5,148.2,1.0,0.612,7
DIST_013,STATE_01,2017,Wheat,106063.0,355380.9,3.351,1890.5,51.0,1.33,148.2,1.0,0.578,8
DIST_013,STATE_01,2018,Wheat,78358.9,279772.8,3.57,1556.7,20.2,2.76,148.2,1.0,0.594,9
DIST_013,STATE_01,2019,Wheat,151609.3,475047.4,3.133,1911.1,17.1,2.0,148.2,1.0,0.615,10
DIST_013,STATE_01,2020,Wheat,179505.1,669130.6,3.728,2137.4,31.5,2.24,148.2,1.0,0.606,11
DIST_013,STATE_01,2021,Wheat,54746.8,176589.1,3.226,1481.5,21.1,2.59,148.2,1.0,0.517,12
DIST_013,STATE_01,2022,Wheat,145265.4,376231.3,2.59,1762.8,51.6,3.28,148.2,1.0,0.498,13
DIST_013,STATE_01,2023,Wheat,142909.8,454568.6,3.181,1810.7,55.0,2.6,148.2,1.0,0.56,14
DIST_014,STATE_02,2009,Wheat,73439.4,266580.3,3.63,1836.1,45.7,1.41,149.2,1.97,0.607,0
DIST_014,STATE_02,2010,Wheat,69257.2,247769.7,3.578,1571.3,28.9,2.75,149.2,1.97,0.591,1
DIST_014,STATE_02,2011,Wheat,111457.5,381870.0,3.426,1583.1,22.6,2.02,149.2,1.97,0.607,2
DIST_014,STATE_02,2012,Wheat,125048.4,299667.5,2.396,1529.5,75.6,2.11,149.2,1.97,0.531,3
DIST_014,STATE_02,2013,Wheat,149418.9,487905.0,3.265,1511.6,42.4,2.75,149.2,1.97,0.522,4
DIST_014,STATE_02,2014,Wheat,54922.1,195847.8,3.566,1543.8,0.0,2.53,149.2,1.97,0.588,5
DIST_014,STATE_02,2015,Wheat,128314.6,422139.0,3.29,1924.7,18.6,1.47,149.2,1.97,0.595,6
DIST_014,STATE_02,2016,Wheat,109075.2,439534.4,4.03,2025.9,30.4,2.59,149.2,1.97,0.638,7
DIST_014,STATE_02,2017,Wheat,81416.2,301586.8,3.704,1480.0,22.1,2.05,149.2,1.97,0.582,8
DIST_014,STATE_02,2018,Wheat,87681.1,384707.0,4.388,1800.1,9.5,1.27,149.2,1.97,0.618,9
DIST_014,STATE_02,2019,Wheat,162169.0,644160.3,3.972,1768.3,0.0,2.27,149.2,1.97,0.685,10
DIST_014,STATE_02,2020,Wheat,49046.4,204027.4,4.16,1670.6,10.9,2.28,149.2,1.97,0.624,11
DIST_014,STATE_02,2021,Wheat,162199.2,615234.4,3.793,1584.0,53.7,2.31,149.2,1.97,0.589,12
DIST_014,STATE_02,2022,Wheat,162302.2,506920.5,3.123,1864.4,100.1,1.75,149.2,1.97,0.569,13
DIST_014,STATE_02,2023,Wheat,136329.3,565947.7,4.151,1621.0,8.7,2.24,149.2,1.97,0.653,14
DIST_015,STATE_03,2009,Wheat,150622.0,494912.4,3.286,1796.9,21.2,2.38,155.8,2.1,0.562,0
DIST_015,STATE_03,2010,Wheat,89149.5,296023.2,3.321,1872.3,34.0,2.48,155.8,2.1,0.592,1
DIST_015,STATE_03,2011,Wheat,61228.2,211050.2,3.447,1791.1,21.1,1.21,155.8,2.1,0.543,2
DIST_015,STATE_03,2012,Wheat,138888.1,283368.8,2.04,1687.0,48.4,2.42,155.8,2.1,0.5,3
DIST_015,STATE_03,2013,Wheat,75681.4,218244.9,2.884,1471.2,49.6,2.19,155.8,2.1,0.584,4
DIST_015,STATE_03,2014,Wheat,161550.0,435737.7,2.697,1788.4,14.8,1.97,155.8,2.1,0.504,5
DIST_015,STATE_03,2015,Wheat,123323.3,356793.3,2.893,1803.5,45.8,2.5,155.8,2.1,0.571,6
DIST_015,STATE_03,2016,Wheat,170149.7,559168.5,3.286,1477.2,30.9,2.7,155.8,2.1,0.547,7
DIST_015,STATE_03,2017,Wheat,110592.7,367647.2,3.324,1619.7,10.2,2.48,155.8,2.1,0.538,8
DIST_015,STATE_03,2018,Wheat,87026.5,335502.0,3.855,1872.2,10.2,1.86,155.8,2.1,0.62,9
DIST_015,STATE_03,2019,Wheat,136950.9,472609.1,3.451,1577.0,22.6,2.04,155.8,2.1,0.558,10
DIST_015,STATE_03,2020,Wheat,79636.0,315074.1,3.956,2129.0,29.8,1.97,155.8,2.1,0.603,11
DIST_015,STATE_03,2021,Wheat,50860.7,199147.1,3.916,1903.2,26.8,2.51,155.8,2.1,0.611,12
DIST_015,STATE_03,2022,Wheat,75790.8,196220.8,2.589,1613.4,49.0,3.04,155.8,2.1,0.594,13
DIST_015,STATE_03,2023,Wheat,76977.5,276786.1,3.596,2016.4,36.3,1.64,155.8,2.1,0.573,14
DIST_016,STATE_04,2009,Wheat,105988.6,485485.8,4.581,1810.6,32.9,2.58,99.6,1.54,0.599,0
DIST_016,STATE_04,2010,Wheat,48191.2,205645.8,4.267,1854.4,23.1,2.17,99.6,1.54,0.563,1
DIST_016,STATE_04,2011,Wheat,97772.3,432696.0,4.426,1826.1,29.7,1.42,99.6,1.54,0.615,2
DIST_016,STATE_04,2012,Wheat,99583.0,224873.3,2.258,1714.7,84.6,3.29,99.6,1.54,0.561,3
DIST_016,STATE_04,2013,Wheat,82011.7,376503.8,4.591,1475.6,49.4,1.34,99.6,1.54,0.589,4
DIST_016,STATE_04,2014,Wheat,92924.5,401042.2,4.316,1473.6,13.6,2.48,99.6,1.54,0.612,5
DIST_016,STATE_04,2015,Wheat,163810.7,753046.9,4.597,1885.6,1.7,2.05,99.6,1.54,0.587,6
DIST_016,STATE_04,2016,Wheat,135380.7,578785.5,4.275,2130.9,35.4,2.37,99.6,1.54,0.667,7
DIST_016,STATE_04,2017,Wheat,120910.1,538334.8,4.452,2110.3,24.2,1.48,99.6,1.54,0.586,8
DIST_016,STATE_04,2018,Wheat,58051.3,295361.7,5.088,1760.3,34.4,2.41,99.6,1.54,0.681,9
DIST_016,STATE_04,2019,Wheat,152385.7,672779.1,4.415,2099.0,17.0,1.44,99.6,1.54,0.572,10
DIST_016,STATE_04,2020,Wheat,170145.1,912080.5,5.361,1833.0,26.1,2.2,99.6,1.54,0.689,11
DIST_016,STATE_04,2021,Wheat,62241.3,302282.6,4.857,2038.2,20.4,2.45,99.6,1.54,0.6,12
DIST_016,STATE_04,2022,Wheat,56831.8,235143.0,4.138,2120.9,56.7,2.59,99.6,1.54,0.578,13
DIST_016,STATE_04,2023,Wheat,105372.3,474002.2,4.498,1890.4,37.5,2.0,99.6,1.54,0.619,14
DIST_017,STATE_05,2009,Wheat,163526.5,796881.3,4.873,2007.6,42.5,2.49,175.1,0.91,0.613,0
DIST_017,STATE_05,2010,Wheat,55924.1,295042.0,5.276,1687.1,33.0,1.75,175.1,0.91,0.622,1
DIST_017,STATE_05,2011,Wheat,156034.9,793496.9,5.085,1502.8,27.6,2.58,175.1,0.91,0.641,2
DIST_017,STATE_05,2012,Wheat,148249.3,587391.5,3.962,1537.4,82.3,2.5,175.1,0.91,0.565,3
DIST_017,STATE_05,2013,Wheat,94617.1,481264.6,5.086,1467.7,25.8,2.75,175.1,0.91,0.657,4
DIST_017,STATE_05,2014,Wheat,113329.2,539123.3,4.757,1732.7,15.3,1.37,175.1,0.91,0.592,5
DIST_017,STATE_05,2015,Wheat,128644.4,695030.8,5.403,1885.1,21.8,1.29,175.1,0.91,0.699,6
DIST_017,STATE_05,2016,Wheat,61387.0,316562.5,5.157,1647.3,18.8,1.36,175.1,0.91,0.633,7
DIST_017,STATE_05,2017,Wheat,113772.0,612702.2,5.385,2137.7,31.6,1.69,175.1,0.91,0.689,8
DIST_017,STATE_05,2018,Wheat,116150.6,678006.6,5.837,1743.3,4.5,1.79,175.1,0.91,0.665,9
DIST_017,STATE_05,2019,Wheat,144037.9,826014.4,5.735,1988.5,20.3,1.22,175.1,0.91,0.65,10
DIST_017,STATE_05,2020,Wheat,80074.8,455259.1,5.685,1987.2,0.0,1.42,175.1,0.91,0.621,11
DIST_017,STATE_05,2021,Wheat,46636.3,259698.3,5.569,1628.8,24.8,1.38,175.1,0.91,0.678,12
DIST_017,STATE_05,2022,Wheat,106340.9,503946.7,4.739,2056.0,69.6,1.94,175.1,0.91,0.6,13
DIST_017,STATE_05,2023,Wheat,109262.4,645173.1,5.905,1733.1,12.1,1.83,175.1,0.91,0.718,14
DIST_018,STATE_06,2009,Wheat,87579.9,412523.8,4.71,1881.7,1.0,2.55,185.5,1.78,0.614,0
DIST_018,STATE_06,2010,Wheat,134012.8,716554.7,5.347,2031.6,15.9,2.22,185.5,1.78,0.633,1
DIST_018,STATE_06,2011,Wheat,114985.1,562815.8,4.895,1515.1,26.3,2.29,185.5,1.78,0.685,2
DIST_018,STATE_06,2012,Wheat,56446.9,236521.8,4.19,1916.4,58.0,2.17,185.5,1.78,0.645,3
DIST_018,STATE_06,2013,Wheat,134285.0,704014.8,5.243,1549.6,15.1,1.48,185.5,1.78,0.656,4
DIST_018,STATE_06,2014,Wheat,148190.3,712887.7,4.811,1610.5,34.1,1.81,185.5,1.78,0.67,5
DIST_018,STATE_06,2015,Wheat,128026.8,633977.8,4.952,1972.2,21.2,2.23,185.5,1.78,0.619,6
DIST_018,STATE_06,2016,Wheat,175746.0,894061.0,5.087,1994.1,46.8,2.4,185.5,1.78,0.695,7
DIST_018,STATE_06,2017,Wheat,62292.9,327483.9,5.257,1676.8,41.1,2.68,185.5,1.78,0.63,8
DIST_018,STATE_06,2018,Wheat,104319.7,577974.5,5.54,1874.1,5.8,2.71,185.5,1.78,0.645,9
DIST_018,STATE_06,2019,Wheat,71658.5,367588.3,5.13,2070.8,4.9,2.51,185.5,1.78,0.671,10
DIST_018,STATE_06,2020,Wheat,159279.4,924160.7,5.802,2098.2,37.6,1.94,185.5,1.78,0.646,11
DIST_018,STATE_06,2021,Wheat,149820.4,812825.1,5.425,1919.3,36.0,1.48,185.5,1.78,0.665,12
DIST_018,STATE_06,2022,Wheat,50828.5,217807.7,4.285,1580.4,70.5,1.91,185.5,1.78,0.634,13
DIST_018,STATE_06,2023,Wheat,73824.0,408768.4,5.537,1824.1,32.4,2.07,185.5,1.78,0.681,14
DIST_019,STATE_07,2009,Wheat,162898.6,741450.7,4.552,1845.4,34.4,2.42,140.8,1.05,0.616,0
DIST_019,STATE_07,2010,Wheat,46259.8,177530.7,3.838,1577.7,21.9,2.48,140.8,1.05,0.566,1
DIST_019,STATE_07,2011,Wheat,143964.6,612415.5,4.254,1841.2,4.0,1.5,140.8,1.05,0.644,2
DIST_019,STATE_07,2012,Wheat,45706.0,129954.3,2.843,1947.7,60.9,1.76,140.8,1.05,0.528,3
DIST_019,STATE_07,2013,Wheat,174339.9,774214.8,4.441,1677.6,11.7,1.69,140.8,1.05,0.603,4
DIST_019,STATE_07,2014,Wheat,142479.6,586940.1,4.119,2045.3,0.0,2.15,140.8,1.05,0.56,5
DIST_019,STATE_07,2015,Wheat,138908.4,545710.6,3.929,1432.3,2.1,2.47,140.8,1.05,0.633,6
DIST_019,STATE_07,2016,Wheat,109931.3,490188.7,4.459,1884.6,12.5,1.3,140.8,1.05,0.663,7
DIST_019,STATE_07,2017,Wheat,120689.1,598652.8,4.96,1862.4,40.4,1.63,140.8,1.05,0.654,8
DIST_019,STATE_07,2018,Wheat,112264.5,565115.4,5.034,1498.9,22.4,2.46,140.8,1.05,0.626,9
DIST_019,STATE_07,2019,Wheat,114831.3,549550.7,4.786,1758.1,35.2,1.44,140.8,1.05,0.608,10
DIST_019,STATE_07,2020,Wheat,74782.6,361140.6,4.829,1873.8,0.0,2.38,140.8,1.05,0.6,11
DIST_019,STATE_07,2021,Wheat,130883.9,667807.6,5.102,2010.0,21.6,2.54,140.8,1.05,0.613,12
DIST_019,STATE_07,2022,Wheat,122202.8,483124.3,3.953,1876.4,62.7,2.24,140.8,1.05,0.563,13
DIST_019,STATE_07,2023,Wheat,114940.6,528361.5,4.597,1679.1,36.6,2.71,140.8,1.05,0.608,14
DIST_020,STATE_08,2009,Wheat,153356.8,662705.7,4.321,1720.7,8.3,1.33,174.2,0.88,0.609,0
DIST_020,STATE_08,2010,Wheat,103974.8,494725.6,4.758,1915.7,51.6,2.42,174.2,0.88,0.639,1
DIST_020,STATE_08,2011,Wheat,63272.8,286976.4,4.536,1936.0,30.3,1.31,174.2,0.88,0.623,2
DIST_020,STATE_08,2012,Wheat,83095.3,339893.1,4.09,1598.2,75.3,2.1,174.2,0.88,0.595,3
DIST_020,STATE_08,2013,Wheat,105714.9,542148.5,5.128,1963.7,13.0,1.3,174.2,0.88,0.627,4
DIST_020,STATE_08,2014,Wheat,53458.2,264163.7,4.942,2059.5,26.5,1.86,174.2,0.88,0.602,5
DIST_020,STATE_08,2015,Wheat,47946.2,248083.9,5.174,1894.7,20.8,2.74,174.2,0.88,0.666,6
DIST_020,STATE_08,2016,Wheat,52054.8,263355.4,5.059,1728.2,38.3,2.77,174.2,0.88,0.613,7
DIST_020,STATE_08,2017,Wheat,71743.2,378701.6,5.279,1835.7,6.2,1.94,174.2,0.88,0.652,8
DIST_020,STATE_08,2018,Wheat,60402.9,330090.5,5.465,1550.9,30.2,1.56,174.2,0.88,0.676,9
DIST_020,STATE_08,2019,Wheat,120765.1,610783.0,5.058,1816.4,20.6,2.33,174.2,0.88,0.645,10
DIST_020,STATE_08,2020,Wheat,56032.9,315601.1,5.632,1775.8,6.0,2.71,174.2,0.88,0.662,11
DIST_020,STATE_08,2021,Wheat,107409.9,576699.5,5.369,1748.2,38.6,2.24,174.2,0.88,0.631,12
DIST_020,STATE_08,2022,Wheat,153864.5,692006.3,4.498,1786.5,71.1,1.78,174.2,0.88,0.599,13
DIST_020,STATE_08,2023,Wheat,79913.8,439576.0,5.501,1585.3,42.4,2.03,174.2,0.88,0.635,14
DIST_021,STATE_09,2009,Wheat,105917.3,334764.4,3.161,2089.5,32.7,2.44,177.8,1.92,0.591,0
DIST_021,STATE_09,2010,Wheat,117724.7,385699.2,3.276,1753.5,29.5,2.52,177.8,1.92,0.546,1
DIST_021,STATE_09,2011,Wheat,175204.3,642668.3,3.668,1552.6,16.5,2.04,177.8,1.92,0.612,2
DIST_021,STATE_09,2012,Wheat,130668.6,296311.0,2.268,1973.5,60.0,2.33,177.8,1.92,0.531,3
DIST_021,STATE_09,2013,Wheat,66323.9,241679.8,3.644,1907.1,15.3,2.57,177.8,1.92,0.615,4
DIST_021,STATE_09,2014,Wheat,177775.4,606098.9,3.409,1523.5,32.3,1.52,177.8,1.92,0.546,5
DIST_021,STATE_09,2015,Wheat,104443.7,378779.4,3.627,1860.7,25.4,2.75,177.8,1.92,0.625,6
DIST_021,STATE_09,2016,Wheat,135169.2,490934.9,3.632,1879.3,24.3,1.47,177.8,1.92,0.578,7
DIST_021,STATE_09,2017,Wheat,66901.5,258050.6,3.857,1448.8,42.8,2.35,177.8,1.92,0.67,8
DIST_021,STATE_09,2018,Wheat,55719.9,234683.4,4.212,1957.0,30.1,2.51,177.8,1.92,0.598,9
DIST_021,STATE_09,2019,Wheat,87437.3,363101.4,4.153,1779.8,30.3,2.51,177.8,1.92,0.54,10
DIST_021,STATE_09,2020,Wheat,156813.6,649745.4,4.143,1689.6,15.9,1.48,177.8,1.92,0.629,11
DIST_021,STATE_09,2021,Wheat,58586.1,230092.2,3.927,1627.9,19.1,1.92,177.8,1.92,0.567,12
DIST_021,STATE_09,2022,Wheat,132904.9,383622.5,2.886,1899.6,85.0,2.45,177.8,1.92,0.541,13
DIST_021,STATE_09,2023,Wheat,62045.7,241372.0,3.89,1943.3,27.0,1.72,177.8,1.92,0.58,14
DIST_022,STATE_10,2009,Wheat,158000.6,511136.4,3.235,1595.5,45.6,2.02,175.6,0.94,0.598,0
DIST_022,STATE_10,2010,Wheat,49480.6,147435.1,2.98,1617.8,14.8,2.25,175.6,0.94,0.579,1
DIST_022,STATE_10,2011,Wheat,134773.0,463835.2,3.442,1592.2,29.1,2.1,175.6,0.94,0.595,2
DIST_022,STATE_10,2012,Wheat,105352.5,265745.4,2.522,1737.3,72.1,2.31,175.6,0.94,0.572,3
DIST_022,STATE_10,2013,Wheat,144887.1,468116.6,3.231,2062.7,23.6,1.65,175.6,0.94,0.554,4
DIST_022,STATE_10,2014,Wheat,167954.0,604195.2,3.597,1952.8,38.3,1.65,175.6,0.94,0.566,5
DIST_022,STATE_10,2015,Wheat,58032.2,205814.6,3.547,1599.3,52.6,1.22,175.6,0.94,0.523,6
DIST_022,STATE_10,2016,Wheat,125778.3,430875.1,3.426,1643.1,40.8,1.28,175.6,0.94,0.549,7
DIST_022,STATE_10,2017,Wheat,165460.8,625825.2,3.782,1569.7,50.7,1.33,175.6,0.94,0.611,8
DIST_022,STATE_10,2018,Wheat,123678.9,470426.0,3.804,2141.8,15.3,2.57,175.6,0.94,0.568,9
DIST_022,STATE_10,2019,Wheat,157235.4,572927.4,3.644,1869.3,29.0,2.53,175.6,0.94,0.603,10
DIST_022,STATE_10,2020,Wheat,122189.3,517023.2,4.231,1817.2,0.0,1.9,175.6,0.94,0.587,11
DIST_022,STATE_10,2021,Wheat,165490.6,637559.3,3.853,1770.4,45.6,2.17,175.6,0.94,0.629,12
DIST_022,STATE_10,2022,Wheat,77053.5,219460.7,2.848,1823.7,96.2,1.87,175.6,0.94,0.544,13
DIST_022,STATE_10,2023,Wheat,133050.3,427630.3,3.214,2135.4,47.2,2.01,175.6,0.94,0.585,14
DIST_023,STATE_11,2009,Wheat,51162.6,209005.9,4.085,1498.0,0.0,1.64,97.1,0.98,0.559,0
DIST_023,STATE_11,2010,Wheat,127455.3,537766.1,4.219,1601.5,26.2,1.21,97.1,0.98,0.563,1
DIST_023,STATE_11,2011,Wheat,122226.6,556882.4,4.556,1768.9,16.3,1.67,97.1,0.98,0.615,2
DIST_023,STATE_11,2012,Wheat,128304.0,374555.9,2.919,1494.7,80.1,2.25,97.1,0.98,0.587,3
DIST_023,STATE_11,2013,Wheat,111628.8,488973.9,4.38,1911.6,14.4,1.87,97.1,0.98,0.568,4
DIST_023,STATE_11,2014,Wheat,141394.4,654354.4,4.628,1850.5,22.3,1.69,97.1,0.98,0.609,5
DIST_023,STATE_11,2015,Wheat,79777.0,359134.2,4.502,1471.7,49.2,1.38,97.1,0.98,0.645,6
DIST_023,STATE_11,2016,Wheat,94822.2,407920.7,4.302,1519.7,0.0,1.87,97.1,0.98,0.606,7
DIST_023,STATE_11,2017,Wheat,55824.3,255353.9,4.574,1688.3,27.5,2.29,97.1,0.98,0.634,8
DIST_023,STATE_11,2018,Wheat,125144.2,618812.7,4.945,1452.1,35.6,2.18,97.1,0.98,0.643,9
DIST_023,STATE_11,2019,Wheat,61275.4,290470.7,4.74,2081.7,34.5,1.31,97.1,0.98,0.593,10
DIST_023,STATE_11,2020,Wheat,101974.6,499136.4,4.895,1661.5,26.6,1.98,97.1,0.98,0.617,11
DIST_023,STATE_11,2021,Wheat,61605.4,293133.5,4.758,1851.0,44.0,2.24,97.1,0.98,0.602,12
DIST_023,STATE_11,2022,Wheat,138486.5,522463.5,3.773,1766.0,52.1,2.19,97.1,0.98,0.616,13
DIST_023,STATE_11,2023,Wheat,152781.3,727023.2,4.759,2045.7,46.5,2.57,97.1,0.98,0.624,14
DIST_024,STATE_12,2009,Wheat,126145.0,467267.5,3.704,1893.9,10.2,1.47,148.2,1.16,0.631,0
DIST_024,STATE_12,2010,Wheat,165163.1,540096.7,3.27,1647.1,21.8,1.45,148.2,1.16,0.57,1
DIST_024,STATE_12,2011,Wheat,130981.8,465138.8,3.551,1648.4,22.7,1.7,148.2,1.16,0.559,2
DIST_024,STATE_12,2012,Wheat,126780.2,280286.4,2.211,1670.2,98.4,1.92,148.2,1.16,0.513,3
DIST_024,STATE_12,2013,Wheat,113236.4,403466.8,3.563,2094.8,24.8,1.81,148.2,1.16,0.548,4
DIST_024,STATE_12,2014,Wheat,48152.5,175085.2,3.636,1954.3,0.0,2.64,148.2,1.16,0.573,5
DIST_024,STATE_12,2015,Wheat,126397.3,498731.5,3.946,2008.7,20.0,2.77,148.2,1.16,0.55,6
DIST_024,STATE_12,2016,Wheat,90952.3,313324.9,3.445,1814.0,27.7,2.07,148.2,1.16,0.54,7
DIST_024,STATE_12,2017,Wheat,104459.6,420034.0,4.021,1651.6,32.5,1.61,148.2,1.16,0.561,8
DIST_024,STATE_12,2018,Wheat,120290.7,540475.0,4.493,1688.1,12.0,2.13,148.2,1.16,0.613,9
DIST_024,STATE_12,2019,Wheat,129541.6,475996.3,3.674,1792.2,29.4,2.11,148.2,1.16,0.612,10
DIST_024,STATE_12,2020,Wheat,72177.1,320810.8,4.445,1731.6,24.5,2.07,148.2,1.16,0.599,11
DIST_024,STATE_12,2021,Wheat,117007.2,480307.7,4.105,2069.0,32.0,1.41,148.2,1.16,0.591,12
DIST_024,STATE_12,2022,Wheat,82228.6,255729.4,3.11,2079.0,74.2,3.21,148.2,1.16,0.559,13
DIST_024,STATE_12,2023,Wheat,177433.3,681052.7,3.838,1808.4,28.8,1.8,148.2,1.16,0.623,14
DIST_025,STATE_01,2009,Wheat,111463.9,388880.0,3.489,1804.1,0.0,2.58,110.3,1.74,0.576,0
DIST_025,STATE_01,2010,Wheat,156715.1,555572.5,3.545,1940.2,33.3,1.52,110.3,1.74,0.582,1
DIST_025,STATE_01,2011,Wheat,165567.2,630840.0,3.81,1453.7,21.9,2.61,110.3,1.74,0.608,2
DIST_025,STATE_01,2012,Wheat,170061.7,290121.7,1.706,1428.4,25.9,2.46,110.3,1.74,0.54,3
DIST_025,STATE_01,2013,Wheat,138491.9,532585.1,3.846,1514.1,10.4,2.49,110.3,1.74,0.55,4
DIST_025,STATE_01,2014,Wheat,174255.5,597720.1,3.43,1431.2,14.7,2.8,110.3,1.74,0.604,5
DIST_025,STATE_01,2015,Wheat,84773.6,324428.2,3.827,1440.0,35.9,2.38,110.3,1.74,0.607,6
DIST_025,STATE_01,2016,Wheat,148804.6,572759.0,3.849,1896.0,16.1,2.43,110.3,1.74,0.603,7
DIST_025,STATE_01,2017,Wheat,56961.6,231051.3,4.056,1781.3,22.6,1.85,110.3,1.74,0.578,8
DIST_025,STATE_01,2018,Wheat,92090.8,373900.3,4.06,1522.7,0.0,1.32,110.3,1.74,0.607,9
DIST_025,STATE_01,2019,Wheat,140456.7,595884.5,4.242,1485.2,25.0,1.32,110.3,1.74,0.559,10
DIST_025,STATE_01,2020,Wheat,82935.6,349712.7,4.217,2017.4,13.6,2.69,110.3,1.74,0.632,11
DIST_025,STATE_01,2021,Wheat,88401.9,346559.2,3.92,1793.5,34.5,2.77,110.3,1.74,0.558,12
DIST_025,STATE_01,2022,Wheat,93304.9,294062.3,3.152,1918.5,24.7,2.64,110.3,1.74,0.57,13
DIST_025,STATE_01,2023,Wheat,137153.3,534417.3,3.896,1639.4,27.8,2.34,110.3,1.74,0.608,14
DIST_026,STATE_02,2009,Wheat,149671.7,619920.8,4.142,1590.0,0.0,1.41,142.0,0.81,0.603,0
DIST_026,STATE_02,2010,Wheat,146067.1,573967.8,3.929,1627.3,27.3,1.2,142.0,0.81,0.576,1
DIST_026,STATE_02,2011,Wheat,82282.9,338128.9,4.109,1904.9,12.1,1.36,142.0,0.81,0.636,2
DIST_026,STATE_02,2012,Wheat,81503.1,239918.9,2.944,2004.9,85.4,3.13,142.0,0.81,0.536,3
DIST_026,STATE_02,2013,Wheat,95937.9,422916.2,4.408,2094.9,22.9,1.34,142.0,0.81,0.612,4
DIST_026,STATE_02,2014,Wheat,97332.6,460959.8,4.736,1867.9,32.8,2.27,142.0,0.81,0.603,5
DIST_026,STATE_02,2015,Wheat,85237.0,367172.8,4.308,1503.8,28.0,2.45,142.0,0.81,0.597,6
DIST_026,STATE_02,2016,Wheat,93606.8,408635.5,4.365,2104.8,0.0,1.93,142.0,0.81,0.613,7
DIST_026,STATE_02,2017,Wheat,94924.8,402278.7,4.238,1476.6,6.7,2.43,142.0,0.81,0.645,8
DIST_026,STATE_02,2018,Wheat,73619.2,365198.4,4.961,1905.1,20.2,1.96,142.0,0.81,0.628,9
DIST_026,STATE_02,2019,Wheat,136504.8,622022.7,4.557,1875.4,13.9,2.24,142.0,0.81,0.608,10
DIST_026,STATE_02,2020,Wheat,87609.7,438569.0,5.006,1906.4,48.2,1.52,142.0,0.81,0.615,11
DIST_026,STATE_02,2021,Wheat,94651.1,423407.3,4.473,1500.7,34.0,1.38,142.0,0.81,0.565,12
DIST_026,STATE_02,2022,Wheat,46983.6,169104.1,3.599,1730.4,71.8,2.24,142.0,0.81,0.575,13
DIST_026,STATE_02,2023,Wheat,99579.1,396902.4,3.986,1841.7,23.8,1.94,142.0,0.81,0.598,14
DIST_027,STATE_03,2009,Wheat,149344.4,774067.2,5.183,1764.9,14.1,2.76,141.9,1.62,0.666,0
DIST_027,STATE_03,2010,Wheat,61228.0,313037.3,5.113,1590.9,26.5,1.76,141.9,1.62,0.689,1
DIST_027,STATE_03,2011,Wheat,176516.2,927922.2,5.257,2002.9,4.7,1.24,141.9,1.62,0.653,2
DIST_027,STATE_03,2012,Wheat,106829.4,371109.5,3.474,1693.6,73.7,2.18,141.9,1.62,0.574,3
DIST_027,STATE_03,2013,Wheat,145905.0,684134.1,4.689,1751.7,25.3,2.74,141.9,1.62,0.632,4
DIST_027,STATE_03,2014,Wheat,75426.5,384167.1,5.093,1562.1,15.2,1.43,141.9,1.62,0.68,5
DIST_027,STATE_03,2015,Wheat,123070.3,655856.4,5.329,1532.9,32.5,1.82,141.9,1.62,0.685,6
DIST_027,STATE_03,2016,Wheat,91600.9,452709.6,4.942,2077.2,37.7,1.66,141.9,1.62,0.665,7
DIST_027,STATE_03,2017,Wheat,140542.4,739352.8,5.261,1483.5,12.5,1.41,141.9,1.62,0.711,8
DIST_027,STATE_03,2018,Wheat,116504.1,688291.1,5.908,1614.3,55.4,1.32,141.9,1.62,0.675,9
DIST_027,STATE_03,2019,Wheat,107054.8,597374.2,5.58,1832.6,15.7,1.89,141.9,1.62,0.618,10
DIST_027,STATE_03,2020,Wheat,158892.7,895311.1,5.635,2141.8,21.0,2.47,141.9,1.62,0.651,11
DIST_027,STATE_03,2021,Wheat,174684.6,979428.3,5.607,1597.8,1.0,1.9,141.9,1.62,0.676,12
DIST_027,STATE_03,2022,Wheat,54866.0,255048.0,4.649,1900.6,76.4,2.91,141.9,1.62,0.625,13
DIST_027,STATE_03,2023,Wheat,141974.7,784903.8,5.528,1643.1,6.4,2.22,141.9,1.62,0.63,14
DIST_028,STATE_04,2009,Wheat,46633.9,194057.2,4.161,1406.3,34.3,1.57,167.2,1.35,0.598,0
DIST_028,STATE_04,2010,Wheat,88425.4,333857.9,3.776,1998.6,34.1,2.37,167.2,1.35,0.584,1
DIST_028,STATE_04,2011,Wheat,48937.9,191589.8,3.915,1746.6,13.1,1.66,167.2,1.35,0.605,2
DIST_028,STATE_04,2012,Wheat,169136.7,528477.6,3.125,2110.3,49.8,2.91,167.2,1.35,0.515,3
DIST_028,STATE_04,2013,Wheat,151319.1,568438.3,3.757,1595.7,40.1,2.1,167.2,1.35,0.63,4
DIST_028,STATE_04,2014,Wheat,77453.9,306483.3,3.957,1559.1,2.1,1.26,167.2,1.35,0.597,5
DIST_028,STATE_04,2015,Wheat,173312.0,729891.1,4.211,1837.1,35.3,1.9,167.2,1.35,0.623,6
DIST_028,STATE_04,2016,Wheat,147434.8,739642.5,5.017,1632.7,36.7,2.71,167.2,1.35,0.63,7
DIST_028,STATE_04,2017,Wheat,150349.3,654907.8,4.356,1773.4,38.8,2.0,167.2,1.35,0.625,8
DIST_028,STATE_04,2018,Wheat,89761.2,423910.2,4.723,2043.5,5.1,1.53,167.2,1.35,0.627,9
DIST_028,STATE_04,2019,Wheat,100270.6,468323.8,4.671,2017.6,17.8,2.31,167.2,1.35,0.654,10
DIST_028,STATE_04,2020,Wheat,133377.8,673109.5,5.047,1561.1,26.6,1.65,167.2,1.35,0.671,11
DIST_028,STATE_04,2021,Wheat,62262.0,277510.7,4.457,1995.9,23.8,1.2,167.2,1.35,0.637,12
DIST_028,STATE_04,2022,Wheat,176365.6,722288.7,4.095,1623.3,31.6,2.19,167.2,1.35,0.571,13
DIST_028,STATE_04,2023,Wheat,45199.0,202759.4,4.486,1980.5,43.3,2.56,167.2,1.35,0.642,14
DIST_029,STATE_05,2009,Wheat,69517.9,274295.6,3.946,1659.7,33.7,2.64,120.3,1.09,0.578,0
DIST_029,STATE_05,2010,Wheat,124736.1,515207.1,4.13,1867.7,26.3,2.33,120.3,1.09,0.579,1
DIST_029,STATE_05,2011,Wheat,123809.3,487791.5,3.94,2076.6,16.5,1.27,120.3,1.09,0.615,2
DIST_029,STATE_05,2012,Wheat,141447.3,354567.7,2.507,1946.3,47.5,1.86,120.3,1.09,0.598,3
DIST_029,STATE_05,2013,Wheat,94852.9,444600.6,4.687,2073.0,33.0,2.34,120.3,1.09,0.652,4
DIST_029,STATE_05,2014,Wheat,138770.4,577118.6,4.159,1935.3,23.9,2.58,120.3,1.09,0.63,5
DIST_029,STATE_05,2015,Wheat,71357.5,274403.1,3.845,1671.7,31.6,2.36,120.3,1.09,0.615,6
DIST_029,STATE_05,2016,Wheat,111994.9,470735.7,4.203,1701.4,26.3,1.46,120.3,1.09,0.627,7
DIST_029,STATE_05,2017,Wheat,96887.9,416817.7,4.302,1457.6,2.2,2.33,120.3,1.09,0.599,8
DIST_029,STATE_05,2018,Wheat,118768.1,553653.6,4.662,2121.9,25.1,2.35,120.3,1.09,0.605,9
DIST_029,STATE_05,2019,Wheat,153000.5,630407.6,4.12,1836.9,29.0,1.83,120.3,1.09,0.588,10
DIST_029,STATE_05,2020,Wheat,162640.9,738520.2,4.541,1925.9,12.1,2.47,120.3,1.09,0.64,11
DIST_029,STATE_05,2021,Wheat,122185.7,479981.5,3.928,2043.0,19.5,2.08,120.3,1.09,0.599,12
DIST_029,STATE_05,2022,Wheat,86414.8,314740.5,3.642,1712.1,47.2,2.87,120.3,1.09,0.617,13
DIST_029,STATE_05,2023,Wheat,150807.6,631654.9,4.188,1670.0,22.7,1.89,120.3,1.09,0.572,14
DIST_030,STATE_06,2009,Wheat,131634.1,425631.3,3.233,1870.0,7.2,1.87,127.4,2.02,0.583,0
DIST_030,STATE_06,2010,Wheat,82510.1,236484.1,2.866,1598.4,28.9,1.89,127.4,2.02,0.513,1
DIST_030,STATE_06,2011,Wheat,176041.3,534084.2,3.034,1489.3,47.7,2.33,127.4,2.02,0.541,2
DIST_030,STATE_06,2012,Wheat,91780.8,151650.0,1.652,1693.3,57.6,2.47,127.4,2.02,0.484,3
DIST_030,STATE_06,2013,Wheat,133662.1,384147.9,2.874,2098.0,9.9,2.17,127.4,2.02,0.55,4
DIST_030,STATE_06,2014,Wheat,57429.0,183538.1,3.196,1844.3,47.5,1.63,127.4,2.02,0.603,5
DIST_030,STATE_06,2015,Wheat,140395.0,476969.3,3.397,1857.0,7.8,1.7,127.4,2.02,0.594,6
DIST_030,STATE_06,2016,Wheat,161922.9,462347.8,2.855,2097.7,21.8,2.14,127.4,2.02,0.561,7
DIST_030,STATE_06,2017,Wheat,100100.5,354988.1,3.546,1450.8,42.5,2.13,127.4,2.02,0.57,8
DIST_030,STATE_06,2018,Wheat,98869.8,386830.0,3.913,2032.9,0.6,1.5,127.4,2.02,0.569,9
DIST_030,STATE_06,2019,Wheat,146031.9,487637.9,3.339,2090.2,0.9,1.9,127.4,2.02,0.558,10
DIST_030,STATE_06,2020,Wheat,46222.3,180676.9,3.909,1867.6,48.5,1.59,127.4,2.02,0.633,11
DIST_030,STATE_06,2021,Wheat,71901.5,240060.7,3.339,2074.2,29.0,2.38,127.4,2.02,0.551,12
DIST_030,STATE_06,2022,Wheat,53441.0,152892.3,2.861,1786.3,56.9,2.87,127.4,2.02,0.601,13
DIST_030,STATE_06,2023,Wheat,55955.1,212840.0,3.804,2136.0,31.1,2.52,127.4,2.02,0.604,14
DIST_031,STATE_07,2009,Wheat,144618.8,752917.3,5.206,1765.0,35.2,1.31,144.4,0.9,0.667,0
DIST_031,STATE_07,2010,Wheat,123900.6,600253.2,4.845,1781.8,13.2,2.63,144.4,0.9,0.59,1
DIST_031,STATE_07,2011,Wheat,106336.6,554939.4,5.219,1851.2,34.6,1.6,144.4,0.9,0.629,2
DIST_031,STATE_07,2012,Wheat,132658.5,494611.1,3.728,2070.4,95.8,1.8,144.4,0.9,0.571,3
DIST_031,STATE_07,2013,Wheat,104929.1,550548.4,5.247,1435.3,25.4,1.29,144.4,0.9,0.59,4
DIST_031,STATE_07,2014,Wheat,59228.1,312443.3,5.275,1960.1,24.8,1.86,144.4,0.9,0.611,5
DIST_031,STATE_07,2015,Wheat,66531.5,354297.6,5.325,1542.3,36.9,2.5,144.4,0.9,0.661,6
DIST_031,STATE_07,2016,Wheat,84040.3,419644.6,4.993,1651.9,29.9,1.6,144.4,0.9,0.726,7
DIST_031,STATE_07,2017,Wheat,93179.6,514643.4,5.523,1687.7,32.2,1.69,144.4,0.9,0.675,8
DIST_031,STATE_07,2018,Wheat,173630.0,1010957.1,5.822,1673.7,26.3,2.71,144.4,0.9,0.604,9
DIST_031,STATE_07,2019,Wheat,112922.9,628775.2,5.568,1585.7,0.0,2.57,144.4,0.9,0.688,10
DIST_031,STATE_07,2020,Wheat,146028.0,860173.6,5.89,1762.4,32.2,2.18,144.4,0.9,0.688,11
DIST_031,STATE_07,2021,Wheat,69199.2,357093.3,5.16,1945.8,18.7,1.46,144.4,0.9,0.636,12
DIST_031,STATE_07,2022,Wheat,142029.8,701026.4,4.936,1977.7,51.3,1.83,144.4,0.9,0.637,13
DIST_031,STATE_07,2023,Wheat,92826.6,502350.6,5.412,1543.7,31.4,1.56,144.4,0.9,0.727,14
DIST_032,STATE_08,2009,Wheat,76617.5,264178.1,3.448,1553.7,26.7,2.09,95.8,1.19,0.589,0
DIST_032,STATE_08,2010,Wheat,118022.2,352683.2,2.988,1892.5,0.0,2.32,95.8,1.19,0.558,1
DIST_032,STATE_08,2011,Wheat,100614.3,312456.1,3.105,2019.4,33.2,1.38,95.8,1.19,0.629,2
DIST_032,STATE_08,2012,Wheat,60822.5,82863.7,1.362,1651.0,76.5,2.03,95.8,1.19,0.468,3
DIST_032,STATE_08,2013,Wheat,72582.7,271052.0,3.734,1775.5,21.5,1.87,95.8,1.19,0.586,4
DIST_032,STATE_08,2014,Wheat,120691.6,407156.3,3.374,1864.9,8.6,1.22,95.8,1.19,0.598,5
DIST_032,STATE_08,2015,Wheat,157875.9,580972.9,3.68,2005.0,51.4,2.55,95.8,1.19,0.523,6
DIST_032,STATE_08,2016,Wheat,151860.4,547920.9,3.608,1750.9,30.0,2.61,95.8,1.19,0.573,7
DIST_032,STATE_08,2017,Wheat,97356.5,340725.0,3.5,2002.5,24.0,2.64,95.8,1.19,0.57,8
DIST_032,STATE_08,2018,Wheat,175688.9,731125.7,4.161,1491.6,39.1,2.24,95.8,1.19,0.599,9
DIST_032,STATE_08,2019,Wheat,153515.0,556330.4,3.624,1753.4,8.8,1.76,95.8,1.19,0.562,10
DIST_032,STATE_08,2020,Wheat,54276.3,227080.7,4.184,1713.7,51.4,2.25,95.8,1.19,0.597,11
DIST_032,STATE_08,2021,Wheat,110338.6,446060.8,4.043,1463.7,7.9,2.49,95.8,1.19,0.608,12
DIST_032,STATE_08,2022,Wheat,148479.5,502587.9,3.385,1873.6,92.7,2.95,95.8,1.19,0.596,13
DIST_032,STATE_08,2023,Wheat,114931.1,474181.9,4.126,1568.2,41.1,2.39,95.8,1.19,0.649,14
DIST_033,STATE_09,2009,Wheat,147426.6,481014.4,3.263,1818.0,28.3,2.25,109.5,1.94,0.574,0
DIST_033,STATE_09,2010,Wheat,130372.8,450316.3,3.454,1514.5,52.1,1.63,109.5,1.94,0.57,1
DIST_033,STATE_09,2011,Wheat,77602.6,241046.1,3.106,1560.4,9.9,1.88,109.5,1.94,0.563,2
DIST_033,STATE_09,2012,Wheat,55391.2,107557.8,1.942,1902.3,83.5,2.31,109.5,1.94,0.531,3
DIST_033,STATE_09,2013,Wheat,152492.6,550709.2,3.611,1610.4,8.6,2.7,109.5,1.94,0.609,4
DIST_033,STATE_09,2014,Wheat,81384.1,247671.1,3.043,1558.6,41.6,2.31,109.5,1.94,0.574,5
DIST_033,STATE_09,2015,Wheat,80725.7,250407.5,3.102,1893.4,33.3,2.42,109.5,1.94,0.581,6
DIST_033,STATE_09,2016,Wheat,103366.7,336084.8,3.251,1456.8,46.5,1.62,109.5,1.94,0.579,7
DIST_033,STATE_09,2017,Wheat,50262.2,157950.9,3.143,1906.8,35.2,2.62,109.5,1.94,0.555,8
DIST_033,STATE_09,2018,Wheat,166629.7,651331.3,3.909,2142.3,30.0,1.6,109.5,1.94,0.604,9
DIST_033,STATE_09,2019,Wheat,57813.9,199279.7,3.447,2149.2,26.9,1.72,109.5,1.94,0.599,10
DIST_033,STATE_09,2020,Wheat,179679.8,756802.0,4.212,1624.0,34.2,1.26,109.5,1.94,0.576,11
DIST_033,STATE_09,2021,Wheat,48027.5,175430.9,3.653,1712.3,30.0,1.7,109.5,1.94,0.627,12
DIST_033,STATE_09,2022,Wheat,76322.5,218750.3,2.866,1475.1,79.3,2.92,109.5,1.94,0.593,13
DIST_033,STATE_09,2023,Wheat,129322.9,526549.9,4.072,2075.1,55.3,2.14,109.5,1.94,0.605,14
DIST_034,STATE_10,2009,Wheat,97546.1,436107.4,4.471,1560.2,35.6,2.69,134.2,1.66,0.622,0
DIST_034,STATE_10,2010,Wheat,73570.8,338552.3,4.602,2101.9,0.0,2.77,134.2,1.66,0.656,1
DIST_034,STATE_10,2011,Wheat,141538.5,664117.9,4.692,1825.2,24.0,2.28,134.2,1.66,0.606,2
DIST_034,STATE_10,2012,Wheat,95371.6,288510.5,3.025,2074.2,70.0,2.81,134.2,1.66,0.521,3
DIST_034,STATE_10,2013,Wheat,82163.9,402411.9,4.898,1529.3,45.1,2.22,134.2,1.66,0.598,4
DIST_034,STATE_10,2014,Wheat,140193.8,670572.1,4.783,1743.6,39.3,1.47,134.2,1.66,0.644,5
DIST_034,STATE_10,2015,Wheat,158150.9,810262.0,5.123,1992.0,37.8,2.74,134.2,1.66,0.614,6
DIST_034,STATE_10,2016,Wheat,99254.8,550396.8,5.545,1542.6,0.2,2.67,134.2,1.66,0.676,7
DIST_034,STATE_10,2017,Wheat,92914.8,489073.5,5.264,1476.4,48.6,1.25,134.2,1.66,0.624,8
DIST_034,STATE_10,2018,Wheat,163931.4,870892.7,5.313,2063.0,22.8,2.25,134.2,1.66,0.663,9
DIST_034,STATE_10,2019,Wheat,164622.6,795049.8,4.83,1587.7,11.6,2.48,134.2,1.66,0.661,10
DIST_034,STATE_10,2020,Wheat,49053.5,272673.8,5.559,2083.2,29.3,1.94,134.2,1.66,0.663,11
DIST_034,STATE_10,2021,Wheat,176671.3,861396.2,4.876,2031.9,22.1,2.56,134.2,1.66,0.613,12
DIST_034,STATE_10,2022,Wheat,75964.4,336015.6,4.423,1793.4,67.3,2.13,134.2,1.66,0.564,13
DIST_034,STATE_10,2023,Wheat,152769.6,760655.4,4.979,1698.4,9.8,1.41,134.2,1.66,0.614,14
DIST_035,STATE_11,2009,Wheat,91257.1,298353.0,3.269,2005.3,30.0,1.45,125.5,1.61,0.568,0
DIST_035,STATE_11,2010,Wheat,85826.6,274397.3,3.197,1799.4,19.6,2.13,125.5,1.61,0.575,1
DIST_035,STATE_11,2011,Wheat,129239.8,408759.7,3.163,1601.5,25.3,1.98,125.5,1.61,0.562,2
DIST_035,STATE_11,2012,Wheat,156021.5,341356.9,2.188,1454.9,57.5,2.37,125.5,1.61,0.578,3
DIST_035,STATE_11,2013,Wheat,122528.8,424428.6,3.464,1887.0,32.2,1.7,125.5,1.61,0.588,4
DIST_035,STATE_11,2014,Wheat,178575.9,695585.6,3.895,2047.7,27.1,1.79,125.5,1.61,0.592,5
DIST_035,STATE_11,2015,Wheat,145121.6,476422.8,3.283,1774.8,43.7,1.78,125.5,1.61,0.567,6
DIST_035,STATE_11,2016,Wheat,89311.5,322498.2,3.611,1752.8,40.8,2.42,125.5,1.61,0.575,7
DIST_035,STATE_11,2017,Wheat,173445.1,632945.9,3.649,1562.8,53.6,1.98,125.5,1.61,0.633,8
DIST_035,STATE_11,2018,Wheat,76026.6,321373.4,4.227,1831.9,47.2,1.43,125.5,1.61,0.572,9
DIST_035,STATE_11,2019,Wheat,82616.8,288443.2,3.491,1603.1,29.4,1.49,125.5,1.61,0.561,10
DIST_035,STATE_11,2020,Wheat,175940.1,779426.6,4.43,1854.9,37.5,1.43,125.5,1.61,0.652,11
DIST_035,STATE_11,2021,Wheat,94597.7,357193.5,3.776,1520.9,42.7,2.47,125.5,1.61,0.595,12
DIST_035,STATE_11,2022,Wheat,135823.2,454212.5,3.344,1619.4,76.1,2.1,125.5,1.61,0.563,13
DIST_035,STATE_11,2023,Wheat,129689.4,527610.9,4.068,1995.2,30.6,1.44,125.5,1.61,0.538,14
DIST_036,STATE_12,2009,Wheat,50408.0,144174.6,2.86,1604.0,15.2,2.65,138.6,1.98,0.53,0
DIST_036,STATE_12,2010,Wheat,147677.7,367976.0,2.492,1513.1,0.0,1.98,138.6,1.98,0.596,1
DIST_036,STATE_12,2011,Wheat,179940.3,494126.4,2.746,1948.6,42.6,1.47,138.6,1.98,0.537,2
DIST_036,STATE_12,2012,Wheat,72600.5,160056.0,2.205,1653.3,106.2,3.16,138.6,1.98,0.533,3
DIST_036,STATE_12,2013,Wheat,51782.8,171575.9,3.313,1444.4,83.9,2.08,138.6,1.98,0.607,4
DIST_036,STATE_12,2014,Wheat,66691.7,211856.0,3.177,1442.5,1.7,1.28,138.6,1.98,0.556,5
DIST_036,STATE_12,2015,Wheat,127123.1,398384.8,3.134,1626.7,29.9,1.48,138.6,1.98,0.6,6
DIST_036,STATE_12,2016,Wheat,97932.6,313337.3,3.2,1960.5,29.9,1.58,138.6,1.98,0.553,7
DIST_036,STATE_12,2017,Wheat,170434.5,602943.8,3.538,1711.1,52.7,1.31,138.6,1.98,0.626,8
DIST_036,STATE_12,2018,Wheat,91586.3,339334.5,3.705,1466.1,27.1,2.74,138.6,1.98,0.601,9
DIST_036,STATE_12,2019,Wheat,80842.0,283373.1,3.505,1878.0,7.4,2.56,138.6,1.98,0.613,10
DIST_036,STATE_12,2020,Wheat,164455.4,671006.6,4.08,1972.3,10.6,2.74,138.6,1.98,0.572,11
DIST_036,STATE_12,2021,Wheat,178664.7,672729.8,3.765,1678.3,47.1,1.74,138.6,1.98,0.585,12
DIST_036,STATE_12,2022,Wheat,91357.2,268104.1,2.935,2049.2,58.0,3.2,138.6,1.98,0.541,13
DIST_036,STATE_12,2023,Wheat,170365.1,570320.2,3.348,1513.3,8.6,2.75,138.6,1.98,0.581,14
DIST_037,STATE_01,2009,Wheat,146408.9,629804.5,4.302,1927.7,19.4,2.12,140.2,0.97,0.582,0
DIST_037,STATE_01,2010,Wheat,99324.8,423582.0,4.265,2024.2,42.0,1.63,140.2,0.97,0.575,1
DIST_037,STATE_01,2011,Wheat,91184.5,341687.0,3.747,1711.0,17.6,2.53,140.2,0.97,0.598,2
DIST_037,STATE_01,2012,Wheat,83872.6,213116.6,2.541,1760.0,61.4,2.18,140.2,0.97,0.499,3
DIST_037,STATE_01,2013,Wheat,67194.7,299661.1,4.46,1501.6,38.7,1.75,140.2,0.97,0.62,4
DIST_037,STATE_01,2014,Wheat,170759.9,720746.3,4.221,1999.7,43.8,2.11,140.2,0.97,0.629,5
DIST_037,STATE_01,2015,Wheat,98935.0,408102.4,4.125,1658.8,23.2,2.12,140.2,0.97,0.606,6
DIST_037,STATE_01,2016,Wheat,177376.7,681259.2,3.841,1585.3,23.5,1.31,140.2,0.97,0.637,7
DIST_037,STATE_01,2017,Wheat,49379.9,212002.7,4.293,1901.1,10.7,1.48,140.2,0.97,0.612,8
DIST_037,STATE_01,2018,Wheat,85008.3,392309.9,4.615,2101.8,0.0,1.28,140.2,0.97,0.597,9
DIST_037,STATE_01,2019,Wheat,106820.4,455604.8,4.265,1608.6,20.5,2.18,140.2,0.97,0.623,10
DIST_037,STATE_01,2020,Wheat,156179.6,721776.8,4.621,2029.5,1.8,1.96,140.2,0.97,0.584,11
DIST_037,STATE_01,2021,Wheat,153771.5,611009.7,3.973,1689.7,2.2,2.55,140.2,0.97,0.512,12
DIST_037,STATE_01,2022,Wheat,96433.8,360183.1,3.735,2030.9,63.8,2.43,140.2,0.97,0.622,13
DIST_037,STATE_01,2023,Wheat,61016.9,275519.6,4.515,2123.6,22.2,2.29,140.2,0.97,0.603,14
DIST_038,STATE_02,2009,Wheat,133615.3,515076.5,3.855,2079.8,50.9,1.31,130.8,0.84,0.607,0
DIST_038,STATE_02,2010,Wheat,127727.4,466285.4,3.651,2061.9,21.9,2.26,130.8,0.84,0.578,1
DIST_038,STATE_02,2011,Wheat,119339.6,450953.2,3.779,1692.2,31.0,2.18,130.8,0.84,0.602,2
DIST_038,STATE_02,2012,Wheat,79470.4,211232.4,2.658,1489.1,54.0,2.78,130.8,0.84,0.491,3
DIST_038,STATE_02,2013,Wheat,98360.0,382367.1,3.887,1547.2,28.1,1.45,130.8,0.84,0.558,4
DIST_038,STATE_02,2014,Wheat,163709.6,654551.5,3.998,1814.9,25.2,2.37,130.8,0.84,0.551,5
DIST_038,STATE_02,2015,Wheat,130025.8,542549.2,4.173,1712.2,35.4,2.4,130.8,0.84,0.665,6
DIST_038,STATE_02,2016,Wheat,102841.8,436979.7,4.249,1947.0,20.5,2.53,130.8,0.84,0.616,7
DIST_038,STATE_02,2017,Wheat,103225.7,465181.0,4.506,1705.3,27.1,2.66,130.8,0.84,0.638,8
DIST_038,STATE_02,2018,Wheat,114402.9,531392.2,4.645,1660.9,17.9,2.12,130.8,0.84,0.617,9
DIST_038,STATE_02,2019,Wheat,81719.8,349344.8,4.275,1454.5,47.6,1.75,130.8,0.84,0.588,10
DIST_038,STATE_02,2020,Wheat,153733.1,739417.4,4.81,2117.7,45.2,1.63,130.8,0.84,0.616,11
DIST_038,STATE_02,2021,Wheat,137886.2,661671.8,4.799,1544.3,41.1,2.7,130.8,0.84,0.643,12
DIST_038,STATE_02,2022,Wheat,86474.2,328403.6,3.798,1847.5,52.7,2.37,130.8,0.84,0.58,13
DIST_038,STATE_02,2023,Wheat,101449.5,445534.8,4.392,2000.1,12.4,1.23,130.8,0.84,0.607,14
DIST_039,STATE_03,2009,Wheat,162235.3,675282.6,4.162,2048.5,17.4,1.87,150.2,0.84,0.547,0
DIST_039,STATE_03,2010,Wheat,48868.1,226276.6,4.63,1813.3,23.7,2.14,150.2,0.84,0.622,1
DIST_039,STATE_03,2011,Wheat,118466.8,525030.4,4.432,1602.7,23.9,2.34,150.2,0.84,0.629,2
DIST_039,STATE_03,2012,Wheat,119232.3,386061.8,3.238,1450.4,66.0,2.38,150.2,0.84,0.58,3
DIST_039,STATE_03,2013,Wheat,75283.0,342785.5,4.553,1578.3,23.3,1.74,150.2,0.84,0.593,4
DIST_039,STATE_03,2014,Wheat,51924.7,241456.0,4.65,1769.8,13.4,1.91,150.2,0.84,0.593,5
DIST_039,STATE_03,2015,Wheat,116542.0,479915.5,4.118,1543.0,44.9,2.42,150.2,0.84,0.612,6
DIST_039,STATE_03,2016,Wheat,81203.5,367672.9,4.528,1687.8,22.5,1.85,150.2,0.84,0.607,7
DIST_039,STATE_03,2017,Wheat,49680.8,231278.8,4.655,1714.3,10.8,2.23,150.2,0.84,0.642,8
DIST_039,STATE_03,2018,Wheat,164621.6,817299.0,4.965,2072.0,10.0,1.86,150.2,0.84,0.614,9
DIST_039,STATE_03,2019,Wheat,156518.7,766332.5,4.896,1921.2,7.8,2.52,150.2,0.84,0.601,10
DIST_039,STATE_03,2020,Wheat,93664.1,491358.0,5.246,1924.9,20.0,1.63,150.2,0.84,0.675,11
DIST_039,STATE_03,2021,Wheat,161923.7,850615.4,5.253,1662.6,59.2,1.86,150.2,0.84,0.63,12
DIST_039,STATE_03,2022,Wheat,89588.4,365905.1,4.084,1860.0,64.4,3.2,150.2,0.84,0.614,13
DIST_039,STATE_03,2023,Wheat,120085.7,614573.9,5.118,2015.7,33.1,1.23,150.2,0.84,0.614,14
DIST_040,STATE_04,2009,Wheat,58883.7,254056.9,4.315,1488.2,18.2,2.28,115.3,1.9,0.637,0
DIST_040,STATE_04,2010,Wheat,137141.9,678249.6,4.946,1807.8,47.8,1.89,115.3,1.9,0.663,1
DIST_040,STATE_04,2011,Wheat,75546.8,331071.2,4.382,1894.6,34.3,2.4,115.3,1.9,0.574,2
DIST_040,STATE_04,2012,Wheat,53092.3,174515.5,3.287,1506.7,86.1,1.77,115.3,1.9,0.579,3
DIST_040,STATE_04,2013,Wheat,109601.3,487954.6,4.452,2070.2,43.7,1.73,115.3,1.9,0.607,4
DIST_040,STATE_04,2014,Wheat,56015.8,263451.1,4.703,1606.0,26.1,1.88,115.3,1.9,0.618,5
DIST_040,STATE_04,2015,Wheat,84950.8,376645.2,4.434,1894.7,27.8,2.74,115.3,1.9,0.664,6
DIST_040,STATE_04,2016,Wheat,112537.6,594939.6,5.287,1483.6,27.9,1.75,115.3,1.9,0.626,7
DIST_040,STATE_04,2017,Wheat,64343.0,308884.9,4.801,1940.3,36.6,1.67,115.3,1.9,0.687,8
DIST_040,STATE_04,2018,Wheat,151945.8,827938.3,5.449,1918.5,28.7,2.29,115.3,1.9,0.652,9
DIST_040,STATE_04,2019,Wheat,45150.1,225612.8,4.997,1640.4,34.8,2.21,115.3,1.9,0.604,10
DIST_040,STATE_04,2020,Wheat,47192.9,255605.2,5.416,1965.1,42.5,2.09,115.3,1.9,0.617,11
DIST_040,STATE_04,2021,Wheat,57746.6,277427.1,4.804,2042.1,19.3,2.67,115.3,1.9,0.607,12
DIST_040,STATE_04,2022,Wheat,143406.8,620604.8,4.328,2010.9,74.3,1.89,115.3,1.9,0.572,13
DIST_040,STATE_04,2023,Wheat,46741.2,230169.1,4.924,1848.2,34.1,1.34,115.3,1.9,0.718,14
DIST_041,STATE_05,2009,Wheat,57820.3,211639.3,3.66,1620.4,16.1,1.35,128.0,1.51,0.627,0
DIST_041,STATE_05,2010,Wheat,162938.5,558971.6,3.431,2101.9,44.2,1.72,128.0,1.51,0.585,1
DIST_041,STATE_05,2011,Wheat,135788.5,528637.0,3.893,1887.5,0.5,1.7,128.0,1.51,0.604,2
DIST_041,STATE_05,2012,Wheat,123096.5,373204.7,3.032,1900.4,55.9,2.82,128.0,1.51,0.575,3
DIST_041,STATE_05,2013,Wheat,112494.5,481244.1,4.278,1931.2,7.3,1.24,128.0,1.51,0.623,4
DIST_041,STATE_05,2014,Wheat,128309.3,528330.6,4.118,2020.0,0.0,1.51,128.0,1.51,0.601,5
DIST_041,STATE_05,2015,Wheat,124051.1,500167.1,4.032,1809.0,27.9,2.07,128.0,1.51,0.572,6
DIST_041,STATE_05,2016,Wheat,155709.1,698645.2,4.487,1464.1,5.9,2.0,128.0,1.51,0.585,7
DIST_041,STATE_05,2017,Wheat,86549.1,396066.6,4.576,1869.5,48.8,1.78,128.0,1.51,0.638,8
DIST_041,STATE_05,2018,Wheat,107934.5,525523.0,4.869,1578.0,32.5,1.77,128.0,1.51,0.687,9
DIST_041,STATE_05,2019,Wheat,148481.2,647968.2,4.364,1941.5,22.7,1.73,128.0,1.51,0.584,10
DIST_041,STATE_05,2020,Wheat,106314.8,532107.9,5.005,1743.6,49.4,2.7,128.0,1.51,0.623,11
DIST_041,STATE_05,2021,Wheat,123913.3,552937.6,4.462,2138.5,16.1,1.74,128.0,1.51,0.612,12
DIST_041,STATE_05,2022,Wheat,66859.6,253328.5,3.789,1925.7,52.7,1.88,128.0,1.51,0.539,13
DIST_041,STATE_05,2023,Wheat,97282.0,445959.2,4.584,1931.8,39.4,1.91,128.0,1.51,0.606,14
DIST_042,STATE_06,2009,Wheat,173866.4,805806.2,4.635,1506.0,61.7,2.13,184.1,1.57,0.607,0
DIST_042,STATE_06,2010,Wheat,62121.2,261811.6,4.215,1679.2,9.6,1.46,184.1,1.57,0.581,1
DIST_042,STATE_06,2011,Wheat,52906.3,256558.7,4.849,1796.7,39.9,2.12,184.1,1.57,0.64,2
DIST_042,STATE_06,2012,Wheat,153406.6,583571.3,3.804,1793.2,71.9,3.15,184.1,1.57,0.566,3
DIST_042,STATE_06,2013,Wheat,64368.4,281672.3,4.376,1526.0,13.0,1.89,184.1,1.57,0.59,4
DIST_042,STATE_06,2014,Wheat,171841.8,834863.8,4.858,1953.6,43.0,1.33,184.1,1.57,0.642,5
DIST_042,STATE_06,2015,Wheat,156868.1,851488.7,5.428,1978.4,18.9,1.64,184.1,1.57,0.672,6
DIST_042,STATE_06,2016,Wheat,50438.5,237152.4,4.702,1718.8,64.5,2.7,184.1,1.57,0.642,7
DIST_042,STATE_06,2017,Wheat,154306.1,755262.6,4.895,2105.4,55.7,1.24,184.1,1.57,0.616,8
DIST_042,STATE_06,2018,Wheat,104380.5,547795.5,5.248,1895.8,37.7,1.81,184.1,1.57,0.652,9
DIST_042,STATE_06,2019,Wheat,166824.4,816238.5,4.893,1718.3,20.6,1.28,184.1,1.57,0.59,10
DIST_042,STATE_06,2020,Wheat,156556.0,878809.4,5.613,1866.6,42.1,2.09,184.1,1.57,0.646,11
DIST_042,STATE_06,2021,Wheat,150894.7,790875.7,5.241,1879.0,41.5,1.86,184.1,1.57,0.649,12
DIST_042,STATE_06,2022,Wheat,74765.8,322400.6,4.312,1903.0,78.7,2.61,184.1,1.57,0.652,13
DIST_042,STATE_06,2023,Wheat,115659.2,619788.4,5.359,1628.7,16.1,1.91,184.1,1.57,0.659,14
DIST_043,STATE_07,2009,Wheat,98702.1,298558.9,3.025,1758.2,23.0,1.97,108.4,0.9,0.592,0
DIST_043,STATE_07,2010,Wheat,64619.1,200986.8,3.11,1759.0,50.4,2.6,108.4,0.9,0.619,1
DIST_043,STATE_07,2011,Wheat,51573.8,174636.5,3.386,1478.6,26.0,1.27,108.4,0.9,0.579,2
DIST_043,STATE_07,2012,Wheat,51154.0,70718.7,1.382,2077.2,49.9,3.05,108.4,0.9,0.48,3
DIST_043,STATE_07,2013,Wheat,67934.8,223148.2,3.285,1508.9,25.8,1.59,108.4,0.9,0.538,4
DIST_043,STATE_07,2014,Wheat,64245.1,222557.8,3.464,1692.5,27.0,2.09,108.4,0.9,0.611,5
DIST_043,STATE_07,2015,Wheat,100456.5,379323.1,3.776,1772.8,19.6,1.74,108.4,0.9,0.587,6
DIST_043,STATE_07,2016,Wheat,143368.6,502077.4,3.502,1655.8,32.6,1.83,108.4,0.9,0.568,7
DIST_043,STATE_07,2017,Wheat,69169.3,239743.6,3.466,1998.3,32.7,1.96,108.4,0.9,0.635,8
DIST_043,STATE_07,2018,Wheat,54819.2,226588.7,4.133,1641.4,42.7,2.79,108.4,0.9,0.585,9
DIST_043,STATE_07,2019,Wheat,157134.1,586909.2,3.735,1607.3,19.8,1.84,108.4,0.9,0.597,10
DIST_043,STATE_07,2020,Wheat,152886.3,600348.5,3.927,1688.9,24.1,2.37,108.4,0.9,0.646,11
DIST_043,STATE_07,2021,Wheat,157402.6,513525.6,3.262,2022.9,13.1,1.87,108.4,0.9,0.581,12
DIST_043,STATE_07,2022,Wheat,99369.8,289688.3,2.915,1828.7,55.5,1.91,108.4,0.9,0.603,13
DIST_043,STATE_07,2023,Wheat,110313.3,455752.0,4.131,1762.9,7.5,1.77,108.4,0.9,0.648,14
DIST_044,STATE_08,2009,Wheat,121988.7,441554.4,3.62,1547.1,43.1,2.1,137.2,1.43,0.564,0
DIST_044,STATE_08,2010,Wheat,121597.8,415871.9,3.42,1962.4,8.8,2.38,137.2,1.43,0.567,1
DIST_044,STATE_08,2011,Wheat,62979.6,242823.0,3.856,1592.9,52.1,2.02,137.2,1.43,0.548,2
DIST_044,STATE_08,2012,Wheat,45872.7,96651.7,2.107,1762.4,84.9,1.74,137.2,1.43,0.495,3
DIST_044,STATE_08,2013,Wheat,68545.3,239589.2,3.495,1750.2,26.8,1.35,137.2,1.43,0.603,4
DIST_044,STATE_08,2014,Wheat,99994.3,391012.8,3.91,1790.0,24.4,1.24,137.2,1.43,0.596,5
DIST_044,STATE_08,2015,Wheat,165238.9,575440.5,3.482,1847.9,41.1,2.5,137.2,1.43,0.624,6
DIST_044,STATE_08,2016,Wheat,168260.6,565443.2,3.361,1835.5,16.4,1.52,137.2,1.43,0.549,7
DIST_044,STATE_08,2017,Wheat,119943.1,397175.1,3.311,1851.6,9.0,1.88,137.2,1.43,0.549,8
DIST_044,STATE_08,2018,Wheat,68197.0,258829.5,3.795,1807.7,28.0,1.54,137.2,1.43,0.568,9
DIST_044,STATE_08,2019,Wheat,154601.9,496957.8,3.214,1459.7,45.1,2.48,137.2,1.43,0.602,10
DIST_044,STATE_08,2020,Wheat,47718.6,201530.4,4.223,1562.6,23.4,2.1,137.2,1.43,0.637,11
DIST_044,STATE_08,2021,Wheat,170785.0,684850.3,4.01,2157.9,42.2,2.35,137.2,1.43,0.618,12
DIST_044,STATE_08,2022,Wheat,76195.9,244640.3,3.211,2093.2,64.5,2.11,137.2,1.43,0.552,13
DIST_044,STATE_08,2023,Wheat,160980.1,594621.4,3.694,1820.0,8.0,2.41,137.2,1.43,0.609,14
DIST_045,STATE_09,2009,Wheat,85957.0,396428.5,4.612,1947.3,27.8,2.43,121.3,1.22,0.593,0
DIST_045,STATE_09,2010,Wheat,135680.7,603232.8,4.446,1915.5,4.4,2.01,121.3,1.22,0.626,1
DIST_045,STATE_09,2011,Wheat,132104.5,579965.9,4.39,1931.7,0.0,1.57,121.3,1.22,0.567,2
DIST_045,STATE_09,2012,Wheat,150757.3,506774.3,3.362,2051.5,60.5,2.29,121.3,1.22,0.585,3
DIST_045,STATE_09,2013,Wheat,159226.8,751346.0,4.719,1548.0,23.1,1.74,121.3,1.22,0.64,4
DIST_045,STATE_09,2014,Wheat,59716.8,280147.0,4.691,1599.0,14.1,1.71,121.3,1.22,0.633,5
DIST_045,STATE_09,2015,Wheat,85833.0,411585.9,4.795,2031.1,31.1,1.43,121.3,1.22,0.646,6
DIST_045,STATE_09,2016,Wheat,137143.0,667870.3,4.87,1667.1,27.1,2.0,121.3,1.22,0.638,7
DIST_045,STATE_09,2017,Wheat,61193.6,329536.7,5.385,1658.4,30.6,1.42,121.3,1.22,0.663,8
DIST_045,STATE_09,2018,Wheat,89391.1,487893.4,5.458,1908.6,36.0,2.71,121.3,1.22,0.674,9
DIST_045,STATE_09,2019,Wheat,62777.7,321813.0,5.126,1943.5,18.6,2.39,121.3,1.22,0.609,10
DIST_045,STATE_09,2020,Wheat,67795.9,373977.7,5.516,1492.5,37.3,2.35,121.3,1.22,0.694,11
DIST_045,STATE_09,2021,Wheat,96758.6,482930.2,4.991,1577.8,27.7,1.5,121.3,1.22,0.675,12
DIST_045,STATE_09,2022,Wheat,114000.3,470226.5,4.125,1888.0,89.1,3.03,121.3,1.22,0.598,13
DIST_045,STATE_09,2023,Wheat,158245.3,783906.6,4.954,1939.7,29.7,2.32,121.3,1.22,0.662,14
DIST_046,STATE_10,2009,Wheat,164661.3,710850.6,4.317,1433.0,26.1,2.21,101.3,1.21,0.616,0
DIST_046,STATE_10,2010,Wheat,172177.9,725167.9,4.212,1613.8,12.4,2.44,101.3,1.21,0.576,1
DIST_046,STATE_10,2011,Wheat,46446.6,204832.9,4.41,1791.0,24.1,1.77,101.3,1.21,0.621,2
DIST_046,STATE_10,2012,Wheat,115273.4,329488.3,2.858,1723.5,70.2,2.51,101.3,1.21,0.584,3
DIST_046,STATE_10,2013,Wheat,134524.7,609458.3,4.53,1836.8,23.4,1.86,101.3,1.21,0.661,4
DIST_046,STATE_10,2014,Wheat,71421.2,323204.8,4.525,1999.2,10.1,1.93,101.3,1.21,0.674,5
DIST_046,STATE_10,2015,Wheat,114238.1,557518.6,4.88,1654.6,12.6,2.15,101.3,1.21,0.633,6
DIST_046,STATE_10,2016,Wheat,169293.3,798401.4,4.716,1676.5,3.9,1.2,101.3,1.21,0.614,7
DIST_046,STATE_10,2017,Wheat,61249.1,280346.1,4.577,1487.3,32.8,2.36,101.3,1.21,0.617,8
DIST_046,STATE_10,2018,Wheat,114173.0,576399.6,5.048,1689.2,36.1,1.8,101.3,1.21,0.684,9
DIST_046,STATE_10,2019,Wheat,59931.5,302515.1,5.048,1474.9,23.4,2.48,101.3,1.21,0.626,10
DIST_046,STATE_10,2020,Wheat,104964.8,548683.9,5.227,1927.9,42.1,2.59,101.3,1.21,0.648,11
DIST_046,STATE_10,2021,Wheat,110236.3,551750.2,5.005,2150.8,24.7,2.41,101.3,1.21,0.646,12
DIST_046,STATE_10,2022,Wheat,160766.6,624664.6,3.886,1533.2,45.6,2.83,101.3,1.21,0.551,13
DIST_046,STATE_10,2023,Wheat,155547.4,761642.8,4.897,1706.1,9.0,1.57,101.3,1.21,0.61,14
DIST_047,STATE_11,2009,Wheat,95877.0,267042.3,2.785,2013.1,0.0,2.65,108.7,1.43,0.487,0
DIST_047,STATE_11,2010,Wheat,59418.1,176679.3,2.973,2072.4,22.7,1.68,108.7,1.43,0.547,1
DIST_047,STATE_11,2011,Wheat,150726.8,423521.9,2.81,1495.7,17.6,2.22,108.7,1.43,0.556,2
DIST_047,STATE_11,2012,Wheat,173985.5,319394.3,1.836,1587.9,89.5,3.08,108.7,1.43,0.519,3
DIST_047,STATE_11,2013,Wheat,46785.9,143625.4,3.07,1778.2,22.5,1.65,108.7,1.43,0.567,4
DIST_047,STATE_11,2014,Wheat,98098.3,290563.2,2.962,1806.2,3.1,1.46,108.7,1.43,0.53,5
DIST_047,STATE_11,2015,Wheat,86891.6,290949.2,3.348,1782.3,34.8,2.23,108.7,1.43,0.596,6
DIST_047,STATE_11,2016,Wheat,56805.3,187790.4,3.306,1699.2,7.1,1.86,108.7,1.43,0.559,7
DIST_047,STATE_11,2017,Wheat,69177.8,226839.5,3.279,1714.6,19.0,2.77,108.7,1.43,0.577,8
DIST_047,STATE_11,2018,Wheat,149656.7,554875.6,3.708,1684.8,7.4,1.43,108.7,1.43,0.601,9
DIST_047,STATE_11,2019,Wheat,154116.2,534746.0,3.47,1498.3,37.9,1.74,108.7,1.43,0.608,10
DIST_047,STATE_11,2020,Wheat,65048.4,246364.0,3.787,1872.5,3.7,2.5,108.7,1.43,0.56,11
DIST_047,STATE_11,2021,Wheat,71552.9,244169.5,3.412,1626.2,39.7,2.16,108.7,1.43,0.533,12
DIST_047,STATE_11,2022,Wheat,93937.8,245869.2,2.617,2041.8,67.8,2.98,108.7,1.43,0.5,13
DIST_047,STATE_11,2023,Wheat,137322.5,480357.4,3.498,1487.7,37.0,2.3,108.7,1.43,0.567,14
DIST_048,STATE_12,2009,Wheat,55878.4,229311.8,4.104,1503.0,17.0,2.66,114.1,1.18,0.594,0
DIST_048,STATE_12,2010,Wheat,61638.4,257946.1,4.185,1620.4,21.8,2.68,114.1,1.18,0.625,1
DIST_048,STATE_12,2011,Wheat,118801.4,478746.4,4.03,2029.1,48.2,1.51,114.1,1.18,0.672,2
DIST_048,STATE_12,2012,Wheat,168726.0,504238.8,2.989,1644.5,89.9,2.24,114.1,1.18,0.538,3
DIST_048,STATE_12,2013,Wheat,51696.8,235690.5,4.559,1599.9,28.6,1.94,114.1,1.18,0.643,4
DIST_048,STATE_12,2014,Wheat,169093.1,703158.7,4.158,1721.6,29.5,1.91,114.1,1.18,0.601,5
DIST_048,STATE_12,2015,Wheat,167789.0,648094.6,3.863,1828.3,22.6,2.42,114.1,1.18,0.576,6
DIST_048,STATE_12,2016,Wheat,103548.7,489092.3,4.723,2028.9,42.9,2.71,114.1,1.18,0.61,7
DIST_048,STATE_12,2017,Wheat,153688.1,745380.0,4.85,2031.5,35.7,1.83,114.1,1.18,0.628,8
DIST_048,STATE_12,2018,Wheat,105797.3,530688.8,5.016,1969.3,16.5,1.77,114.1,1.18,0.605,9
DIST_048,STATE_12,2019,Wheat,146164.9,688957.6,4.714,1832.0,15.2,2.4,114.1,1.18,0.599,10
DIST_048,STATE_12,2020,Wheat,74164.2,373018.6,5.03,2132.1,11.7,2.64,114.1,1.18,0.562,11
DIST_048,STATE_12,2021,Wheat,79043.3,406714.6,5.145,1772.7,28.4,1.4,114.1,1.18,0.666,12
DIST_048,STATE_12,2022,Wheat,119339.2,444315.0,3.723,1572.2,52.2,2.86,114.1,1.18,0.632,13
DIST_048,STATE_12,2023,Wheat,148915.8,735076.1,4.936,2152.8,0.0,2.24,114.1,1.18,0.661,14
DIST_049,STATE_01,2009,Wheat,125637.2,402361.9,3.203,1675.5,16.8,1.96,179.7,0.78,0.554,0
DIST_049,STATE_01,2010,Wheat,162402.7,523576.3,3.224,1466.7,33.1,1.49,179.7,0.78,0.58,1
DIST_049,STATE_01,2011,Wheat,140391.6,384465.8,2.739,1784.7,21.2,2.22,179.7,0.78,0.53,2
DIST_049,STATE_01,2012,Wheat,88479.1,208409.5,2.355,1806.8,60.8,3.07,179.7,0.78,0.51,3
DIST_049,STATE_01,2013,Wheat,173671.2,625768.6,3.603,1923.5,25.7,1.61,179.7,0.78,0.605,4
DIST_049,STATE_01,2014,Wheat,116883.6,360445.8,3.084,1820.1,14.4,2.16,179.7,0.78,0.549,5
DIST_049,STATE_01,2015,Wheat,128321.2,377906.3,2.945,2108.9,30.3,2.42,179.7,0.78,0.562,6
DIST_049,STATE_01,2016,Wheat,135002.6,397845.3,2.947,1871.4,30.7,2.16,179.7,0.78,0.65,7
DIST_049,STATE_01,2017,Wheat,90149.7,273126.3,3.03,1803.5,33.3,1.5,179.7,0.78,0.543,8
DIST_049,STATE_01,2018,Wheat,103893.2,372930.5,3.59,1905.8,0.0,2.09,179.7,0.78,0.567,9
DIST_049,STATE_01,2019,Wheat,169557.1,599938.2,3.538,1801.7,22.1,1.72,179.7,0.78,0.517,10
DIST_049,STATE_01,2020,Wheat,46620.4,187124.2,4.014,1842.0,20.2,2.39,179.7,0.78,0.573,11
DIST_049,STATE_01,2021,Wheat,176282.3,613950.4,3.483,1822.6,4.5,1.97,179.7,0.78,0.595,12
DIST_049,STATE_01,2022,Wheat,55110.9,153102.6,2.778,1539.3,62.7,2.01,179.7,0.78,0.568,13
DIST_049,STATE_01,2023,Wheat,53362.8,212085.9,3.974,1873.8,25.4,1.39,179.7,0.78,0.595,14
DIST_050,STATE_02,2009,Wheat,50389.5,227357.8,4.512,1714.4,50.3,1.73,116.2,1.23,0.674,0
DIST_050,STATE_02,2010,Wheat,94517.8,428366.4,4.532,1474.6,20.2,2.43,116.2,1.23,0.628,1
DIST_050,STATE_02,2011,Wheat,139616.9,698197.3,5.001,1609.6,14.1,1.97,116.2,1.23,0.702,2
DIST_050,STATE_02,2012,Wheat,83059.0,239744.1,2.886,1637.6,83.1,2.68,116.2,1.23,0.553,3
DIST_050,STATE_02,2013,Wheat,91342.2,404902.9,4.433,2016.4,29.5,2.09,116.2,1.23,0.587,4
DIST_050,STATE_02,2014,Wheat,47163.8,230651.8,4.89,2099.6,45.6,1.33,116.2,1.23,0.585,5
DIST_050,STATE_02,2015,Wheat,122714.8,618710.1,5.042,1518.3,27.9,2.13,116.2,1.23,0.625,6
DIST_050,STATE_02,2016,Wheat,163778.1,872680.8,5.328,1889.1,28.8,1.41,116.2,1.23,0.675,7
DIST_050,STATE_02,2017,Wheat,167691.6,799697.9,4.769,1972.3,15.5,2.28,116.2,1.23,0.601,8
DIST_050,STATE_02,2018,Wheat,109011.3,606578.9,5.564,1603.1,16.4,2.19,116.2,1.23,0.658,9
DIST_050,STATE_02,2019,Wheat,108255.2,546181.7,5.045,1553.6,20.6,2.43,116.2,1.23,0.629,10
DIST_050,STATE_02,2020,Wheat,121331.2,669989.2,5.522,1469.7,24.1,2.51,116.2,1.23,0.644,11
DIST_050,STATE_02,2021,Wheat,97376.3,526969.7,5.412,2040.7,26.2,1.41,116.2,1.23,0.659,12
DIST_050,STATE_02,2022,Wheat,171654.5,776520.7,4.524,1657.9,76.3,2.23,116.2,1.23,0.649,13
DIST_050,STATE_02,2023,Wheat,170469.5,934061.6,5.479,1613.4,34.7,1.3,116.2,1.23,0.682,14
DIST_051,STATE_03,2009,Wheat,103661.7,409974.7,3.955,2008.7,17.6,1.49,118.3,1.06,0.631,0
DIST_051,STATE_03,2010,Wheat,98156.9,343799.4,3.503,1830.7,49.4,1.57,118.3,1.06,0.567,1
DIST_051,STATE_03,2011,Wheat,109031.7,404025.4,3.706,1527.6,20.2,1.77,118.3,1.06,0.568,2
DIST_051,STATE_03,2012,Wheat,164386.4,345243.2,2.1,1521.2,67.9,2.66,118.3,1.06,0.496,3
DIST_051,STATE_03,2013,Wheat,139648.2,597913.7,4.282,1707.5,21.4,2.31,118.3,1.06,0.609,4
DIST_051,STATE_03,2014,Wheat,94713.8,360522.3,3.806,2110.3,26.5,1.87,118.3,1.06,0.617,5
DIST_051,STATE_03,2015,Wheat,141830.4,556393.2,3.923,1837.4,30.7,1.93,118.3,1.06,0.604,6
DIST_051,STATE_03,2016,Wheat,175505.3,592779.3,3.378,1923.0,17.3,1.33,118.3,1.06,0.571,7
DIST_051,STATE_03,2017,Wheat,54281.8,233077.0,4.294,1824.8,39.9,1.53,118.3,1.06,0.603,8
DIST_051,STATE_03,2018,Wheat,120288.0,551818.3,4.587,1483.2,25.2,1.67,118.3,1.06,0.636,9
DIST_051,STATE_03,2019,Wheat,86161.9,378116.0,4.388,1584.9,23.5,1.41,118.3,1.06,0.643,10
DIST_051,STATE_03,2020,Wheat,75710.0,343385.9,4.536,1571.3,14.3,1.73,118.3,1.06,0.614,11
DIST_051,STATE_03,2021,Wheat,178396.8,769740.5,4.315,1799.7,52.2,2.77,118.3,1.06,0.6,12
DIST_051,STATE_03,2022,Wheat,58053.8,215192.9,3.707,1969.3,57.3,1.76,118.3,1.06,0.569,13
DIST_051,STATE_03,2023,Wheat,126796.1,539825.8,4.257,1769.8,8.4,1.24,118.3,1.06,0.62,14
DIST_052,STATE_04,2009,Wheat,97543.2,372433.0,3.818,2021.2,20.4,2.18,143.6,1.32,0.613,0
DIST_052,STATE_04,2010,Wheat,82623.7,251617.3,3.045,2076.2,33.6,1.43,143.6,1.32,0.51,1
DIST_052,STATE_04,2011,Wheat,82666.1,330118.5,3.993,1693.5,13.1,1.45,143.6,1.32,0.602,2
DIST_052,STATE_04,2012,Wheat,113912.1,298873.4,2.624,1596.2,61.3,2.19,143.6,1.32,0.535,3
DIST_052,STATE_04,2013,Wheat,167795.4,693281.6,4.132,1424.3,0.0,2.5,143.6,1.32,0.594,4
DIST_052,STATE_04,2014,Wheat,79780.3,317800.0,3.983,1740.0,41.4,2.79,143.6,1.32,0.624,5
DIST_052,STATE_04,2015,Wheat,116998.7,480088.0,4.103,1714.0,0.0,1.47,143.6,1.32,0.677,6
DIST_052,STATE_04,2016,Wheat,75680.2,307043.1,4.057,1815.7,27.3,2.78,143.6,1.32,0.658,7
DIST_052,STATE_04,2017,Wheat,149240.5,555104.2,3.72,1559.3,45.3,1.82,143.6,1.32,0.561,8
DIST_052,STATE_04,2018,Wheat,110363.4,515392.4,4.67,2000.8,0.0,2.12,143.6,1.32,0.657,9
DIST_052,STATE_04,2019,Wheat,77169.1,313734.5,4.066,1607.1,0.0,1.21,143.6,1.32,0.602,10
DIST_052,STATE_04,2020,Wheat,113997.7,536537.6,4.707,1766.9,26.1,2.58,143.6,1.32,0.64,11
DIST_052,STATE_04,2021,Wheat,162177.2,704600.4,4.345,1868.2,8.6,2.35,143.6,1.32,0.589,12
DIST_052,STATE_04,2022,Wheat,98254.7,350033.2,3.563,2071.9,66.4,2.09,143.6,1.32,0.558,13
DIST_052,STATE_04,2023,Wheat,165900.0,675326.2,4.071,2146.6,0.0,2.04,143.6,1.32,0.583,14
DIST_053,STATE_05,2009,Wheat,87610.5,343409.4,3.92,1743.7,6.7,1.71,117.3,1.7,0.577,0
DIST_053,STATE_05,2010,Wheat,176612.1,727014.0,4.116,1692.8,56.4,2.77,117.3,1.7,0.557,1
DIST_053,STATE_05,2011,Wheat,141657.9,651321.9,4.598,1835.1,8.3,1.34,117.3,1.7,0.608,2
DIST_053,STATE_05,2012,Wheat,144843.5,396039.5,2.734,1562.7,72.8,3.05,117.3,1.7,0.503,3
DIST_053,STATE_05,2013,Wheat,63060.0,280048.1,4.441,2087.3,43.1,2.07,117.3,1.7,0.57,4
DIST_053,STATE_05,2014,Wheat,77231.5,343103.6,4.443,1574.5,14.8,1.86,117.3,1.7,0.586,5
DIST_053,STATE_05,2015,Wheat,94501.6,449728.5,4.759,1703.6,15.5,1.31,117.3,1.7,0.65,6
DIST_053,STATE_05,2016,Wheat,113300.0,492152.2,4.344,1979.4,11.6,2.57,117.3,1.7,0.599,7
DIST_053,STATE_05,2017,Wheat,137776.6,678491.2,4.925,1659.0,27.3,1.22,117.3,1.7,0.625,8
DIST_053,STATE_05,2018,Wheat,89466.2,454646.2,5.082,1930.4,13.6,2.5,117.3,1.7,0.672,9
DIST_053,STATE_05,2019,Wheat,143147.5,665159.0,4.647,1935.0,0.0,2.78,117.3,1.7,0.644,10
DIST_053,STATE_05,2020,Wheat,168538.3,885157.2,5.252,1564.5,7.7,2.4,117.3,1.7,0.598,11
DIST_053,STATE_05,2021,Wheat,109048.7,542943.2,4.979,1693.6,39.1,2.11,117.3,1.7,0.643,12
DIST_053,STATE_05,2022,Wheat,115031.0,462316.2,4.019,1500.8,69.3,2.2,117.3,1.7,0.551,13
DIST_053,STATE_05,2023,Wheat,88579.3,438242.3,4.947,1650.7,4.8,1.94,117.3,1.7,0.648,14
DIST_054,STATE_06,2009,Wheat,148648.2,477553.0,3.213,1479.8,40.5,2.12,167.6,1.81,0.58,0
DIST_054,STATE_06,2010,Wheat,116375.5,340923.5,2.93,1429.1,56.5,2.22,167.6,1.81,0.551,1
DIST_054,STATE_06,2011,Wheat,84508.4,246970.0,2.922,1791.8,31.1,2.47,167.6,1.81,0.532,2
DIST_054,STATE_06,2012,Wheat,59082.3,135535.2,2.294,1516.9,71.2,2.45,167.6,1.81,0.561,3
DIST_054,STATE_06,2013,Wheat,162179.9,533165.0,3.287,1999.7,13.4,2.2,167.6,1.81,0.557,4
DIST_054,STATE_06,2014,Wheat,96982.8,301079.6,3.104,2085.1,41.8,2.34,167.6,1.81,0.573,5
DIST_054,STATE_06,2015,Wheat,82138.3,278018.2,3.385,1877.4,17.0,1.75,167.6,1.81,0.583,6
DIST_054,STATE_06,2016,Wheat,48327.0,159843.0,3.308,1922.7,36.5,2.76,167.6,1.81,0.586,7
DIST_054,STATE_06,2017,Wheat,132391.2,465420.8,3.515,1529.8,41.1,2.24,167.6,1.81,0.562,8
DIST_054,STATE_06,2018,Wheat,156562.7,592368.7,3.784,1936.0,23.9,1.93,167.6,1.81,0.586,9
DIST_054,STATE_06,2019,Wheat,108318.4,360157.2,3.325,2100.0,4.2,2.04,167.6,1.81,0.602,10
DIST_054,STATE_06,2020,Wheat,176296.7,662010.5,3.755,1707.0,0.0,2.29,167.6,1.81,0.578,11
DIST_054,STATE_06,2021,Wheat,81199.3,315664.2,3.888,1681.0,39.2,1.4,167.6,1.81,0.584,12
DIST_054,STATE_06,2022,Wheat,162408.9,448258.6,2.76,2088.6,71.6,2.42,167.6,1.81,0.524,13
DIST_054,STATE_06,2023,Wheat,135553.3,494005.8,3.644,2044.9,18.0,2.54,167.6,1.81,0.538,14
DIST_055,STATE_07,2009,Wheat,91223.3,426609.6,4.677,1782.5,42.7,1.35,114.3,1.43,0.639,0
DIST_055,STATE_07,2010,Wheat,70189.7,361395.5,5.149,1536.8,42.2,1.23,114.3,1.43,0.653,1
DIST_055,STATE_07,2011,Wheat,155631.9,753818.6,4.844,1638.7,16.1,1.76,114.3,1.43,0.585,2
DIST_055,STATE_07,2012,Wheat,144255.8,538528.6,3.733,1853.0,79.9,2.63,114.3,1.43,0.613,3
DIST_055,STATE_07,2013,Wheat,72794.1,378556.4,5.2,1666.7,37.8,2.74,114.3,1.43,0.659,4
DIST_055,STATE_07,2014,Wheat,59262.8,276642.6,4.668,1994.0,32.0,2.13,114.3,1.43,0.664,5
DIST_055,STATE_07,2015,Wheat,139942.4,718705.1,5.136,2014.1,18.1,2.22,114.3,1.43,0.666,6
DIST_055,STATE_07,2016,Wheat,49512.2,252241.6,5.095,1840.9,23.8,1.47,114.3,1.43,0.616,7
DIST_055,STATE_07,2017,Wheat,76776.7,401389.7,5.228,1786.1,31.3,2.0,114.3,1.43,0.63,8
DIST_055,STATE_07,2018,Wheat,64793.0,369279.7,5.699,1897.1,16.2,2.29,114.3,1.43,0.652,9
DIST_055,STATE_07,2019,Wheat,86777.4,481301.0,5.546,1763.6,33.1,1.85,114.3,1.43,0.631,10
DIST_055,STATE_07,2020,Wheat,79063.6,446748.9,5.651,2095.7,4.7,1.63,114.3,1.43,0.685,11
DIST_055,STATE_07,2021,Wheat,67781.2,361685.0,5.336,2137.8,34.9,2.28,114.3,1.43,0.649,12
DIST_055,STATE_07,2022,Wheat,70420.8,326310.0,4.634,1677.6,67.3,2.97,114.3,1.43,0.596,13
DIST_055,STATE_07,2023,Wheat,58177.4,295178.8,5.074,1586.8,33.1,2.68,114.3,1.43,0.626,14
DIST_056,STATE_08,2009,Wheat,137160.6,618784.8,4.511,1840.1,39.6,2.11,143.7,1.62,0.615,0
DIST_056,STATE_08,2010,Wheat,136029.6,600300.6,4.413,2091.0,11.8,2.78,143.7,1.62,0.582,1
DIST_056,STATE_08,2011,Wheat,152805.0,692417.8,4.531,1484.9,26.9,1.81,143.7,1.62,0.622,2
DIST_056,STATE_08,2012,Wheat,103069.3,303878.6,2.948,1721.4,86.0,3.2,143.7,1.62,0.533,3
DIST_056,STATE_08,2013,Wheat,79133.0,357314.1,4.515,1467.1,33.8,1.63,143.7,1.62,0.626,4
DIST_056,STATE_08,2014,Wheat,142342.4,661607.2,4.648,1605.0,46.7,1.43,143.7,1.62,0.581,5
DIST_056,STATE_08,2015,Wheat,133058.0,582580.2,4.378,1713.6,34.8,2.15,143.7,1.62,0.606,6
DIST_056,STATE_08,2016,Wheat,155656.4,726351.8,4.666,2134.5,14.7,2.26,143.7,1.62,0.599,7
DIST_056,STATE_08,2017,Wheat,63325.7,314464.9,4.966,2124.2,25.2,2.74,143.7,1.62,0.621,8
DIST_056,STATE_08,2018,Wheat,81681.9,399250.2,4.888,2016.2,12.3,1.81,143.7,1.62,0.626,9
DIST_056,STATE_08,2019,Wheat,177486.8,803496.5,4.527,1890.8,7.2,2.78,143.7,1.62,0.61,10
DIST_056,STATE_08,2020,Wheat,82999.4,437087.1,5.266,1504.0,35.9,1.99,143.7,1.62,0.653,11
DIST_056,STATE_08,2021,Wheat,140658.8,666123.5,4.736,1972.3,42.9,1.48,143.7,1.62,0.668,12
DIST_056,STATE_08,2022,Wheat,93807.9,402003.3,4.285,1839.4,49.3,3.29,143.7,1.62,0.65,13
DIST_056,STATE_08,2023,Wheat,103329.1,500702.2,4.846,2027.5,38.9,1.86,143.7,1.62,0.639,14
DIST_057,STATE_09,2009,Wheat,144364.8,569685.6,3.946,1624.0,15.0,2.01,153.0,1.23,0.639,0
DIST_057,STATE_09,2010,Wheat,64423.3,260680.8,4.046,1411.0,25.8,1.93,153.0,1.23,0.591,1
DIST_057,STATE_09,2011,Wheat,102062.7,424537.1,4.16,1912.6,25.1,1.91,153.0,1.23,0.578,2
DIST_057,STATE_09,2012,Wheat,124438.2,344857.1,2.771,1562.5,81.6,2.08,153.0,1.23,0.582,3
DIST_057,STATE_09,2013,Wheat,101109.8,446480.4,4.416,1600.8,30.8,1.92,153.0,1.23,0.64,4
DIST_057,STATE_09,2014,Wheat,129618.4,517532.0,3.993,1676.1,24.1,2.79,153.0,1.23,0.537,5
DIST_057,STATE_09,2015,Wheat,121390.0,448097.6,3.691,2071.7,21.6,2.35,153.0,1.23,0.627,6
DIST_057,STATE_09,2016,Wheat,70962.6,311248.6,4.386,1759.8,64.6,1.59,153.0,1.23,0.606,7
DIST_057,STATE_09,2017,Wheat,173555.6,806360.9,4.646,1813.1,35.6,1.41,153.0,1.23,0.688,8
DIST_057,STATE_09,2018,Wheat,58384.7,285197.6,4.885,1881.1,47.2,1.55,153.0,1.23,0.625,9
DIST_057,STATE_09,2019,Wheat,170089.0,765162.5,4.499,1947.3,7.6,1.87,153.0,1.23,0.592,10
DIST_057,STATE_09,2020,Wheat,134965.0,704287.8,5.218,1654.8,25.5,2.14,153.0,1.23,0.661,11
DIST_057,STATE_09,2021,Wheat,78136.4,344244.8,4.406,1962.3,35.4,2.18,153.0,1.23,0.647,12
DIST_057,STATE_09,2022,Wheat,55614.6,204605.5,3.679,1696.6,92.1,2.8,153.0,1.23,0.564,13
DIST_057,STATE_09,2023,Wheat,82973.4,380921.3,4.591,1757.8,13.8,1.57,153.0,1.23,0.619,14
DIST_058,STATE_10,2009,Wheat,156434.4,564022.3,3.605,1502.6,31.5,2.19,90.7,1.62,0.567,0
DIST_058,STATE_10,2010,Wheat,86703.9,313980.3,3.621,1663.1,18.0,2.43,90.7,1.62,0.571,1
DIST_058,STATE_10,2011,Wheat,172865.6,682048.9,3.946,1694.5,23.6,2.64,90.7,1.62,0.643,2
DIST_058,STATE_10,2012,Wheat,56801.3,62481.4,1.1,2070.5,77.4,2.02,90.7,1.62,0.498,3
DIST_058,STATE_10,2013,Wheat,84035.3,321613.5,3.827,2086.6,30.4,1.28,90.7,1.62,0.595,4
DIST_058,STATE_10,2014,Wheat,122732.0,426532.0,3.475,1876.6,25.6,2.69,90.7,1.62,0.569,5
DIST_058,STATE_10,2015,Wheat,46793.0,190283.8,4.067,1809.4,32.8,1.94,90.7,1.62,0.577,6
DIST_058,STATE_10,2016,Wheat,137398.8,530254.7,3.859,1787.3,23.7,1.44,90.7,1.62,0.64,7
DIST_058,STATE_10,2017,Wheat,162773.3,593013.1,3.643,1869.2,32.1,1.45,90.7,1.62,0.584,8
DIST_058,STATE_10,2018,Wheat,129622.4,541675.9,4.179,1622.2,33.3,2.49,90.7,1.62,0.512,9
DIST_058,STATE_10,2019,Wheat,146719.2,590820.4,4.027,1542.7,55.0,1.34,90.7,1.62,0.66,10
DIST_058,STATE_10,2020,Wheat,160193.4,705957.9,4.407,2054.3,33.8,1.41,90.7,1.62,0.603,11
DIST_058,STATE_10,2021,Wheat,129123.6,510170.7,3.951,1709.2,29.4,2.46,90.7,1.62,0.616,12
DIST_058,STATE_10,2022,Wheat,141344.1,493051.6,3.488,2076.6,51.0,1.9,90.7,1.62,0.585,13
DIST_058,STATE_10,2023,Wheat,62159.9,275400.5,4.431,1769.3,32.5,2.41,90.7,1.62,0.59,14
DIST_059,STATE_11,2009,Wheat,173287.7,526528.9,3.038,1775.0,36.1,1.83,140.6,1.82,0.559,0
DIST_059,STATE_11,2010,Wheat,108706.8,367251.4,3.378,1748.2,29.2,1.85,140.6,1.82,0.582,1
DIST_059,STATE_11,2011,Wheat,122324.3,378889.8,3.097,1576.8,0.0,2.47,140.6,1.82,0.499,2
DIST_059,STATE_11,2012,Wheat,77244.1,168080.3,2.176,2079.5,67.4,2.19,140.6,1.82,0.521,3
DIST_059,STATE_11,2013,Wheat,86456.8,250443.9,2.897,1444.6,32.3,2.08,140.6,1.82,0.495,4
DIST_059,STATE_11,2014,Wheat,175344.9,538313.7,3.07,1689.1,0.0,1.61,140.6,1.82,0.553,5
DIST_059,STATE_11,2015,Wheat,147535.2,428409.7,2.904,1574.2,46.4,1.74,140.6,1.82,0.542,6
DIST_059,STATE_11,2016,Wheat,145169.4,435585.5,3.001,1471.6,29.5,2.56,140.6,1.82,0.567,7
DIST_059,STATE_11,2017,Wheat,92591.4,308404.9,3.331,1945.9,34.4,1.4,140.6,1.82,0.563,8
DIST_059,STATE_11,2018,Wheat,111559.1,413790.5,3.709,1502.4,24.1,2.68,140.6,1.82,0.594,9
DIST_059,STATE_11,2019,Wheat,139823.8,427272.7,3.056,1911.2,30.0,2.78,140.6,1.82,0.586,10
DIST_059,STATE_11,2020,Wheat,60342.2,226196.5,3.749,1457.7,7.2,2.8,140.6,1.82,0.606,11
DIST_059,STATE_11,2021,Wheat,113813.0,424259.3,3.728,1670.0,18.0,1.8,140.6,1.82,0.564,12
DIST_059,STATE_11,2022,Wheat,117854.3,313960.0,2.664,1519.2,80.3,2.72,140.6,1.82,0.54,13
DIST_059,STATE_11,2023,Wheat,93824.9,339989.8,3.624,1545.9,46.1,2.6,140.6,1.82,0.566,14
DIST_060,STATE_12,2009,Wheat,172735.2,699027.3,4.047,1805.8,15.5,1.3,138.7,1.54,0.602,0
DIST_060,STATE_12,2010,Wheat,63367.6,265488.7,4.19,1990.3,39.2,1.45,138.7,1.54,0.574,1
DIST_060,STATE_12,2011,Wheat,95261.5,362921.8,3.81,1588.3,0.0,2.78,138.7,1.54,0.581,2
DIST_060,STATE_12,2012,Wheat,64194.5,199194.9,3.103,1452.0,62.0,3.04,138.7,1.54,0.567,3
DIST_060,STATE_12,2013,Wheat,120815.3,589118.0,4.876,1539.6,45.4,1.52,138.7,1.54,0.659,4
DIST_060,STATE_12,2014,Wheat,73365.9,273738.2,3.731,1506.4,33.8,1.68,138.7,1.54,0.606,5
DIST_060,STATE_12,2015,Wheat,150670.7,669794.2,4.445,2086.2,45.6,2.31,138.7,1.54,0.602,6
DIST_060,STATE_12,2016,Wheat,158696.2,648337.3,4.085,1581.5,28.0,1.84,138.7,1.54,0.589,7
DIST_060,STATE_12,2017,Wheat,57206.6,248496.6,4.344,2103.5,34.5,1.61,138.7,1.54,0.581,8
DIST_060,STATE_12,2018,Wheat,112029.6,510010.5,4.552,1531.3,0.0,1.84,138.7,1.54,0.656,9
DIST_060,STATE_12,2019,Wheat,153428.0,646177.5,4.212,1557.4,4.4,1.44,138.7,1.54,0.563,10
DIST_060,STATE_12,2020,Wheat,140475.8,694140.9,4.941,1588.3,12.8,2.21,138.7,1.54,0.627,11
DIST_060,STATE_12,2021,Wheat,123106.1,533961.8,4.337,2097.9,44.9,2.09,138.7,1.54,0.599,12
DIST_060,STATE_12,2022,Wheat,131968.8,462693.9,3.506,1920.5,53.0,3.09,138.7,1.54,0.581,13
DIST_060,STATE_12,2023,Wheat,144968.8,628036.7,4.332,1999.8,7.9,2.48,138.7,1.54,0.622,14
DIST_061,STATE_01,2009,Wheat,47440.9,202037.5,4.259,1680.2,9.9,2.08,98.6,1.3,0.654,0
DIST_061,STATE_01,2010,Wheat,157899.3,743680.3,4.71,1555.8,25.0,2.77,98.6,1.3,0.663,1
DIST_061,STATE_01,2011,Wheat,131160.3,577314.5,4.402,1655.0,16.1,2.69,98.6,1.3,0.617,2
DIST_061,STATE_01,2012,Wheat,133118.3,331008.2,2.487,1594.0,59.1,2.28,98.6,1.3,0.526,3
DIST_061,STATE_01,2013,Wheat,156627.2,731898.4,4.673,1813.9,36.8,1.53,98.6,1.3,0.654,4
DIST_061,STATE_01,2014,Wheat,103335.7,503652.0,4.874,2101.6,28.0,1.92,98.6,1.3,0.623,5
DIST_061,STATE_01,2015,Wheat,173479.8,762754.7,4.397,1653.8,15.2,2.36,98.6,1.3,0.607,6
DIST_061,STATE_01,2016,Wheat,104758.4,519360.4,4.958,1774.7,14.7,2.44,98.6,1.3,0.606,7
DIST_061,STATE_01,2017,Wheat,95785.7,404481.1,4.223,1697.1,45.7,1.78,98.6,1.3,0.61,8
DIST_061,STATE_01,2018,Wheat,135548.2,704707.8,5.199,1633.6,29.3,2.36,98.6,1.3,0.642,9
DIST_061,STATE_01,2019,Wheat,48955.4,259401.4,5.299,1882.7,39.6,2.02,98.6,1.3,0.587,10
DIST_061,STATE_01,2020,Wheat,71100.8,363455.5,5.112,2120.5,35.2,1.85,98.6,1.3,0.623,11
DIST_061,STATE_01,2021,Wheat,50071.4,245951.1,4.912,1962.0,35.7,1.59,98.6,1.3,0.728,12
DIST_061,STATE_01,2022,Wheat,67711.9,272364.1,4.022,1598.0,43.1,2.1,98.6,1.3,0.589,13
DIST_061,STATE_01,2023,Wheat,156309.8,836308.2,5.35,1762.4,44.4,1.32,98.6,1.3,0.7,14
DIST_062,STATE_02,2009,Wheat,121846.1,365486.4,3.0,2044.5,25.6,1.93,141.8,0.66,0.573,0
DIST_062,STATE_02,2010,Wheat,53761.4,155909.1,2.9,1731.0,31.0,1.58,141.8,0.66,0.48,1
DIST_062,STATE_02,2011,Wheat,123589.5,307396.8,2.487,1659.7,25.2,2.53,141.8,0.66,0.5,2
DIST_062,STATE_02,2012,Wheat,90679.7,133553.1,1.473,2069.9,73.5,2.55,141.8,0.66,0.524,3
DIST_062,STATE_02,2013,Wheat,120229.0,425906.5,3.542,1939.8,14.7,1.65,141.8,0.66,0.554,4
DIST_062,STATE_02,2014,Wheat,100844.8,310035.8,3.074,1950.1,24.8,1.73,141.8,0.66,0.507,5
DIST_062,STATE_02,2015,Wheat,137368.2,462471.1,3.367,2047.7,22.2,1.53,141.8,0.66,0.563,6
DIST_062,STATE_02,2016,Wheat,87469.3,290076.6,3.316,1793.5,39.1,1.83,141.8,0.66,0.559,7
DIST_062,STATE_02,2017,Wheat,97049.6,300113.8,3.092,2080.8,4.9,2.42,141.8,0.66,0.571,8
DIST_062,STATE_02,2018,Wheat,52862.1,190689.4,3.607,1628.6,25.0,1.9,141.8,0.66,0.559,9
DIST_062,STATE_02,2019,Wheat,124758.6,435229.5,3.489,1955.0,48.2,2.1,141.8,0.66,0.58,10
DIST_062,STATE_02,2020,Wheat,60490.2,225765.6,3.732,1543.3,0.0,1.23,141.8,0.66,0.594,11
DIST_062,STATE_02,2021,Wheat,175790.0,632010.9,3.595,1798.9,59.9,1.3,141.8,0.66,0.618,12
DIST_062,STATE_02,2022,Wheat,103096.3,237438.9,2.303,1689.2,72.7,3.15,141.8,0.66,0.544,13
DIST_062,STATE_02,2023,Wheat,99771.4,313669.8,3.144,1498.8,5.9,2.3,141.8,0.66,0.539,14
DIST_063,STATE_03,2009,Wheat,54524.3,267263.7,4.902,2053.8,14.9,2.43,116.8,1.82,0.665,0
DIST_063,STATE_03,2010,Wheat,132415.2,669724.2,5.058,2083.3,31.0,2.03,116.8,1.82,0.646,1
DIST_063,STATE_03,2011,Wheat,62127.8,310402.7,4.996,1824.7,9.6,1.97,116.8,1.82,0.637,2
DIST_063,STATE_03,2012,Wheat,96787.2,282452.7,2.918,1712.1,48.9,2.84,116.8,1.82,0.507,3
DIST_063,STATE_03,2013,Wheat,100460.2,529580.9,5.272,1572.4,21.1,1.55,116.8,1.82,0.647,4
DIST_063,STATE_03,2014,Wheat,55808.6,276239.0,4.95,1757.1,34.2,1.22,116.8,1.82,0.64,5
DIST_063,STATE_03,2015,Wheat,160359.6,830950.6,5.182,1908.2,30.9,2.01,116.8,1.82,0.659,6
DIST_063,STATE_03,2016,Wheat,143167.0,765658.3,5.348,2121.5,18.2,1.45,116.8,1.82,0.631,7
DIST_063,STATE_03,2017,Wheat,151992.9,772515.8,5.083,1570.8,40.5,2.09,116.8,1.82,0.629,8
DIST_063,STATE_03,2018,Wheat,170036.1,995219.6,5.853,1451.4,23.1,2.27,116.8,1.82,0.666,9
DIST_063,STATE_03,2019,Wheat,126941.4,674287.9,5.312,1581.9,39.8,2.49,116.8,1.82,0.624,10
DIST_063,STATE_03,2020,Wheat,112875.8,655356.0,5.806,1556.1,24.8,1.91,116.8,1.82,0.678,11
DIST_063,STATE_03,2021,Wheat,124063.3,608987.1,4.909,1465.9,36.9,1.79,116.8,1.82,0.664,12
DIST_063,STATE_03,2022,Wheat,146915.9,725849.4,4.941,2133.6,58.5,1.99,116.8,1.82,0.602,13
DIST_063,STATE_03,2023,Wheat,93086.2,486852.5,5.23,1957.9,28.8,2.1,116.8,1.82,0.608,14
DIST_064,STATE_04,2009,Wheat,163969.8,585928.1,3.573,1454.5,31.9,1.63,90.6,0.72,0.588,0
DIST_064,STATE_04,2010,Wheat,164030.7,712180.6,4.342,2064.3,0.0,2.38,90.6,0.72,0.619,1
DIST_064,STATE_04,2011,Wheat,100391.0,398672.9,3.971,1739.5,21.6,1.68,90.6,0.72,0.64,2
DIST_064,STATE_04,2012,Wheat,160343.9,360222.6,2.247,1939.3,61.2,2.1,90.6,0.72,0.517,3
DIST_064,STATE_04,2013,Wheat,117019.8,497803.3,4.254,1837.5,36.6,1.79,90.6,0.72,0.611,4
DIST_064,STATE_04,2014,Wheat,60761.0,280028.7,4.609,1515.3,35.9,1.69,90.6,0.72,0.624,5
DIST_064,STATE_04,2015,Wheat,78454.7,344945.0,4.397,1455.4,32.6,1.36,90.6,0.72,0.589,6
DIST_064,STATE_04,2016,Wheat,95121.6,429211.1,4.512,1786.2,16.4,1.85,90.6,0.72,0.629,7
DIST_064,STATE_04,2017,Wheat,155478.7,797692.5,5.131,1560.2,8.9,2.49,90.6,0.72,0.659,8
DIST_064,STATE_04,2018,Wheat,100622.4,495208.6,4.921,1541.9,52.5,2.27,90.6,0.72,0.701,9
DIST_064,STATE_04,2019,Wheat,90629.8,415497.4,4.585,2084.8,13.1,1.92,90.6,0.72,0.626,10
DIST_064,STATE_04,2020,Wheat,152208.2,766244.3,5.034,1801.2,20.5,1.86,90.6,0.72,0.655,11
DIST_064,STATE_04,2021,Wheat,56984.4,272470.1,4.781,2065.5,31.4,1.71,90.6,0.72,0.613,12
DIST_064,STATE_04,2022,Wheat,78910.9,305453.4,3.871,1689.4,59.9,1.92,90.6,0.72,0.611,13
DIST_064,STATE_04,2023,Wheat,104650.3,443217.4,4.235,1712.7,31.9,2.41,90.6,0.72,0.616,14
DIST_065,STATE_05,2009,Wheat,154039.8,529851.5,3.44,1572.4,12.0,1.3,164.4,0.83,0.536,0
DIST_065,STATE_05,2010,Wheat,119964.9,450640.6,3.756,1774.3,7.0,2.58,164.4,0.83,0.609,1
DIST_065,STATE_05,2011,Wheat,47176.8,183928.1,3.899,1670.9,8.6,1.76,164.4,0.83,0.571,2
DIST_065,STATE_05,2012,Wheat,74400.4,170657.6,2.294,1888.9,71.2,2.99,164.4,0.83,0.578,3
DIST_065,STATE_05,2013,Wheat,134351.1,512463.4,3.814,1668.9,15.9,2.11,164.4,0.83,0.618,4
DIST_065,STATE_05,2014,Wheat,85873.6,307742.5,3.584,1746.5,45.9,2.51,164.4,0.83,0.584,5
DIST_065,STATE_05,2015,Wheat,134297.9,535863.2,3.99,2062.3,21.9,2.33,164.4,0.83,0.588,6
DIST_065,STATE_05,2016,Wheat,101039.5,395712.6,3.916,1497.5,28.9,1.9,164.4,0.83,0.572,7
DIST_065,STATE_05,2017,Wheat,149256.1,544145.5,3.646,1492.9,20.9,2.15,164.4,0.83,0.621,8
DIST_065,STATE_05,2018,Wheat,90543.5,377680.6,4.171,1507.8,2.3,2.69,164.4,0.83,0.598,9
DIST_065,STATE_05,2019,Wheat,121027.2,451950.4,3.734,2110.6,18.2,1.21,164.4,0.83,0.62,10
DIST_065,STATE_05,2020,Wheat,179266.2,791683.4,4.416,1930.4,28.2,1.32,164.4,0.83,0.629,11
DIST_065,STATE_05,2021,Wheat,86081.5,312792.5,3.634,1520.5,28.8,2.8,164.4,0.83,0.619,12
DIST_065,STATE_05,2022,Wheat,82861.4,285316.2,3.443,1576.8,62.3,2.97,164.4,0.83,0.552,13
DIST_065,STATE_05,2023,Wheat,89314.4,381298.6,4.269,1549.0,20.4,2.59,164.4,0.83,0.577,14
DIST_066,STATE_06,2009,Wheat,106211.2,409187.4,3.853,2092.5,22.6,1.97,118.7,1.71,0.577,0
DIST_066,STATE_06,2010,Wheat,143447.4,472072.1,3.291,2017.3,25.5,2.7,118.7,1.71,0.582,1
DIST_066,STATE_06,2011,Wheat,119323.6,468271.8,3.924,1988.1,12.6,1.71,118.7,1.71,0.547,2
DIST_066,STATE_06,2012,Wheat,83553.2,194122.3,2.323,2088.1,60.6,2.54,118.7,1.71,0.522,3
DIST_066,STATE_06,2013,Wheat,103488.9,401337.0,3.878,1979.8,2.5,2.38,118.7,1.71,0.538,4
DIST_066,STATE_06,2014,Wheat,87723.3,330449.2,3.767,1966.8,23.3,1.41,118.7,1.71,0.632,5
DIST_066,STATE_06,2015,Wheat,110100.4,454003.1,4.124,1794.2,36.1,2.76,118.7,1.71,0.587,6
DIST_066,STATE_06,2016,Wheat,73827.6,309731.2,4.195,1908.3,35.3,1.34,118.7,1.71,0.601,7
DIST_066,STATE_06,2017,Wheat,167055.3,721044.8,4.316,1549.6,25.3,1.79,118.7,1.71,0.578,8
DIST_066,STATE_06,2018,Wheat,168491.2,798283.8,4.738,1561.9,30.7,1.39,118.7,1.71,0.617,9
DIST_066,STATE_06,2019,Wheat,105594.9,408728.4,3.871,1869.3,41.4,1.64,118.7,1.71,0.549,10
DIST_066,STATE_06,2020,Wheat,130575.1,627343.2,4.804,1505.3,25.9,1.69,118.7,1.71,0.606,11
DIST_066,STATE_06,2021,Wheat,123039.7,490767.0,3.989,2130.6,19.0,2.0,118.7,1.71,0.604,12
DIST_066,STATE_06,2022,Wheat,160549.9,582233.4,3.626,1769.3,59.2,2.01,118.7,1.71,0.601,13
DIST_066,STATE_06,2023,Wheat,80854.3,340156.2,4.207,2007.1,15.5,1.94,118.7,1.71,0.575,14
DIST_067,STATE_07,2009,Wheat,113848.0,527126.5,4.63,1722.4,19.1,2.64,183.2,0.91,0.618,0
DIST_067,STATE_07,2010,Wheat,111384.6,566279.9,5.084,2032.4,13.4,1.57,183.2,0.91,0.588,1
DIST_067,STATE_07,2011,Wheat,52066.9,241407.4,4.636,1571.7,36.9,2.48,183.2,0.91,0.622,2
DIST_067,STATE_07,2012,Wheat,177010.2,714405.0,4.036,1555.4,87.8,2.04,183.2,0.91,0.574,3
DIST_067,STATE_07,2013,Wheat,96214.4,473353.4,4.92,2057.6,4.8,2.7,183.2,0.91,0.688,4
DIST_067,STATE_07,2014,Wheat,50340.3,281897.5,5.6,1707.1,42.1,2.24,183.2,0.91,0.691,5
DIST_067,STATE_07,2015,Wheat,88276.0,485068.2,5.495,1495.5,9.5,2.72,183.2,0.91,0.652,6
DIST_067,STATE_07,2016,Wheat,148451.0,697011.7,4.695,1783.6,21.0,1.7,183.2,0.91,0.635,7
DIST_067,STATE_07,2017,Wheat,135856.1,719682.1,5.297,1472.9,47.7,1.42,183.2,0.91,0.661,8
DIST_067,STATE_07,2018,Wheat,164136.8,914488.3,5.571,1459.1,22.5,1.91,183.2,0.91,0.71,9
DIST_067,STATE_07,2019,Wheat,136435.6,747660.6,5.48,1941.8,0.0,2.73,183.2,0.91,0.586,10
DIST_067,STATE_07,2020,Wheat,131684.9,783724.2,5.952,1663.7,36.2,1.4,183.2,0.91,0.664,11
DIST_067,STATE_07,2021,Wheat,134163.4,760765.1,5.67,1789.6,31.5,1.3,183.2,0.91,0.627,12
DIST_067,STATE_07,2022,Wheat,118793.0,559755.7,4.712,1770.2,80.5,2.93,183.2,0.91,0.642,13
DIST_067,STATE_07,2023,Wheat,157719.2,897243.2,5.689,2059.8,25.9,1.69,183.2,0.91,0.634,14
DIST_068,STATE_08,2009,Wheat,77496.2,194769.3,2.513,1568.0,52.0,2.66,93.1,2.02,0.564,0
DIST_068,STATE_08,2010,Wheat,50237.9,175335.4,3.49,1535.7,2.2,2.53,93.1,2.02,0.557,1
DIST_068,STATE_08,2011,Wheat,95869.4,339588.8,3.542,1783.5,15.0,2.49,93.1,2.02,0.556,2
DIST_068,STATE_08,2012,Wheat,70855.4,109787.2,1.549,1768.0,64.3,1.83,93.1,2.02,0.516,3
DIST_068,STATE_08,2013,Wheat,119343.2,435511.2,3.649,1991.8,13.8,2.74,93.1,2.02,0.598,4
DIST_068,STATE_08,2014,Wheat,111601.1,412528.3,3.696,1453.0,24.6,1.44,93.1,2.02,0.589,5
DIST_068,STATE_08,2015,Wheat,124080.1,385654.5,3.108,1840.7,39.3,1.91,93.1,2.02,0.547,6
DIST_068,STATE_08,2016,Wheat,105565.4,384637.8,3.644,1811.4,41.9,1.83,93.1,2.02,0.603,7
DIST_068,STATE_08,2017,Wheat,170907.5,557675.7,3.263,1708.1,31.1,2.37,93.1,2.02,0.6,8
DIST_068,STATE_08,2018,Wheat,170532.5,675670.2,3.962,1783.7,24.5,1.98,93.1,2.02,0.603,9
DIST_068,STATE_08,2019,Wheat,78340.3,276563.6,3.53,2079.7,55.3,2.45,93.1,2.02,0.586,10
DIST_068,STATE_08,2020,Wheat,126129.2,491099.7,3.894,1479.0,6.7,1.49,93.1,2.02,0.593,11
DIST_068,STATE_08,2021,Wheat,129128.3,444360.9,3.441,1512.1,0.0,2.01,93.1,2.02,0.585,12
DIST_068,STATE_08,2022,Wheat,120155.7,342296.7,2.849,1981.8,50.9,2.24,93.1,2.02,0.54,13
DIST_068,STATE_08,2023,Wheat,110364.9,458308.5,4.153,1923.7,2.2,1.34,93.1,2.02,0.633,14
DIST_069,STATE_09,2009,Wheat,124985.2,364344.0,2.915,1984.9,11.7,1.27,182.3,1.63,0.567,0
DIST_069,STATE_09,2010,Wheat,46237.3,137597.3,2.976,1546.0,26.7,1.62,182.3,1.63,0.571,1
DIST_069,STATE_09,2011,Wheat,101148.3,324848.0,3.212,1914.2,20.1,2.67,182.3,1.63,0.528,2
DIST_069,STATE_09,2012,Wheat,167591.3,349696.5,2.087,1978.1,64.3,1.81,182.3,1.63,0.541,3
DIST_069,STATE_09,2013,Wheat,167507.5,606659.7,3.622,1505.7,40.6,1.86,182.3,1.63,0.586,4
DIST_069,STATE_09,2014,Wheat,82549.4,250200.9,3.031,1652.2,24.5,2.71,182.3,1.63,0.55,5
DIST_069,STATE_09,2015,Wheat,135626.1,383172.0,2.825,1543.5,50.7,2.59,182.3,1.63,0.548,6
DIST_069,STATE_09,2016,Wheat,62048.3,228781.7,3.687,2097.0,41.7,1.41,182.3,1.63,0.563,7
DIST_069,STATE_09,2017,Wheat,171035.1,611666.6,3.576,1944.0,13.3,1.91,182.3,1.63,0.602,8
DIST_069,STATE_09,2018,Wheat,148946.4,573769.0,3.852,1517.8,36.8,2.03,182.3,1.63,0.575,9
DIST_069,STATE_09,2019,Wheat,123430.8,366294.7,2.968,1960.9,19.0,1.86,182.3,1.63,0.6,10
DIST_069,STATE_09,2020,Wheat,52015.4,206995.7,3.98,2056.8,39.1,1.93,182.3,1.63,0.571,11
DIST_069,STATE_09,2021,Wheat,110206.9,367937.7,3.339,2080.8,45.7,1.35,182.3,1.63,0.551,12
DIST_069,STATE_09,2022,Wheat,178877.6,500754.3,2.799,2004.3,70.1,2.07,182.3,1.63,0.506,13
DIST_069,STATE_09,2023,Wheat,149115.4,592946.7,3.976,1629.7,18.3,2.68,182.3,1.63,0.545,14
DIST_070,STATE_10,2009,Wheat,110664.7,468967.0,4.238,1753.5,31.8,2.07,150.5,1.44,0.594,0
DIST_070,STATE_10,2010,Wheat,170879.9,690217.0,4.039,2068.1,17.5,1.79,150.5,1.44,0.601,1
DIST_070,STATE_10,2011,Wheat,60202.2,223594.5,3.714,2063.8,16.4,1.85,150.5,1.44,0.564,2
DIST_070,STATE_10,2012,Wheat,152279.5,438765.2,2.881,1734.4,62.0,2.51,150.5,1.44,0.531,3
DIST_070,STATE_10,2013,Wheat,121375.9,505794.0,4.167,1920.3,9.3,2.7,150.5,1.44,0.588,4
DIST_070,STATE_10,2014,Wheat,85807.4,346242.7,4.035,2051.6,22.6,1.91,150.5,1.44,0.599,5
DIST_070,STATE_10,2015,Wheat,90704.8,379948.9,4.189,1761.4,15.9,2.18,150.5,1.44,0.617,6
DIST_070,STATE_10,2016,Wheat,103596.6,459155.9,4.432,2008.6,0.0,1.28,150.5,1.44,0.623,7
DIST_070,STATE_10,2017,Wheat,66991.9,300019.2,4.478,2008.7,31.0,2.57,150.5,1.44,0.611,8
DIST_070,STATE_10,2018,Wheat,88289.5,430043.8,4.871,1831.6,30.8,1.28,150.5,1.44,0.584,9
DIST_070,STATE_10,2019,Wheat,70705.8,301332.7,4.262,1919.0,20.2,1.77,150.5,1.44,0.536,10
DIST_070,STATE_10,2020,Wheat,175128.7,827928.3,4.728,1904.1,24.2,2.6,150.5,1.44,0.616,11
DIST_070,STATE_10,2021,Wheat,147381.9,633851.1,4.301,1884.2,20.8,2.11,150.5,1.44,0.573,12
DIST_070,STATE_10,2022,Wheat,118559.0,437105.3,3.687,1663.5,77.8,3.22,150.5,1.44,0.6,13
DIST_070,STATE_10,2023,Wheat,55529.2,262263.3,4.723,1544.3,6.3,2.77,150.5,1.44,0.626,14
DIST_071,STATE_11,2009,Wheat,103092.7,301347.5,2.923,1592.3,30.1,2.62,138.7,1.15,0.539,0
DIST_071,STATE_11,2010,Wheat,151554.2,516352.1,3.407,1426.8,25.4,1.69,138.7,1.15,0.59,1
DIST_071,STATE_11,2011,Wheat,178562.2,552134.3,3.092,1437.5,22.2,2.25,138.7,1.15,0.58,2
DIST_071,STATE_11,2012,Wheat,116831.7,251447.1,2.152,1752.6,68.8,2.82,138.7,1.15,0.545,3
DIST_071,STATE_11,2013,Wheat,70533.7,220045.6,3.12,1821.4,31.8,2.71,138.7,1.15,0.552,4
DIST_071,STATE_11,2014,Wheat,76597.8,216589.6,2.828,1459.8,29.1,1.63,138.7,1.15,0.565,5
DIST_071,STATE_11,2015,Wheat,172445.6,680004.6,3.943,1707.4,23.4,2.02,138.7,1.15,0.654,6
DIST_071,STATE_11,2016,Wheat,108556.0,367067.8,3.381,1929.6,0.0,2.71,138.7,1.15,0.565,7
DIST_071,STATE_11,2017,Wheat,111999.8,390005.4,3.482,1821.1,32.7,2.78,138.7,1.15,0.558,8
DIST_071,STATE_11,2018,Wheat,71609.3,295893.6,4.132,2057.8,18.8,2.06,138.7,1.15,0.658,9
DIST_071,STATE_11,2019,Wheat,95383.0,341644.3,3.582,1795.3,42.9,2.13,138.7,1.15,0.614,10
DIST_071,STATE_11,2020,Wheat,126563.5,491514.7,3.884,1539.7,46.6,1.33,138.7,1.15,0.52,11
DIST_071,STATE_11,2021,Wheat,124489.4,480502.3,3.86,1522.5,6.3,2.78,138.7,1.15,0.584,12
DIST_071,STATE_11,2022,Wheat,137804.0,399225.6,2.897,1692.8,61.0,2.74,138.7,1.15,0.504,13
DIST_071,STATE_11,2023,Wheat,53317.1,177952.8,3.338,1583.7,29.4,2.63,138.7,1.15,0.538,14
DIST_072,STATE_12,2009,Wheat,99610.1,313718.1,3.149,1654.5,34.9,2.75,159.1,1.46,0.531,0
DIST_072,STATE_12,2010,Wheat,102265.0,314864.5,3.079,1717.7,7.1,1.61,159.1,1.46,0.559,1
DIST_072,STATE_12,2011,Wheat,118359.8,397879.0,3.362,1623.3,11.6,2.3,159.1,1.46,0.591,2
DIST_072,STATE_12,2012,Wheat,101129.6,200028.3,1.978,1743.4,58.2,2.2,159.1,1.46,0.509,3
DIST_072,STATE_12,2013,Wheat,83640.3,287318.8,3.435,1742.1,43.4,1.51,159.1,1.46,0.571,4
DIST_072,STATE_12,2014,Wheat,75717.1,244090.4,3.224,1620.7,30.0,1.32,159.1,1.46,0.54,5
DIST_072,STATE_12,2015,Wheat,90854.2,300219.8,3.304,1925.6,11.3,2.09,159.1,1.46,0.594,6
DIST_072,STATE_12,2016,Wheat,60696.9,178587.8,2.942,1810.5,0.2,2.17,159.1,1.46,0.542,7
DIST_072,STATE_12,2017,Wheat,75403.0,221279.6,2.935,1620.0,50.1,1.97,159.1,1.46,0.577,8
DIST_072,STATE_12,2018,Wheat,95415.0,352715.0,3.697,1713.5,21.6,2.54,159.1,1.46,0.622,9
DIST_072,STATE_12,2019,Wheat,90109.3,341276.4,3.787,2022.5,0.0,2.0,159.1,1.46,0.599,10
DIST_072,STATE_12,2020,Wheat,46723.3,182514.8,3.906,2065.1,0.0,1.42,159.1,1.46,0.574,11
DIST_072,STATE_12,2021,Wheat,99492.3,342282.2,3.44,1935.1,0.0,1.87,159.1,1.46,0.579,12
DIST_072,STATE_12,2022,Wheat,59763.0,152087.1,2.545,1743.1,77.0,2.24,159.1,1.46,0.572,13
DIST_072,STATE_12,2023,Wheat,55575.7,201555.5,3.627,1520.8,19.0,2.27,159.1,1.46,0.598,14
DIST_073,STATE_01,2009,Wheat,172761.1,697108.1,4.035,1690.5,9.1,1.72,173.3,0.79,0.62,0
DIST_073,STATE_01,2010,Wheat,157985.3,644737.2,4.081,2101.8,42.7,1.66,173.3,0.79,0.613,1
DIST_073,STATE_01,2011,Wheat,52611.6,224698.4,4.271,1668.6,14.8,2.01,173.3,0.79,0.659,2
DIST_073,STATE_01,2012,Wheat,127712.4,401555.0,3.144,1824.8,76.6,2.58,173.3,0.79,0.524,3
DIST_073,STATE_01,2013,Wheat,56427.6,246429.5,4.367,1503.5,25.0,2.54,173.3,0.79,0.566,4
DIST_073,STATE_01,2014,Wheat,92381.7,412224.5,4.462,1708.3,35.1,1.83,173.3,0.79,0.621,5
DIST_073,STATE_01,2015,Wheat,67522.0,288364.8,4.271,1462.7,14.3,2.53,173.3,0.79,0.633,6
DIST_073,STATE_01,2016,Wheat,100205.2,438254.5,4.374,1898.4,26.8,1.94,173.3,0.79,0.589,7
DIST_073,STATE_01,2017,Wheat,70465.4,343917.2,4.881,1795.5,45.5,2.38,173.3,0.79,0.637,8
DIST_073,STATE_01,2018,Wheat,60307.3,293385.7,4.865,1949.4,39.6,2.67,173.3,0.79,0.633,9
DIST_073,STATE_01,2019,Wheat,118210.5,522154.7,4.417,1553.7,19.3,2.39,173.3,0.79,0.664,10
DIST_073,STATE_01,2020,Wheat,140242.0,709062.3,5.056,1925.2,34.3,1.83,173.3,0.79,0.7,11
DIST_073,STATE_01,2021,Wheat,101355.5,469535.5,4.633,1971.5,13.0,1.51,173.3,0.79,0.625,12
DIST_073,STATE_01,2022,Wheat,142863.2,510783.6,3.575,2091.3,55.0,2.63,173.3,0.79,0.597,13
DIST_073,STATE_01,2023,Wheat,135484.3,616874.0,4.553,1601.5,34.6,2.2,173.3,0.79,0.587,14
DIST_074,STATE_02,2009,Wheat,98620.2,328530.4,3.331,1571.7,0.0,2.39,107.9,1.95,0.555,0
DIST_074,STATE_02,2010,Wheat,161239.5,567453.5,3.519,1801.1,31.7,1.45,107.9,1.95,0.583,1
DIST_074,STATE_02,2011,Wheat,132831.9,540380.4,4.068,2032.8,38.6,2.4,107.9,1.95,0.597,2
DIST_074,STATE_02,2012,Wheat,126435.0,238384.2,1.885,1642.9,68.3,2.7,107.9,1.95,0.505,3
DIST_074,STATE_02,2013,Wheat,104170.3,331012.8,3.178,1603.9,16.2,1.46,107.9,1.95,0.57,4
DIST_074,STATE_02,2014,Wheat,72020.8,302831.1,4.205,1648.7,14.3,1.44,107.9,1.95,0.611,5
DIST_074,STATE_02,2015,Wheat,141703.9,561722.6,3.964,1898.6,37.3,1.96,107.9,1.95,0.586,6
DIST_074,STATE_02,2016,Wheat,128897.7,493850.3,3.831,1979.5,0.0,1.64,107.9,1.95,0.591,7
DIST_074,STATE_02,2017,Wheat,162580.6,681748.6,4.193,1679.6,40.3,2.43,107.9,1.95,0.636,8
DIST_074,STATE_02,2018,Wheat,114880.0,494572.9,4.305,1849.5,27.4,2.4,107.9,1.95,0.68,9
DIST_074,STATE_02,2019,Wheat,110127.2,450405.9,4.09,1515.6,36.4,1.7,107.9,1.95,0.626,10
DIST_074,STATE_02,2020,Wheat,158108.6,680894.0,4.306,1505.7,19.9,2.15,107.9,1.95,0.626,11
DIST_074,STATE_02,2021,Wheat,100948.0,411387.7,4.075,1942.7,31.8,1.75,107.9,1.95,0.623,12
DIST_074,STATE_02,2022,Wheat,51636.7,173542.0,3.361,1486.7,89.2,2.59,107.9,1.95,0.579,13
DIST_074,STATE_02,2023,Wheat,158506.0,715460.0,4.514,1493.4,5.5,1.92,107.9,1.95,0.599,14
DIST_075,STATE_03,2009,Wheat,178045.8,520845.5,2.925,1787.8,36.6,2.69,185.4,0.93,0.55,0
DIST_075,STATE_03,2010,Wheat,171046.7,476609.5,2.786,1784.7,7.8,1.2,185.4,0.93,0.552,1
DIST_075,STATE_03,2011,Wheat,73168.0,236024.3,3.226,1875.7,28.4,1.33,185.4,0.93,0.533,2
DIST_075,STATE_03,2012,Wheat,85666.2,164011.2,1.915,1739.4,75.2,2.66,185.4,0.93,0.531,3
DIST_075,STATE_03,2013,Wheat,85856.4,253924.1,2.958,1883.7,32.2,1.41,185.4,0.93,0.53,4
DIST_075,STATE_03,2014,Wheat,146030.7,408963.4,2.801,1608.4,18.2,2.61,185.4,0.93,0.547,5
DIST_075,STATE_03,2015,Wheat,127869.2,417642.2,3.266,1491.4,48.0,2.26,185.4,0.93,0.545,6
DIST_075,STATE_03,2016,Wheat,96033.4,279823.6,2.914,1507.1,37.4,2.35,185.4,0.93,0.611,7
DIST_075,STATE_03,2017,Wheat,78607.4,261599.8,3.328,1667.1,41.3,2.64,185.4,0.93,0.554,8
DIST_075,STATE_03,2018,Wheat,106492.7,401639.0,3.772,1466.6,24.8,1.75,185.4,0.93,0.609,9
DIST_075,STATE_03,2019,Wheat,74608.3,279119.3,3.741,1750.2,58.1,2.24,185.4,0.93,0.564,10
DIST_075,STATE_03,2020,Wheat,61612.0,226076.5,3.669,2145.4,11.9,1.7,185.4,0.93,0.607,11
DIST_075,STATE_03,2021,Wheat,79688.6,287783.2,3.611,1474.6,22.6,1.57,185.4,0.93,0.555,12
DIST_075,STATE_03,2022,Wheat,79221.7,216644.3,2.735,2123.4,72.2,2.27,185.4,0.93,0.574,13
DIST_075,STATE_03,2023,Wheat,143223.2,466989.1,3.261,1786.1,0.0,2.57,185.4,0.93,0.564,14
DIST_076,STATE_04,2009,Wheat,100817.9,417701.7,4.143,1544.3,58.6,2.31,99.5,0.9,0.576,0
DIST_076,STATE_04,2010,Wheat,121723.1,525791.0,4.32,1712.7,20.4,1.31,99.5,0.9,0.65,1
DIST_076,STATE_04,2011,Wheat,127963.0,523025.6,4.087,1992.5,9.4,1.22,99.5,0.9,0.601,2
DIST_076,STATE_04,2012,Wheat,139228.7,350621.5,2.518,1968.2,69.4,2.37,99.5,0.9,0.482,3
DIST_076,STATE_04,2013,Wheat,63410.1,244497.9,3.856,1557.7,17.9,1.29,99.5,0.9,0.548,4
DIST_076,STATE_04,2014,Wheat,176374.5,796182.2,4.514,1560.6,6.0,1.21,99.5,0.9,0.577,5
DIST_076,STATE_04,2015,Wheat,133260.0,649843.2,4.877,1700.9,53.0,2.24,99.5,0.9,0.698,6
DIST_076,STATE_04,2016,Wheat,164855.4,640159.3,3.883,1508.3,17.4,1.83,99.5,0.9,0.61,7
DIST_076,STATE_04,2017,Wheat,65316.9,272379.9,4.17,1792.5,0.4,2.48,99.5,0.9,0.591,8
DIST_076,STATE_04,2018,Wheat,140317.8,698507.1,4.978,1788.3,0.0,1.61,99.5,0.9,0.643,9
DIST_076,STATE_04,2019,Wheat,74854.9,353665.5,4.725,1638.4,18.2,1.99,99.5,0.9,0.666,10
DIST_076,STATE_04,2020,Wheat,100743.0,511853.9,5.081,1831.2,36.9,1.39,99.5,0.9,0.608,11
DIST_076,STATE_04,2021,Wheat,132458.0,598630.3,4.519,1958.5,10.9,1.49,99.5,0.9,0.639,12
DIST_076,STATE_04,2022,Wheat,149290.5,537510.6,3.6,1583.2,63.3,3.01,99.5,0.9,0.597,13
DIST_076,STATE_04,2023,Wheat,90522.3,453980.1,5.015,1653.8,25.4,2.14,99.5,0.9,0.607,14
DIST_077,STATE_05,2009,Wheat,67129.2,253767.4,3.78,1667.0,29.0,1.43,137.5,1.15,0.632,0
DIST_077,STATE_05,2010,Wheat,170808.2,654000.0,3.829,1600.2,16.0,2.63,137.5,1.15,0.595,1
DIST_077,STATE_05,2011,Wheat,157262.5,658819.4,4.189,1515.2,30.4,1.26,137.5,1.15,0.595,2
DIST_077,STATE_05,2012,Wheat,108242.3,291308.2,2.691,1833.8,81.1,1.75,137.5,1.15,0.573,3
DIST_077,STATE_05,2013,Wheat,177658.1,661716.6,3.725,1865.9,6.9,2.67,137.5,1.15,0.589,4
DIST_077,STATE_05,2014,Wheat,140739.4,565517.7,4.018,1565.2,38.5,1.54,137.5,1.15,0.568,5
DIST_077,STATE_05,2015,Wheat,104220.7,420556.5,4.035,1977.4,21.4,2.47,137.5,1.15,0.643,6
DIST_077,STATE_05,2016,Wheat,75837.5,304746.4,4.018,1626.8,39.8,1.7,137.5,1.15,0.588,7
DIST_077,STATE_05,2017,Wheat,73285.1,278783.7,3.804,1758.7,39.4,1.35,137.5,1.15,0.624,8
DIST_077,STATE_05,2018,Wheat,121743.7,555708.4,4.565,1699.6,12.8,2.31,137.5,1.15,0.646,9
DIST_077,STATE_05,2019,Wheat,74867.1,341318.4,4.559,1924.0,13.2,2.44,137.5,1.15,0.69,10
DIST_077,STATE_05,2020,Wheat,165702.3,740370.7,4.468,1803.5,17.1,2.55,137.5,1.15,0.605,11
DIST_077,STATE_05,2021,Wheat,76061.4,339010.5,4.457,1744.3,17.2,2.04,137.5,1.15,0.635,12
DIST_077,STATE_05,2022,Wheat,92719.5,295950.1,3.192,1914.5,63.4,2.97,137.5,1.15,0.557,13
DIST_077,STATE_05,2023,Wheat,160439.8,665915.6,4.151,1712.5,17.6,2.76,137.5,1.15,0.576,14
DIST_078,STATE_06,2009,Wheat,63718.1,275780.4,4.328,1489.1,39.6,1.84,93.1,1.91,0.63,0
DIST_078,STATE_06,2010,Wheat,109887.5,451547.5,4.109,1791.3,14.2,2.21,93.1,1.91,0.602,1
DIST_078,STATE_06,2011,Wheat,90004.7,392498.9,4.361,1724.4,0.0,1.86,93.1,1.91,0.669,2
DIST_078,STATE_06,2012,Wheat,137593.3,295406.1,2.147,1998.3,79.4,2.64,93.1,1.91,0.481,3
DIST_078,STATE_06,2013,Wheat,87360.6,390935.7,4.475,1519.3,0.0,1.54,93.1,1.91,0.626,4
DIST_078,STATE_06,2014,Wheat,134198.2,592102.9,4.412,2090.4,56.5,2.76,93.1,1.91,0.573,5
DIST_078,STATE_06,2015,Wheat,56210.2,272798.7,4.853,1563.7,26.1,1.91,93.1,1.91,0.67,6
DIST_078,STATE_06,2016,Wheat,178415.4,848505.0,4.756,1707.2,6.0,1.99,93.1,1.91,0.641,7
DIST_078,STATE_06,2017,Wheat,112448.5,554053.8,4.927,1653.7,36.3,2.76,93.1,1.91,0.606,8
DIST_078,STATE_06,2018,Wheat,143698.9,729090.2,5.074,1614.5,50.9,1.47,93.1,1.91,0.586,9
DIST_078,STATE_06,2019,Wheat,129902.2,632840.4,4.872,1532.6,5.6,1.2,93.1,1.91,0.661,10
DIST_078,STATE_06,2020,Wheat,171038.1,872691.8,5.102,2062.1,36.1,2.17,93.1,1.91,0.621,11
DIST_078,STATE_06,2021,Wheat,136997.2,667996.5,4.876,1504.5,29.6,1.83,93.1,1.91,0.634,12
DIST_078,STATE_06,2022,Wheat,61236.6,261408.1,4.269,1957.5,78.0,2.73,93.1,1.91,0.624,13
DIST_078,STATE_06,2023,Wheat,47997.4,237685.9,4.952,1682.6,21.5,1.6,93.1,1.91,0.653,14
DIST_079,STATE_07,2009,Wheat,96969.4,399357.1,4.118,1681.6,12.1,2.45,172.4,0.75,0.584,0
DIST_079,STATE_07,2010,Wheat,95802.1,322446.1,3.366,1659.2,27.0,1.9,172.4,0.75,0.563,1
DIST_079,STATE_07,2011,Wheat,153345.7,643226.8,4.195,1750.5,17.5,1.68,172.4,0.75,0.564,2
DIST_079,STATE_07,2012,Wheat,143619.5,460563.8,3.207,1443.2,83.5,1.85,172.4,0.75,0.543,3
DIST_079,STATE_07,2013,Wheat,77534.5,313236.9,4.04,2075.3,0.0,2.6,172.4,0.75,0.61,4
DIST_079,STATE_07,2014,Wheat,72983.1,276723.7,3.792,1689.5,9.4,1.71,172.4,0.75,0.554,5
DIST_079,STATE_07,2015,Wheat,122922.0,552445.5,4.494,1476.1,19.3,2.7,172.4,0.75,0.58,6
DIST_079,STATE_07,2016,Wheat,79436.8,370844.0,4.668,1523.9,8.0,1.29,172.4,0.75,0.599,7
DIST_079,STATE_07,2017,Wheat,68491.4,288659.7,4.215,1972.5,25.6,1.81,172.4,0.75,0.597,8
DIST_079,STATE_07,2018,Wheat,120982.1,578645.8,4.783,1664.4,40.6,2.59,172.4,0.75,0.602,9
DIST_079,STATE_07,2019,Wheat,119427.8,520014.2,4.354,1701.7,36.3,1.4,172.4,0.75,0.633,10
DIST_079,STATE_07,2020,Wheat,106002.3,503668.2,4.751,2012.9,62.5,2.14,172.4,0.75,0.631,11
DIST_079,STATE_07,2021,Wheat,139869.7,599848.3,4.289,2014.9,9.6,2.34,172.4,0.75,0.621,12
DIST_079,STATE_07,2022,Wheat,48297.6,176473.7,3.654,1753.2,88.4,2.05,172.4,0.75,0.548,13
DIST_079,STATE_07,2023,Wheat,152703.3,733719.9,4.805,2115.0,27.6,2.77,172.4,0.75,0.662,14
DIST_080,STATE_08,2009,Wheat,152127.5,500420.7,3.289,1459.9,33.5,1.24,188.1,1.52,0.549,0
DIST_080,STATE_08,2010,Wheat,127551.8,394541.6,3.093,1892.2,46.4,1.75,188.1,1.52,0.579,1
DIST_080,STATE_08,2011,Wheat,145197.1,592272.2,4.079,1766.8,0.0,1.24,188.1,1.52,0.559,2
DIST_080,STATE_08,2012,Wheat,176762.7,458588.7,2.594,2026.5,83.4,3.06,188.1,1.52,0.49,3
DIST_080,STATE_08,2013,Wheat,55058.9,189907.2,3.449,1777.3,24.4,2.75,188.1,1.52,0.562,4
DIST_080,STATE_08,2014,Wheat,70563.7,256114.5,3.63,1964.9,30.6,2.23,188.1,1.52,0.616,5
DIST_080,STATE_08,2015,Wheat,140671.4,485678.2,3.453,1580.4,37.3,1.26,188.1,1.52,0.56,6
DIST_080,STATE_08,2016,Wheat,90596.0,321255.4,3.546,1727.9,0.0,1.63,188.1,1.52,0.616,7
DIST_080,STATE_08,2017,Wheat,98425.6,367580.3,3.735,1649.1,19.5,2.59,188.1,1.52,0.606,8
DIST_080,STATE_08,2018,Wheat,62675.7,260542.1,4.157,1932.4,31.4,1.53,188.1,1.52,0.583,9
DIST_080,STATE_08,2019,Wheat,156416.6,591229.1,3.78,1538.2,49.9,2.19,188.1,1.52,0.582,10
DIST_080,STATE_08,2020,Wheat,103293.7,451416.4,4.37,2005.1,35.4,1.98,188.1,1.52,0.611,11
DIST_080,STATE_08,2021,Wheat,155913.0,664621.3,4.263,1848.1,22.1,1.49,188.1,1.52,0.624,12
DIST_080,STATE_08,2022,Wheat,154507.0,461543.3,2.987,1488.0,69.5,2.45,188.1,1.52,0.589,13
DIST_080,STATE_08,2023,Wheat,51651.9,211761.8,4.1,2066.7,4.3,1.71,188.1,1.52,0.609,14
DIST_081,STATE_09,2009,Wheat,62901.5,221027.6,3.514,1563.4,18.9,1.93,143.1,0.68,0.626,0
DIST_081,STATE_09,2010,Wheat,105389.9,367929.7,3.491,1957.9,11.8,1.45,143.1,0.68,0.586,1
DIST_081,STATE_09,2011,Wheat,145378.5,436380.1,3.002,1816.5,6.4,1.82,143.1,0.68,0.543,2
DIST_081,STATE_09,2012,Wheat,102164.2,221479.3,2.168,1775.4,60.9,1.97,143.1,0.68,0.552,3
DIST_081,STATE_09,2013,Wheat,79821.8,295793.7,3.706,1764.1,12.9,2.17,143.1,0.68,0.592,4
DIST_081,STATE_09,2014,Wheat,140054.1,542675.0,3.875,1837.8,35.3,1.92,143.1,0.68,0.616,5
DIST_081,STATE_09,2015,Wheat,123749.9,456614.6,3.69,1806.9,3.4,1.21,143.1,0.68,0.579,6
DIST_081,STATE_09,2016,Wheat,96294.6,361153.1,3.751,1748.9,0.7,2.77,143.1,0.68,0.568,7
DIST_081,STATE_09,2017,Wheat,63024.6,205956.0,3.268,1473.6,30.6,2.42,143.1,0.68,0.612,8
DIST_081,STATE_09,2018,Wheat,122196.9,499197.5,4.085,1622.5,19.1,1.39,143.1,0.68,0.579,9
DIST_081,STATE_09,2019,Wheat,124339.9,472646.2,3.801,1494.8,19.9,2.58,143.1,0.68,0.578,10
DIST_081,STATE_09,2020,Wheat,100880.0,440999.9,4.372,1644.0,24.4,1.53,143.1,0.68,0.584,11
DIST_081,STATE_09,2021,Wheat,69254.0,305400.8,4.41,1942.4,41.6,1.39,143.1,0.68,0.62,12
DIST_081,STATE_09,2022,Wheat,135924.8,412374.7,3.034,1545.5,61.8,3.21,143.1,0.68,0.614,13
DIST_081,STATE_09,2023,Wheat,96567.3,400223.5,4.145,2139.8,10.8,1.73,143.1,0.68,0.629,14
DIST_082,STATE_10,2009,Wheat,115224.4,556852.7,4.833,1606.5,18.3,1.47,115.3,1.26,0.579,0
DIST_082,STATE_10,2010,Wheat,56502.1,289955.4,5.132,1860.1,35.5,2.25,115.3,1.26,0.648,1
DIST_082,STATE_10,2011,Wheat,170838.1,864295.7,5.059,1914.4,21.0,2.02,115.3,1.26,0.646,2
DIST_082,STATE_10,2012,Wheat,69464.4,262510.3,3.779,1982.2,68.6,3.2,115.3,1.26,0.556,3
DIST_082,STATE_10,2013,Wheat,67969.3,351697.5,5.174,1641.3,27.1,1.88,115.3,1.26,0.612,4
DIST_082,STATE_10,2014,Wheat,176251.0,876625.7,4.974,1532.4,36.6,1.66,115.3,1.26,0.642,5
DIST_082,STATE_10,2015,Wheat,141201.2,761145.2,5.391,1911.6,8.8,1.71,115.3,1.26,0.651,6
DIST_082,STATE_10,2016,Wheat,159236.2,876632.1,5.505,1751.6,7.6,1.88,115.3,1.26,0.651,7
DIST_082,STATE_10,2017,Wheat,104955.3,550697.4,5.247,1986.9,25.5,2.29,115.3,1.26,0.67,8
DIST_082,STATE_10,2018,Wheat,120201.4,673433.5,5.603,1996.1,28.6,2.07,115.3,1.26,0.637,9
DIST_082,STATE_10,2019,Wheat,164821.0,880112.7,5.34,1779.5,28.3,2.28,115.3,1.26,0.681,10
DIST_082,STATE_10,2020,Wheat,133986.0,804858.4,6.007,1733.6,46.2,1.8,115.3,1.26,0.68,11
DIST_082,STATE_10,2021,Wheat,168468.9,897675.0,5.328,1523.7,21.6,2.24,115.3,1.26,0.6,12
DIST_082,STATE_10,2022,Wheat,54057.7,252319.4,4.668,1880.6,46.3,2.94,115.3,1.26,0.613,13
DIST_082,STATE_10,2023,Wheat,166151.6,949608.8,5.715,1929.3,24.4,2.07,115.3,1.26,0.698,14
DIST_083,STATE_11,2009,Wheat,97348.2,452037.8,4.644,1600.8,2.4,1.63,180.0,1.27,0.595,0
DIST_083,STATE_11,2010,Wheat,91508.3,457215.6,4.996,1448.1,38.4,2.62,180.0,1.27,0.615,1
DIST_083,STATE_11,2011,Wheat,108493.7,527561.4,4.863,2021.5,2.4,2.42,180.0,1.27,0.694,2
DIST_083,STATE_11,2012,Wheat,46287.8,169583.1,3.664,1697.0,72.4,3.15,180.0,1.27,0.593,3
DIST_083,STATE_11,2013,Wheat,116502.0,631289.3,5.419,1663.4,57.0,1.87,180.0,1.27,0.663,4
DIST_083,STATE_11,2014,Wheat,65882.5,344337.8,5.227,1741.1,31.4,1.85,180.0,1.27,0.614,5
DIST_083,STATE_11,2015,Wheat,131433.9,696257.9,5.297,2044.2,37.4,2.79,180.0,1.27,0.645,6
DIST_083,STATE_11,2016,Wheat,173301.3,879410.5,5.074,2105.8,19.5,1.36,180.0,1.27,0.677,7
DIST_083,STATE_11,2017,Wheat,47754.2,247561.7,5.184,1863.1,35.3,1.65,180.0,1.27,0.633,8
DIST_083,STATE_11,2018,Wheat,136019.7,775527.8,5.702,1600.0,23.7,1.66,180.0,1.27,0.652,9
DIST_083,STATE_11,2019,Wheat,106698.2,576840.6,5.406,1874.6,33.3,2.17,180.0,1.27,0.646,10
DIST_083,STATE_11,2020,Wheat,80779.7,454552.5,5.627,1830.3,43.5,1.92,180.0,1.27,0.637,11
DIST_083,STATE_11,2021,Wheat,142011.5,756957.0,5.33,1609.6,19.4,1.56,180.0,1.27,0.612,12
DIST_083,STATE_11,2022,Wheat,95147.6,433546.4,4.557,1779.2,48.6,1.95,180.0,1.27,0.626,13
DIST_083,STATE_11,2023,Wheat,100632.6,544247.8,5.408,1494.9,40.0,2.0,180.0,1.27,0.714,14
DIST_084,STATE_12,2009,Wheat,154448.6,743506.8,4.814,2063.0,24.9,1.54,107.7,0.98,0.597,0
DIST_084,STATE_12,2010,Wheat,64397.8,280597.9,4.357,1902.0,18.5,2.05,107.7,0.98,0.598,1
DIST_084,STATE_12,2011,Wheat,126839.2,578494.5,4.561,1645.8,0.0,1.34,107.7,0.98,0.644,2
DIST_084,STATE_12,2012,Wheat,70387.9,215412.3,3.06,1714.6,51.3,1.72,107.7,0.98,0.586,3
DIST_084,STATE_12,2013,Wheat,174987.5,900446.2,5.146,1832.6,31.6,1.95,107.7,0.98,0.666,4
DIST_084,STATE_12,2014,Wheat,156831.0,723341.8,4.612,1651.1,13.2,2.01,107.7,0.98,0.596,5
DIST_084,STATE_12,2015,Wheat,54152.5,250783.2,4.631,1936.5,50.4,2.49,107.7,0.98,0.652,6
DIST_084,STATE_12,2016,Wheat,102589.9,447095.0,4.358,2057.4,26.3,2.31,107.7,0.98,0.649,7
DIST_084,STATE_12,2017,Wheat,87288.8,411356.5,4.713,1967.6,40.5,1.55,107.7,0.98,0.656,8
DIST_084,STATE_12,2018,Wheat,99514.5,522474.7,5.25,1595.3,20.5,1.77,107.7,0.98,0.623,9
DIST_084,STATE_12,2019,Wheat,145349.9,678307.3,4.667,1626.4,0.0,2.77,107.7,0.98,0.598,10
DIST_084,STATE_12,2020,Wheat,55797.6,290533.0,5.207,1517.9,50.4,1.87,107.7,0.98,0.693,11
DIST_084,STATE_12,2021,Wheat,114733.8,543511.2,4.737,1813.3,23.5,1.44,107.7,0.98,0.634,12
DIST_084,STATE_12,2022,Wheat,78943.1,341237.7,4.323,1586.5,57.4,3.23,107.7,0.98,0.599,13
DIST_084,STATE_12,2023,Wheat,89221.4,456887.8,5.121,1616.9,19.0,2.27,107.7,0.98,0.643,14
DIST_085,STATE_01,2009,Wheat,62169.5,254520.5,4.094,1679.0,33.9,1.47,179.9,0.85,0.576,0
DIST_085,STATE_01,2010,Wheat,120091.9,453143.5,3.773,1693.0,14.7,1.43,179.9,0.85,0.624,1
DIST_085,STATE_01,2011,Wheat,133945.5,526845.8,3.933,1806.5,37.1,1.95,179.9,0.85,0.648,2
DIST_085,STATE_01,2012,Wheat,135204.4,449410.0,3.324,2042.1,69.5,1.79,179.9,0.85,0.584,3
DIST_085,STATE_01,2013,Wheat,104033.0,411102.3,3.952,1702.5,25.3,1.4,179.9,0.85,0.562,4
DIST_085,STATE_01,2014,Wheat,79865.7,365241.7,4.573,1761.6,22.9,2.79,179.9,0.85,0.647,5
DIST_085,STATE_01,2015,Wheat,101004.4,438470.3,4.341,1967.5,18.6,2.55,179.9,0.85,0.573,6
DIST_085,STATE_01,2016,Wheat,140757.4,645930.4,4.589,1845.3,5.7,1.77,179.9,0.85,0.566,7
DIST_085,STATE_01,2017,Wheat,56323.0,255451.5,4.535,2135.0,19.5,2.24,179.9,0.85,0.64,8
DIST_085,STATE_01,2018,Wheat,97846.3,458659.6,4.688,1628.5,10.0,2.35,179.9,0.85,0.573,9
DIST_085,STATE_01,2019,Wheat,50653.9,231674.5,4.574,1802.1,25.3,2.13,179.9,0.85,0.654,10
DIST_085,STATE_01,2020,Wheat,163299.5,774483.5,4.743,1468.3,28.5,2.37,179.9,0.85,0.634,11
DIST_085,STATE_01,2021,Wheat,104268.9,482277.0,4.625,1491.4,24.1,1.25,179.9,0.85,0.648,12
DIST_085,STATE_01,2022,Wheat,110048.0,398600.0,3.622,1552.0,98.7,2.51,179.9,0.85,0.618,13
DIST_085,STATE_01,2023,Wheat,128109.3,596460.4,4.656,1478.9,28.9,2.31,179.9,0.85,0.671,14
DIST_086,STATE_02,2009,Wheat,63086.6,235948.7,3.74,1870.1,8.1,1.54,125.0,1.98,0.543,0
DIST_086,STATE_02,2010,Wheat,49613.7,194604.1,3.922,1628.8,56.4,2.5,125.0,1.98,0.628,1
DIST_086,STATE_02,2011,Wheat,139245.8,633953.6,4.553,1627.7,20.7,2.53,125.0,1.98,0.605,2
DIST_086,STATE_02,2012,Wheat,111669.3,264325.9,2.367,1421.8,63.8,2.63,125.0,1.98,0.507,3
DIST_086,STATE_02,2013,Wheat,150370.4,689698.7,4.587,1948.8,21.5,2.17,125.0,1.98,0.665,4
DIST_086,STATE_02,2014,Wheat,129877.4,621863.2,4.788,1812.6,31.6,1.55,125.0,1.98,0.639,5
DIST_086,STATE_02,2015,Wheat,114400.9,513568.9,4.489,2010.4,12.2,1.91,125.0,1.98,0.647,6
DIST_086,STATE_02,2016,Wheat,50157.4,260035.4,5.184,1865.7,20.0,2.15,125.0,1.98,0.655,7
DIST_086,STATE_02,2017,Wheat,61667.6,265093.0,4.299,2126.0,29.8,1.83,125.0,1.98,0.592,8
DIST_086,STATE_02,2018,Wheat,127275.1,649105.4,5.1,1895.5,17.4,1.34,125.0,1.98,0.635,9
DIST_086,STATE_02,2019,Wheat,87304.9,427265.3,4.894,1773.7,40.1,2.69,125.0,1.98,0.625,10
DIST_086,STATE_02,2020,Wheat,161631.3,815326.4,5.044,2002.1,0.6,2.52,125.0,1.98,0.656,11
DIST_086,STATE_02,2021,Wheat,90792.5,433172.6,4.771,1685.9,23.6,2.23,125.0,1.98,0.639,12
DIST_086,STATE_02,2022,Wheat,80720.6,306825.0,3.801,1828.7,85.9,2.42,125.0,1.98,0.591,13
DIST_086,STATE_02,2023,Wheat,134305.8,643797.5,4.794,1884.3,32.3,1.31,125.0,1.98,0.678,14
DIST_087,STATE_03,2009,Wheat,119833.6,362278.3,3.023,1630.1,13.2,2.35,149.6,1.01,0.518,0
DIST_087,STATE_03,2010,Wheat,146907.8,498923.2,3.396,1859.1,37.0,1.22,149.6,1.01,0.636,1
DIST_087,STATE_03,2011,Wheat,172252.3,501709.2,2.913,1982.6,47.2,2.14,149.6,1.01,0.531,2
DIST_087,STATE_03,2012,Wheat,109336.7,225518.3,2.063,1622.2,60.2,2.52,149.6,1.01,0.522,3
DIST_087,STATE_03,2013,Wheat,142862.9,493234.5,3.453,1725.2,3.1,1.68,149.6,1.01,0.612,4
DIST_087,STATE_03,2014,Wheat,123237.4,402358.4,3.265,1625.7,65.8,1.79,149.6,1.01,0.562,5
DIST_087,STATE_03,2015,Wheat,59009.6,194397.0,3.294,1999.0,26.5,1.64,149.6,1.01,0.561,6
DIST_087,STATE_03,2016,Wheat,86252.8,289826.6,3.36,1797.3,41.3,1.81,149.6,1.01,0.543,7
DIST_087,STATE_03,2017,Wheat,179593.7,620859.1,3.457,1737.9,44.7,1.78,149.6,1.01,0.548,8
DIST_087,STATE_03,2018,Wheat,106326.5,424720.3,3.994,1948.7,12.4,1.43,149.6,1.01,0.618,9
DIST_087,STATE_03,2019,Wheat,49052.7,168331.7,3.432,1728.1,0.2,2.11,149.6,1.01,0.576,10
DIST_087,STATE_03,2020,Wheat,118862.2,484818.0,4.079,1483.5,34.4,1.7,149.6,1.01,0.619,11
DIST_087,STATE_03,2021,Wheat,160982.6,582919.4,3.621,1619.8,15.2,2.68,149.6,1.01,0.565,12
DIST_087,STATE_03,2022,Wheat,149609.3,393409.6,2.63,1739.9,21.7,2.11,149.6,1.01,0.555,13
DIST_087,STATE_03,2023,Wheat,62794.4,223599.1,3.561,2090.6,25.1,2.4,149.6,1.01,0.598,14
DIST_088,STATE_04,2009,Wheat,148043.5,436882.4,2.951,1905.8,15.9,1.95,164.1,1.78,0.523,0
DIST_088,STATE_04,2010,Wheat,89462.7,353461.2,3.951,1501.8,13.4,1.84,164.1,1.78,0.56,1
DIST_088,STATE_04,2011,Wheat,54588.3,229336.6,4.201,1751.5,26.9,2.6,164.1,1.78,0.663,2
DIST_088,STATE_04,2012,Wheat,56643.6,156290.4,2.759,2070.6,87.8,2.97,164.1,1.78,0.492,3
DIST_088,STATE_04,2013,Wheat,63281.5,258870.1,4.091,1623.9,10.5,1.43,164.1,1.78,0.585,4
DIST_088,STATE_04,2014,Wheat,141849.5,567137.6,3.998,2085.3,62.6,1.94,164.1,1.78,0.65,5
DIST_088,STATE_04,2015,Wheat,126379.0,481909.7,3.813,2120.2,0.0,2.7,164.1,1.78,0.653,6
DIST_088,STATE_04,2016,Wheat,165834.0,633886.5,3.822,1710.1,23.6,2.16,164.1,1.78,0.606,7
DIST_088,STATE_04,2017,Wheat,78023.2,312788.0,4.009,1962.3,26.0,2.03,164.1,1.78,0.625,8
DIST_088,STATE_04,2018,Wheat,134231.5,595972.5,4.44,1671.0,14.0,1.97,164.1,1.78,0.574,9
DIST_088,STATE_04,2019,Wheat,71780.3,322224.0,4.489,2123.1,51.1,1.86,164.1,1.78,0.62,10
DIST_088,STATE_04,2020,Wheat,99967.2,444958.9,4.451,1741.4,55.4,2.0,164.1,1.78,0.678,11
DIST_088,STATE_04,2021,Wheat,67829.0,281557.4,4.151,1548.3,8.2,2.69,164.1,1.78,0.653,12
DIST_088,STATE_04,2022,Wheat,167712.4,579936.4,3.458,1911.6,86.2,2.93,164.1,1.78,0.588,13
DIST_088,STATE_04,2023,Wheat,155762.3,656560.6,4.215,2067.8,16.9,1.66,164.1,1.78,0.583,14
DIST_089,STATE_05,2009,Wheat,71982.9,241068.7,3.349,1562.3,19.7,2.48,175.5,0.65,0.568,0
DIST_089,STATE_05,2010,Wheat,102958.6,354667.3,3.445,1690.5,30.0,2.32,175.5,0.65,0.554,1
DIST_089,STATE_05,2011,Wheat,45007.1,167786.3,3.728,2077.7,39.0,2.5,175.5,0.65,0.609,2
DIST_089,STATE_05,2012,Wheat,104796.5,223684.3,2.134,1834.5,97.3,2.46,175.5,0.65,0.583,3
DIST_089,STATE_05,2013,Wheat,151907.4,543672.0,3.579,1828.1,22.8,1.24,175.5,0.65,0.561,4
DIST_089,STATE_05,2014,Wheat,167957.3,626374.4,3.729,2017.6,0.0,1.4,175.5,0.65,0.593,5
DIST_089,STATE_05,2015,Wheat,116835.9,403952.3,3.457,1616.5,38.6,1.81,175.5,0.65,0.57,6
DIST_089,STATE_05,2016,Wheat,61548.7,225727.8,3.667,2084.6,50.7,1.93,175.5,0.65,0.561,7
DIST_089,STATE_05,2017,Wheat,47548.9,194856.6,4.098,1510.4,54.5,1.74,175.5,0.65,0.601,8
DIST_089,STATE_05,2018,Wheat,139315.8,596159.6,4.279,1937.8,38.0,1.98,175.5,0.65,0.609,9
DIST_089,STATE_05,2019,Wheat,86533.4,302767.1,3.499,1479.6,21.6,2.21,175.5,0.65,0.553,10
DIST_089,STATE_05,2020,Wheat,89174.9,392309.3,4.399,1624.5,9.1,1.47,175.5,0.65,0.6,11
DIST_089,STATE_05,2021,Wheat,106256.8,427231.7,4.021,1814.9,40.3,2.5,175.5,0.65,0.642,12
DIST_089,STATE_05,2022,Wheat,85019.5,293670.1,3.454,1661.1,63.2,2.2,175.5,0.65,0.553,13
DIST_089,STATE_05,2023,Wheat,96448.6,438608.9,4.548,1973.6,29.2,1.74,175.5,0.65,0.631,14
DIST_090,STATE_06,2009,Wheat,172293.2,413479.4,2.4,1905.1,35.5,2.51,98.0,1.23,0.578,0
DIST_090,STATE_06,2010,Wheat,114123.2,291386.9,2.553,1789.2,17.9,2.06,98.0,1.23,0.559,1
DIST_090,STATE_06,2011,Wheat,166803.2,494508.4,2.965,2023.0,20.9,1.99,98.0,1.23,0.543,2
DIST_090,STATE_06,2012,Wheat,113197.4,124517.1,1.1,1938.6,63.8,2.87,98.0,1.23,0.464,3
DIST_090,STATE_06,2013,Wheat,80756.9,235757.8,2.919,1664.9,9.7,2.33,98.0,1.23,0.581,4
DIST_090,STATE_06,2014,Wheat,58490.8,149819.7,2.561,1988.5,46.8,2.36,98.0,1.23,0.502,5
DIST_090,STATE_06,2015,Wheat,128190.3,410043.5,3.199,1730.1,21.5,1.49,98.0,1.23,0.547,6
DIST_090,STATE_06,2016,Wheat,154306.0,445887.1,2.89,1922.0,19.9,2.35,98.0,1.23,0.599,7
DIST_090,STATE_06,2017,Wheat,130411.4,376981.5,2.891,2123.2,17.4,1.7,98.0,1.23,0.613,8
DIST_090,STATE_06,2018,Wheat,158862.8,583626.6,3.674,1978.2,18.3,1.29,98.0,1.23,0.596,9
DIST_090,STATE_06,2019,Wheat,160598.5,566507.6,3.527,1528.7,37.7,1.52,98.0,1.23,0.569,10
DIST_090,STATE_06,2020,Wheat,151396.1,541766.7,3.578,2039.8,28.2,2.3,98.0,1.23,0.575,11
DIST_090,STATE_06,2021,Wheat,101598.6,377223.1,3.713,1595.8,26.2,1.66,98.0,1.23,0.685,12
DIST_090,STATE_06,2022,Wheat,151832.6,372571.1,2.454,1872.0,78.1,2.95,98.0,1.23,0.561,13
DIST_090,STATE_06,2023,Wheat,100275.5,322639.7,3.218,2083.4,35.1,1.8,98.0,1.23,0.515,14
DIST_091,STATE_07,2009,Wheat,119134.4,465546.6,3.908,2064.4,0.0,2.8,177.7,1.97,0.618,0
DIST_091,STATE_07,2010,Wheat,96034.2,364336.0,3.794,1410.7,24.7,1.98,177.7,1.97,0.582,1
DIST_091,STATE_07,2011,Wheat,85624.1,359204.0,4.195,1527.0,0.0,1.85,177.7,1.97,0.612,2
DIST_091,STATE_07,2012,Wheat,113634.8,370618.4,3.261,1525.2,46.6,2.77,177.7,1.97,0.555,3
DIST_091,STATE_07,2013,Wheat,108153.3,457511.0,4.23,1469.6,2.3,2.04,177.7,1.97,0.626,4
DIST_091,STATE_07,2014,Wheat,119126.2,524576.6,4.404,1833.1,25.5,1.84,177.7,1.97,0.637,5
DIST_091,STATE_07,2015,Wheat,103373.5,426491.9,4.126,2010.1,18.1,2.32,177.7,1.97,0.617,6
DIST_091,STATE_07,2016,Wheat,85007.0,343104.0,4.036,1942.9,9.1,1.57,177.7,1.97,0.581,7
DIST_091,STATE_07,2017,Wheat,109247.4,436958.9,4.0,1471.2,7.3,1.92,177.7,1.97,0.563,8
DIST_091,STATE_07,2018,Wheat,64760.4,312936.2,4.832,1577.3,18.7,1.81,177.7,1.97,0.65,9
DIST_091,STATE_07,2019,Wheat,91131.1,411800.2,4.519,1928.6,37.6,1.23,177.7,1.97,0.616,10
DIST_091,STATE_07,2020,Wheat,173876.1,868857.6,4.997,2103.1,51.0,2.65,177.7,1.97,0.571,11
DIST_091,STATE_07,2021,Wheat,107779.8,492076.2,4.566,1942.9,21.6,2.67,177.7,1.97,0.629,12
DIST_091,STATE_07,2022,Wheat,177145.6,632872.3,3.573,2081.2,61.6,1.88,177.7,1.97,0.572,13
DIST_091,STATE_07,2023,Wheat,153583.2,739266.2,4.813,2099.5,2.3,2.2,177.7,1.97,0.623,14
DIST_092,STATE_08,2009,Wheat,69189.3,256652.1,3.709,1852.9,18.7,1.88,94.3,1.12,0.49,0
DIST_092,STATE_08,2010,Wheat,120174.0,526289.5,4.379,2055.3,26.8,1.8,94.3,1.12,0.587,1
DIST_092,STATE_08,2011,Wheat,127214.9,505521.2,3.974,1611.7,27.4,2.05,94.3,1.12,0.56,2
DIST_092,STATE_08,2012,Wheat,139259.1,362218.4,2.601,1851.6,68.0,2.85,94.3,1.12,0.501,3
DIST_092,STATE_08,2013,Wheat,88515.7,308762.5,3.488,1847.3,35.1,2.7,94.3,1.12,0.561,4
DIST_092,STATE_08,2014,Wheat,107192.5,448386.2,4.183,2048.6,22.2,2.55,94.3,1.12,0.623,5
DIST_092,STATE_08,2015,Wheat,130622.8,496585.6,3.802,1972.1,0.0,1.25,94.3,1.12,0.553,6
DIST_092,STATE_08,2016,Wheat,91703.2,395323.4,4.311,1678.6,0.0,1.37,94.3,1.12,0.599,7
DIST_092,STATE_08,2017,Wheat,60616.2,267647.1,4.415,2102.4,24.4,2.37,94.3,1.12,0.656,8
DIST_092,STATE_08,2018,Wheat,59434.2,287582.0,4.839,1798.3,44.7,2.32,94.3,1.12,0.667,9
DIST_092,STATE_08,2019,Wheat,54756.7,242582.2,4.43,1933.5,0.0,1.74,94.3,1.12,0.634,10
DIST_092,STATE_08,2020,Wheat,165284.4,801018.5,4.846,1802.3,19.6,1.36,94.3,1.12,0.668,11
DIST_092,STATE_08,2021,Wheat,141921.5,576173.1,4.06,1980.0,8.1,1.28,94.3,1.12,0.579,12
DIST_092,STATE_08,2022,Wheat,64509.6,236066.6,3.659,1558.8,56.6,3.21,94.3,1.12,0.569,13
DIST_092,STATE_08,2023,Wheat,99886.7,464984.9,4.655,1718.9,25.8,1.4,94.3,1.12,0.668,14
DIST_093,STATE_09,2009,Wheat,91320.6,403195.2,4.415,1569.3,0.0,1.84,129.7,0.99,0.65,0
DIST_093,STATE_09,2010,Wheat,154866.9,718209.9,4.638,1750.5,34.9,2.32,129.7,0.99,0.599,1
DIST_093,STATE_09,2011,Wheat,59090.1,272317.5,4.609,2097.9,21.5,2.58,129.7,0.99,0.634,2
DIST_093,STATE_09,2012,Wheat,70711.7,204177.2,2.887,1724.5,72.5,1.81,129.7,0.99,0.597,3
DIST_093,STATE_09,2013,Wheat,97169.9,431489.9,4.441,1651.2,39.9,1.28,129.7,0.99,0.623,4
DIST_093,STATE_09,2014,Wheat,138872.8,608202.3,4.38,1499.0,19.5,2.26,129.7,0.99,0.586,5
DIST_093,STATE_09,2015,Wheat,171407.6,777575.2,4.536,1443.0,19.4,1.97,129.7,0.99,0.618,6
DIST_093,STATE_09,2016,Wheat,62841.8,266017.2,4.233,1698.5,25.2,2.28,129.7,0.99,0.612,7
DIST_093,STATE_09,2017,Wheat,124627.6,643021.3,5.16,1580.4,13.0,1.6,129.7,0.99,0.629,8
DIST_093,STATE_09,2018,Wheat,115125.6,589527.9,5.121,1838.9,41.5,2.1,129.7,0.99,0.658,9
DIST_093,STATE_09,2019,Wheat,50299.2,234427.1,4.661,1663.8,11.7,2.39,129.7,0.99,0.653,10
DIST_093,STATE_09,2020,Wheat,139240.0,738377.4,5.303,1726.6,35.6,1.46,129.7,0.99,0.693,11
DIST_093,STATE_09,2021,Wheat,172987.2,779944.1,4.509,1508.1,0.0,2.01,129.7,0.99,0.621,12
DIST_093,STATE_09,2022,Wheat,87258.4,392348.5,4.496,2038.9,41.9,2.16,129.7,0.99,0.679,13
DIST_093,STATE_09,2023,Wheat,157802.0,763307.8,4.837,2147.0,2.3,1.9,129.7,0.99,0.664,14
DIST_094,STATE_10,2009,Wheat,145372.8,531457.9,3.656,1772.4,33.6,1.54,145.2,0.95,0.603,0
DIST_094,STATE_10,2010,Wheat,91724.5,367584.8,4.007,1525.8,34.6,1.2,145.2,0.95,0.537,1
DIST_094,STATE_10,2011,Wheat,119912.8,438714.7,3.659,1541.6,18.7,1.56,145.2,0.95,0.603,2
DIST_094,STATE_10,2012,Wheat,112344.9,290893.6,2.589,1565.6,58.4,2.85,145.2,0.95,0.526,3
DIST_094,STATE_10,2013,Wheat,141401.7,546576.2,3.865,1935.2,48.1,1.42,145.2,0.95,0.576,4
DIST_094,STATE_10,2014,Wheat,61964.3,237458.0,3.832,1521.9,22.0,2.45,145.2,0.95,0.641,5
DIST_094,STATE_10,2015,Wheat,137659.5,573184.1,4.164,1442.8,46.8,1.7,145.2,0.95,0.571,6
DIST_094,STATE_10,2016,Wheat,137875.0,589558.6,4.276,1989.7,22.1,1.37,145.2,0.95,0.625,7
DIST_094,STATE_10,2017,Wheat,74922.4,336638.3,4.493,1628.6,24.3,1.59,145.2,0.95,0.64,8
DIST_094,STATE_10,2018,Wheat,176065.3,775206.8,4.403,2108.2,27.0,2.62,145.2,0.95,0.631,9
DIST_094,STATE_10,2019,Wheat,147720.3,573441.1,3.882,2140.2,33.2,1.74,145.2,0.95,0.573,10
DIST_094,STATE_10,2020,Wheat,101885.9,458939.1,4.504,2010.7,58.0,2.79,145.2,0.95,0.556,11
DIST_094,STATE_10,2021,Wheat,94308.0,442162.4,4.688,1734.9,3.5,2.31,145.2,0.95,0.628,12
DIST_094,STATE_10,2022,Wheat,57042.9,191843.9,3.363,1612.8,80.7,2.5,145.2,0.95,0.562,13
DIST_094,STATE_10,2023,Wheat,80713.7,352903.3,4.372,1829.8,36.3,2.23,145.2,0.95,0.617,14
DIST_095,STATE_11,2009,Wheat,136234.6,493955.6,3.626,1791.9,20.8,2.46,183.0,1.78,0.605,0
DIST_095,STATE_11,2010,Wheat,178161.6,731424.4,4.105,1778.5,37.2,2.73,183.0,1.78,0.58,1
DIST_095,STATE_11,2011,Wheat,107152.1,428786.4,4.002,1665.1,49.5,1.76,183.0,1.78,0.637,2
DIST_095,STATE_11,2012,Wheat,71785.4,193241.9,2.692,1760.8,80.7,2.97,183.0,1.78,0.624,3
DIST_095,STATE_11,2013,Wheat,149103.4,516106.9,3.461,1882.9,38.4,1.46,183.0,1.78,0.57,4
DIST_095,STATE_11,2014,Wheat,154487.1,639985.8,4.143,2026.3,11.3,2.79,183.0,1.78,0.635,5
DIST_095,STATE_11,2015,Wheat,60579.0,225820.3,3.728,1714.8,19.2,2.15,183.0,1.78,0.618,6
DIST_095,STATE_11,2016,Wheat,176340.7,807990.7,4.582,1474.0,25.9,2.12,183.0,1.78,0.62,7
DIST_095,STATE_11,2017,Wheat,55601.2,242107.8,4.354,1832.4,11.1,2.56,183.0,1.78,0.599,8
DIST_095,STATE_11,2018,Wheat,170992.3,773921.2,4.526,2009.2,4.9,2.66,183.0,1.78,0.609,9
DIST_095,STATE_11,2019,Wheat,114773.0,461974.0,4.025,1634.4,12.5,1.54,183.0,1.78,0.575,10
DIST_095,STATE_11,2020,Wheat,95253.1,422036.6,4.431,1959.5,27.9,2.09,183.0,1.78,0.664,11
DIST_095,STATE_11,2021,Wheat,94336.0,355809.3,3.772,2115.3,27.3,2.63,183.0,1.78,0.577,12
DIST_095,STATE_11,2022,Wheat,69845.5,231544.1,3.315,1672.1,63.3,3.0,183.0,1.78,0.578,13
DIST_095,STATE_11,2023,Wheat,58532.6,268460.4,4.587,1972.4,39.0,2.29,183.0,1.78,0.62,14
DIST_096,STATE_12,2009,Wheat,97849.8,300604.4,3.072,1991.5,10.0,2.7,145.8,1.98,0.627,0
DIST_096,STATE_12,2010,Wheat,48988.2,152027.2,3.103,1708.8,19.6,1.64,145.8,1.98,0.571,1
DIST_096,STATE_12,2011,Wheat,127902.2,443034.9,3.464,1782.3,23.2,2.8,145.8,1.98,0.55,2
DIST_096,STATE_12,2012,Wheat,165617.0,277698.5,1.677,1991.3,66.7,1.7,145.8,1.98,0.495,3
DIST_096,STATE_12,2013,Wheat,108827.1,342225.3,3.145,1894.0,20.1,2.6,145.8,1.98,0.526,4
DIST_096,STATE_12,2014,Wheat,79222.6,284753.1,3.594,1656.6,26.3,1.9,145.8,1.98,0.529,5
DIST_096,STATE_12,2015,Wheat,97262.6,380382.7,3.911,1605.9,27.2,1.47,145.8,1.98,0.633,6
DIST_096,STATE_12,2016,Wheat,147155.2,477388.8,3.244,1901.8,32.2,2.11,145.8,1.98,0.524,7
DIST_096,STATE_12,2017,Wheat,111391.7,468250.4,4.204,1835.8,11.5,2.34,145.8,1.98,0.615,8
DIST_096,STATE_12,2018,Wheat,53994.8,204461.4,3.787,2128.3,18.0,2.73,145.8,1.98,0.587,9
DIST_096,STATE_12,2019,Wheat,70143.1,238847.9,3.405,1789.7,3.8,2.17,145.8,1.98,0.613,10
DIST_096,STATE_12,2020,Wheat,167826.2,662432.6,3.947,2064.3,0.0,1.67,145.8,1.98,0.615,11
DIST_096,STATE_12,2021,Wheat,108599.9,345725.2,3.183,2033.1,16.8,1.4,145.8,1.98,0.561,12
DIST_096,STATE_12,2022,Wheat,95441.5,294155.5,3.082,1698.0,78.6,1.98,145.8,1.98,0.546,13
DIST_096,STATE_12,2023,Wheat,161869.6,705567.9,4.359,1492.5,43.8,2.42,145.8,1.98,0.633,14
DIST_097,STATE_01,2009,Wheat,46900.8,223219.1,4.759,1404.9,0.0,1.58,162.9,1.99,0.62,0
DIST_097,STATE_01,2010,Wheat,68900.8,322460.0,4.68,1425.0,14.7,2.66,162.9,1.99,0.639,1
DIST_097,STATE_01,2011,Wheat,135751.6,667158.1,4.915,1413.7,36.5,2.78,162.9,1.99,0.597,2
DIST_097,STATE_01,2012,Wheat,84354.8,288467.4,3.42,1808.9,89.3,1.86,162.9,1.99,0.584,3
DIST_097,STATE_01,2013,Wheat,148152.6,675310.7,4.558,1853.5,22.4,2.65,162.9,1.99,0.661,4
DIST_097,STATE_01,2014,Wheat,109412.5,563138.2,5.147,1738.3,0.0,2.44,162.9,1.99,0.585,5
DIST_097,STATE_01,2015,Wheat,79851.4,406552.8,5.091,1456.4,3.3,1.44,162.9,1.99,0.655,6
DIST_097,STATE_01,2016,Wheat,146540.9,790303.9,5.393,1787.5,41.7,2.63,162.9,1.99,0.611,7
DIST_097,STATE_01,2017,Wheat,177697.6,951362.7,5.354,1631.9,20.9,1.29,162.9,1.99,0.61,8
DIST_097,STATE_01,2018,Wheat,124438.5,714994.0,5.746,1834.9,24.4,1.25,162.9,1.99,0.733,9
DIST_097,STATE_01,2019,Wheat,101261.1,564591.3,5.576,1980.1,36.7,1.56,162.9,1.99,0.644,10
DIST_097,STATE_01,2020,Wheat,159346.6,891251.3,5.593,2034.5,18.1,1.81,162.9,1.99,0.71,11
DIST_097,STATE_01,2021,Wheat,77562.9,422759.4,5.451,1577.7,26.2,2.77,162.9,1.99,0.666,12
DIST_097,STATE_01,2022,Wheat,139909.3,648019.1,4.632,1620.8,71.3,2.21,162.9,1.99,0.572,13
DIST_097,STATE_01,2023,Wheat,49826.0,261519.4,5.249,1963.1,14.0,1.99,162.9,1.99,0.655,14
DIST_098,STATE_02,2009,Wheat,78665.7,220033.5,2.797,2023.5,19.6,2.51,165.4,0.63,0.555,0
DIST_098,STATE_02,2010,Wheat,126099.9,423010.9,3.355,1882.3,24.6,2.79,165.4,0.63,0.59,1
DIST_098,STATE_02,2011,Wheat,107143.4,296536.3,2.768,1437.6,38.0,2.09,165.4,0.63,0.607,2
DIST_098,STATE_02,2012,Wheat,108355.9,255323.3,2.356,2062.2,94.7,2.95,165.4,0.63,0.492,3
DIST_098,STATE_02,2013,Wheat,160823.5,516676.7,3.213,1694.0,47.5,2.62,165.4,0.63,0.542,4
DIST_098,STATE_02,2014,Wheat,52171.3,156277.1,2.995,1981.9,3.4,1.57,165.4,0.63,0.545,5
DIST_098,STATE_02,2015,Wheat,109034.0,415148.0,3.808,1704.2,39.7,2.66,165.4,0.63,0.584,6
DIST_098,STATE_02,2016,Wheat,91515.9,280974.8,3.07,1783.7,43.8,1.42,165.4,0.63,0.476,7
DIST_098,STATE_02,2017,Wheat,69884.7,206927.5,2.961,1485.4,26.2,2.42,165.4,0.63,0.614,8
DIST_098,STATE_02,2018,Wheat,136707.7,533611.4,3.903,1774.4,8.5,1.82,165.4,0.63,0.639,9
DIST_098,STATE_02,2019,Wheat,111797.2,349765.4,3.129,2044.4,24.1,1.42,165.4,0.63,0.565,10
DIST_098,STATE_02,2020,Wheat,85665.5,338757.5,3.954,1468.0,21.1,2.69,165.4,0.63,0.607,11
DIST_098,STATE_02,2021,Wheat,72197.3,273307.0,3.786,1623.9,36.8,2.03,165.4,0.63,0.573,12
DIST_098,STATE_02,2022,Wheat,66550.0,192954.2,2.899,1608.6,56.6,2.96,165.4,0.63,0.561,13
DIST_098,STATE_02,2023,Wheat,89713.9,327684.7,3.653,1553.1,38.0,2.45,165.4,0.63,0.589,14
DIST_099,STATE_03,2009,Wheat,142888.0,605442.6,4.237,2075.5,15.7,1.62,121.5,1.41,0.609,0
DIST_099,STATE_03,2010,Wheat,140416.7,579065.9,4.124,1958.3,15.7,2.02,121.5,1.41,0.579,1
DIST_099,STATE_03,2011,Wheat,108957.6,487618.1,4.475,1969.7,18.9,2.13,121.5,1.41,0.596,2
DIST_099,STATE_03,2012,Wheat,82067.3,197402.7,2.405,1797.3,87.1,2.04,121.5,1.41,0.475,3
DIST_099,STATE_03,2013,Wheat,81005.0,346924.0,4.283,2096.9,31.6,2.77,121.5,1.41,0.594,4
DIST_099,STATE_03,2014,Wheat,46588.3,212425.8,4.56,1836.5,22.8,2.0,121.5,1.41,0.655,5
DIST_099,STATE_03,2015,Wheat,135325.8,640115.2,4.73,2089.6,0.0,1.7,121.5,1.41,0.607,6
DIST_099,STATE_03,2016,Wheat,103365.1,407543.9,3.943,2120.5,11.3,1.34,121.5,1.41,0.595,7
DIST_099,STATE_03,2017,Wheat,129205.2,611686.7,4.734,2021.1,10.5,1.86,121.5,1.41,0.569,8
DIST_099,STATE_03,2018,Wheat,169946.5,836889.0,4.924,2025.3,11.7,2.19,121.5,1.41,0.63,9
DIST_099,STATE_03,2019,Wheat,45974.7,213217.8,4.638,1671.6,7.6,2.28,121.5,1.41,0.636,10
DIST_099,STATE_03,2020,Wheat,93474.6,487392.8,5.214,1486.8,24.8,2.55,121.5,1.41,0.673,11
DIST_099,STATE_03,2021,Wheat,167584.7,749591.7,4.473,1625.0,20.9,2.76,121.5,1.41,0.634,12
DIST_099,STATE_03,2022,Wheat,173713.8,709756.3,4.086,1502.5,74.2,2.46,121.5,1.41,0.656,13
DIST_099,STATE_03,2023,Wheat,70759.3,352492.9,4.982,1857.0,10.3,1.61,121.5,1.41,0.618,14
DIST_100,STATE_04,2009,Wheat,162782.8,574201.6,3.527,1898.4,12.6,2.31,113.3,1.34,0.584,0
DIST_100,STATE_04,2010,Wheat,78757.7,305009.7,3.873,1696.9,16.8,1.76,113.3,1.34,0.56,1
DIST_100,STATE_04,2011,Wheat,140147.4,539818.2,3.852,2043.6,17.4,2.68,113.3,1.34,0.508,2
DIST_100,STATE_04,2012,Wheat,110825.8,238725.9,2.154,1819.8,60.0,3.01,113.3,1.34,0.534,3
DIST_100,STATE_04,2013,Wheat,151134.7,559598.5,3.703,1683.9,23.3,1.36,113.3,1.34,0.612,4
DIST_100,STATE_04,2014,Wheat,164846.7,661536.5,4.013,2095.4,42.4,1.79,113.3,1.34,0.585,5
DIST_100,STATE_04,2015,Wheat,94278.4,413031.3,4.381,2063.1,47.9,2.01,113.3,1.34,0.616,6
DIST_100,STATE_04,2016,Wheat,111622.5,449190.2,4.024,1559.9,45.4,2.44,113.3,1.34,0.601,7
DIST_100,STATE_04,2017,Wheat,79319.4,336436.0,4.242,2043.5,39.2,2.63,113.3,1.34,0.598,8
DIST_100,STATE_04,2018,Wheat,162223.7,763455.9,4.706,2070.3,21.1,2.62,113.3,1.34,0.689,9
DIST_100,STATE_04,2019,Wheat,118624.0,511302.0,4.31,1485.8,25.5,2.24,113.3,1.34,0.661,10
DIST_100,STATE_04,2020,Wheat,111394.5,513195.2,4.607,1575.3,13.6,1.51,113.3,1.34,0.607,11
DIST_100,STATE_04,2021,Wheat,127374.1,560957.7,4.404,1567.8,1.6,2.47,113.3,1.34,0.594,12
DIST_100,STATE_04,2022,Wheat,171628.4,621766.6,3.623,2043.0,81.1,2.82,113.3,1.34,0.578,13
DIST_100,STATE_04,2023,Wheat,120505.8,499390.0,4.144,1601.2,57.5,1.72,113.3,1.34,0.57,14
DIST_101,STATE_05,2009,Wheat,56195.2,250308.1,4.454,1849.2,28.7,1.96,174.0,1.09,0.609,0
DIST_101,STATE_05,2010,Wheat,83765.6,397623.5,4.747,1755.5,0.0,2.31,174.0,1.09,0.611,1
DIST_101,STATE_05,2011,Wheat,176335.6,838381.3,4.754,1596.7,31.5,2.35,174.0,1.09,0.677,2
DIST_101,STATE_05,2012,Wheat,179159.4,642204.0,3.585,1925.2,55.5,3.22,174.0,1.09,0.576,3
DIST_101,STATE_05,2013,Wheat,78991.4,397542.3,5.033,1679.2,25.3,2.01,174.0,1.09,0.627,4
DIST_101,STATE_05,2014,Wheat,168046.3,816174.8,4.857,1538.2,25.4,1.79,174.0,1.09,0.576,5
DIST_101,STATE_05,2015,Wheat,152797.0,692441.2,4.532,1796.8,41.8,2.49,174.0,1.09,0.626,6
DIST_101,STATE_05,2016,Wheat,103783.9,512077.2,4.934,1641.3,14.6,1.28,174.0,1.09,0.569,7
DIST_101,STATE_05,2017,Wheat,78954.3,381287.5,4.829,1926.3,13.7,1.28,174.0,1.09,0.655,8
DIST_101,STATE_05,2018,Wheat,46344.6,253160.9,5.463,2101.0,2.9,1.59,174.0,1.09,0.688,9
DIST_101,STATE_05,2019,Wheat,67483.7,340511.2,5.046,1820.0,9.9,2.14,174.0,1.09,0.614,10
DIST_101,STATE_05,2020,Wheat,103283.9,571325.3,5.532,1772.1,42.0,2.02,174.0,1.09,0.629,11
DIST_101,STATE_05,2021,Wheat,61414.3,325138.0,5.294,1849.2,15.5,2.24,174.0,1.09,0.593,12
DIST_101,STATE_05,2022,Wheat,128737.6,554421.9,4.307,1845.9,83.2,2.55,174.0,1.09,0.641,13
DIST_101,STATE_05,2023,Wheat,103356.6,552312.4,5.344,1758.9,30.6,2.42,174.0,1.09,0.63,14
DIST_102,STATE_06,2009,Wheat,147437.2,707309.4,4.797,2067.2,26.9,1.88,93.1,1.72,0.612,0
DIST_102,STATE_06,2010,Wheat,120958.3,562136.2,4.647,1740.3,21.0,1.37,93.1,1.72,0.667,1
DIST_102,STATE_06,2011,Wheat,148582.6,746453.0,5.024,2043.8,33.3,2.58,93.1,1.72,0.636,2
DIST_102,STATE_06,2012,Wheat,66503.2,208991.2,3.143,1719.8,91.6,2.63,93.1,1.72,0.508,3
DIST_102,STATE_06,2013,Wheat,59151.1,293335.6,4.959,2020.8,49.9,1.7,93.1,1.72,0.66,4
DIST_102,STATE_06,2014,Wheat,103599.6,528667.4,5.103,2075.0,51.4,2.55,93.1,1.72,0.679,5
DIST_102,STATE_06,2015,Wheat,167303.5,801397.0,4.79,2060.7,4.7,2.76,93.1,1.72,0.619,6
DIST_102,STATE_06,2016,Wheat,178758.2,961946.7,5.381,1765.6,46.0,1.71,93.1,1.72,0.729,7
DIST_102,STATE_06,2017,Wheat,149863.7,753595.8,5.029,1878.1,29.7,1.85,93.1,1.72,0.658,8
DIST_102,STATE_06,2018,Wheat,118944.9,671767.6,5.648,1871.7,18.7,1.35,93.1,1.72,0.622,9
DIST_102,STATE_06,2019,Wheat,73131.8,379046.6,5.183,1912.9,22.2,1.53,93.1,1.72,0.669,10
DIST_102,STATE_06,2020,Wheat,162610.3,929666.4,5.717,1978.8,26.6,2.4,93.1,1.72,0.699,11
DIST_102,STATE_06,2021,Wheat,97589.1,508062.8,5.206,1817.9,11.3,2.69,93.1,1.72,0.632,12
DIST_102,STATE_06,2022,Wheat,127994.1,598141.9,4.673,2096.9,54.0,3.24,93.1,1.72,0.655,13
DIST_102,STATE_06,2023,Wheat,115902.3,638088.0,5.505,1615.8,64.8,2.39,93.1,1.72,0.694,14
DIST_103,STATE_07,2009,Wheat,146937.7,480033.1,3.267,1925.6,33.3,1.62,126.8,1.15,0.596,0
DIST_103,STATE_07,2010,Wheat,109151.7,367940.0,3.371,2066.6,28.5,1.81,126.8,1.15,0.608,1
DIST_103,STATE_07,2011,Wheat,117740.6,393973.0,3.346,1722.3,35.6,2.1,126.8,1.15,0.553,2
DIST_103,STATE_07,2012,Wheat,104993.2,162637.2,1.549,1827.3,69.4,1.92,126.8,1.15,0.483,3
DIST_103,STATE_07,2013,Wheat,167699.8,593242.7,3.538,1570.5,16.8,1.22,126.8,1.15,0.564,4
DIST_103,STATE_07,2014,Wheat,127912.0,463134.1,3.621,1556.7,29.9,1.66,126.8,1.15,0.601,5
DIST_103,STATE_07,2015,Wheat,78392.4,277949.5,3.546,1942.2,0.0,1.93,126.8,1.15,0.564,6
DIST_103,STATE_07,2016,Wheat,54227.0,206190.7,3.802,2103.6,11.1,1.51,126.8,1.15,0.595,7
DIST_103,STATE_07,2017,Wheat,175661.1,648625.3,3.692,1774.5,13.1,1.49,126.8,1.15,0.628,8
DIST_103,STATE_07,2018,Wheat,67376.1,273949.5,4.066,2132.4,27.8,2.2,126.8,1.15,0.575,9
DIST_103,STATE_07,2019,Wheat,60684.4,257547.1,4.244,1838.5,32.2,1.66,126.8,1.15,0.581,10
DIST_103,STATE_07,2020,Wheat,77714.0,309550.6,3.983,1930.1,15.6,1.57,126.8,1.15,0.628,11
DIST_103,STATE_07,2021,Wheat,138657.3,531000.5,3.83,1736.2,13.7,1.48,126.8,1.15,0.526,12
DIST_103,STATE_07,2022,Wheat,94160.6,281384.2,2.988,2061.7,79.1,2.28,126.8,1.15,0.6,13
DIST_103,STATE_07,2023,Wheat,110665.2,451087.5,4.076,1627.3,14.8,1.51,126.8,1.15,0.615,14
DIST_104,STATE_08,2009,Wheat,123247.5,389396.0,3.159,2014.0,22.8,1.22,142.7,1.28,0.597,0
DIST_104,STATE_08,2010,Wheat,120298.2,460374.6,3.827,1860.9,5.1,1.45,142.7,1.28,0.558,1
DIST_104,STATE_08,2011,Wheat,146320.7,514929.3,3.519,1647.4,23.5,1.85,142.7,1.28,0.58,2
DIST_104,STATE_08,2012,Wheat,75627.5,146180.3,1.933,1971.7,87.9,2.27,142.7,1.28,0.569,3
DIST_104,STATE_08,2013,Wheat,108782.4,447110.2,4.11,1908.8,18.2,1.89,142.7,1.28,0.584,4
DIST_104,STATE_08,2014,Wheat,45783.5,154337.2,3.371,1635.7,36.7,1.52,142.7,1.28,0.593,5
DIST_104,STATE_08,2015,Wheat,168792.1,603353.7,3.575,1924.7,33.8,2.36,142.7,1.28,0.615,6
DIST_104,STATE_08,2016,Wheat,90756.4,314278.7,3.463,2008.5,22.6,1.75,142.7,1.28,0.571,7
DIST_104,STATE_08,2017,Wheat,148092.3,477980.2,3.228,1507.9,9.2,1.76,142.7,1.28,0.559,8
DIST_104,STATE_08,2018,Wheat,149812.8,607900.3,4.058,1862.1,17.4,2.23,142.7,1.28,0.586,9
DIST_104,STATE_08,2019,Wheat,157483.3,603747.5,3.834,1943.9,39.1,2.32,142.7,1.28,0.597,10
DIST_104,STATE_08,2020,Wheat,103015.6,420247.3,4.079,1800.8,30.9,2.01,142.7,1.28,0.579,11
DIST_104,STATE_08,2021,Wheat,75907.2,293312.4,3.864,1545.1,42.7,1.78,142.7,1.28,0.594,12
DIST_104,STATE_08,2022,Wheat,122618.7,344426.9,2.809,2088.0,44.6,2.74,142.7,1.28,0.585,13
DIST_104,STATE_08,2023,Wheat,108634.7,425134.8,3.913,2078.0,14.5,2.57,142.7,1.28,0.583,14
DIST_105,STATE_09,2009,Wheat,95620.2,391342.8,4.093,1838.1,14.9,2.47,178.9,2.01,0.615,0
DIST_105,STATE_09,2010,Wheat,140678.4,521459.4,3.707,1499.1,31.2,2.72,178.9,2.01,0.623,1
DIST_105,STATE_09,2011,Wheat,113377.7,452794.2,3.994,1470.1,20.4,2.75,178.9,2.01,0.53,2
DIST_105,STATE_09,2012,Wheat,128992.5,448465.1,3.477,1824.7,76.5,2.15,178.9,2.01,0.569,3
DIST_105,STATE_09,2013,Wheat,105712.9,466356.0,4.412,1800.6,14.5,1.82,178.9,2.01,0.608,4
DIST_105,STATE_09,2014,Wheat,138763.2,610925.6,4.403,1463.8,62.6,1.66,178.9,2.01,0.601,5
DIST_105,STATE_09,2015,Wheat,127648.2,590289.1,4.624,1537.0,19.2,2.02,178.9,2.01,0.6,6
DIST_105,STATE_09,2016,Wheat,133592.4,633962.4,4.745,1861.1,31.2,1.86,178.9,2.01,0.553,7
DIST_105,STATE_09,2017,Wheat,158692.4,676049.0,4.26,1601.0,28.3,2.57,178.9,2.01,0.603,8
DIST_105,STATE_09,2018,Wheat,59362.4,280665.8,4.728,1791.6,2.5,2.35,178.9,2.01,0.649,9
DIST_105,STATE_09,2019,Wheat,48425.2,199541.8,4.121,1975.1,38.7,1.54,178.9,2.01,0.594,10
DIST_105,STATE_09,2020,Wheat,162848.1,817195.2,5.018,2059.5,42.9,1.79,178.9,2.01,0.658,11
DIST_105,STATE_09,2021,Wheat,103465.8,461582.1,4.461,1594.4,47.7,1.7,178.9,2.01,0.651,12
DIST_105,STATE_09,2022,Wheat,90831.7,361992.1,3.985,1941.1,77.6,2.06,178.9,2.01,0.579,13
DIST_105,STATE_09,2023,Wheat,139823.5,650398.6,4.652,1859.9,40.8,2.56,178.9,2.01,0.632,14
DIST_106,STATE_10,2009,Wheat,67393.5,227469.4,3.375,1504.7,52.6,1.51,125.4,1.94,0.6,0
DIST_106,STATE_10,2010,Wheat,78293.4,317364.7,4.054,1872.9,22.9,2.38,125.4,1.94,0.621,1
DIST_106,STATE_10,2011,Wheat,144448.7,568677.5,3.937,1730.5,51.7,2.15,125.4,1.94,0.615,2
DIST_106,STATE_10,2012,Wheat,93180.0,197074.8,2.115,1624.9,87.2,2.68,125.4,1.94,0.561,3
DIST_106,STATE_10,2013,Wheat,162505.5,655052.6,4.031,1671.6,42.9,2.68,125.4,1.94,0.568,4
DIST_106,STATE_10,2014,Wheat,121151.5,522037.1,4.309,1798.1,29.0,1.7,125.4,1.94,0.579,5
DIST_106,STATE_10,2015,Wheat,136267.6,593541.7,4.356,1679.9,29.9,2.02,125.4,1.94,0.619,6
DIST_106,STATE_10,2016,Wheat,79245.4,333187.3,4.205,2047.5,28.4,2.69,125.4,1.94,0.623,7
DIST_106,STATE_10,2017,Wheat,139875.7,609915.6,4.36,1469.4,23.2,2.65,125.4,1.94,0.525,8
DIST_106,STATE_10,2018,Wheat,65166.9,306245.8,4.699,1773.4,7.8,2.53,125.4,1.94,0.651,9
DIST_106,STATE_10,2019,Wheat,172600.6,773230.5,4.48,1876.0,28.7,2.44,125.4,1.94,0.613,10
DIST_106,STATE_10,2020,Wheat,138911.4,665745.6,4.793,2102.0,11.8,2.34,125.4,1.94,0.672,11
DIST_106,STATE_10,2021,Wheat,99853.6,437344.6,4.38,1576.8,18.2,1.24,125.4,1.94,0.624,12
DIST_106,STATE_10,2022,Wheat,178407.5,619331.9,3.471,1707.5,56.8,2.66,125.4,1.94,0.606,13
DIST_106,STATE_10,2023,Wheat,57011.7,268129.7,4.703,2072.9,26.8,2.05,125.4,1.94,0.563,14
DIST_107,STATE_11,2009,Wheat,116699.8,393489.8,3.372,1685.8,22.7,1.64,181.2,1.15,0.579,0
DIST_107,STATE_11,2010,Wheat,179479.6,605572.9,3.374,1635.7,47.2,2.35,181.2,1.15,0.528,1
DIST_107,STATE_11,2011,Wheat,120600.5,444035.0,3.682,1725.3,21.8,2.23,181.2,1.15,0.582,2
DIST_107,STATE_11,2012,Wheat,87459.9,218743.7,2.501,1905.1,65.9,3.02,181.2,1.15,0.557,3
DIST_107,STATE_11,2013,Wheat,148494.1,516015.3,3.475,1673.5,17.5,2.46,181.2,1.15,0.586,4
DIST_107,STATE_11,2014,Wheat,133529.9,421150.2,3.154,1874.1,29.3,1.54,181.2,1.15,0.562,5
DIST_107,STATE_11,2015,Wheat,121884.1,432088.2,3.545,2043.6,25.8,2.41,181.2,1.15,0.603,6
DIST_107,STATE_11,2016,Wheat,72648.2,298148.8,4.104,1694.7,19.1,2.21,181.2,1.15,0.592,7
DIST_107,STATE_11,2017,Wheat,105472.2,425519.1,4.034,2035.9,14.0,1.72,181.2,1.15,0.628,8
DIST_107,STATE_11,2018,Wheat,121031.7,516251.0,4.265,1558.6,34.4,2.3,181.2,1.15,0.6,9
DIST_107,STATE_11,2019,Wheat,91812.6,344094.8,3.748,2053.7,55.4,2.57,181.2,1.15,0.59,10
DIST_107,STATE_11,2020,Wheat,101114.2,427814.3,4.231,2037.4,20.9,1.7,181.2,1.15,0.645,11
DIST_107,STATE_11,2021,Wheat,79046.3,334033.7,4.226,1687.3,32.4,1.73,181.2,1.15,0.626,12
DIST_107,STATE_11,2022,Wheat,53326.8,168165.8,3.153,1611.1,57.0,3.05,181.2,1.15,0.563,13
DIST_107,STATE_11,2023,Wheat,138618.0,563745.0,4.067,2128.3,26.4,2.09,181.2,1.15,0.61,14
DIST_108,STATE_12,2009,Wheat,167238.3,707270.5,4.229,1956.9,51.5,2.78,93.1,1.69,0.633,0
DIST_108,STATE_12,2010,Wheat,83258.7,360008.5,4.324,1853.1,15.3,2.17,93.1,1.69,0.599,1
DIST_108,STATE_12,2011,Wheat,128920.0,539410.5,4.184,1499.8,36.0,1.72,93.1,1.69,0.59,2
DIST_108,STATE_12,2012,Wheat,172053.9,401454.6,2.333,1574.0,92.6,2.91,93.1,1.69,0.484,3
DIST_108,STATE_12,2013,Wheat,48349.3,203841.3,4.216,1688.6,35.8,1.43,93.1,1.69,0.636,4
DIST_108,STATE_12,2014,Wheat,50936.2,242149.2,4.754,2010.6,18.7,2.27,93.1,1.69,0.581,5
DIST_108,STATE_12,2015,Wheat,53859.8,219015.6,4.066,1711.0,0.0,2.42,93.1,1.69,0.596,6
DIST_108,STATE_12,2016,Wheat,102184.1,482953.5,4.726,1926.8,45.9,2.18,93.1,1.69,0.619,7
DIST_108,STATE_12,2017,Wheat,70210.7,325930.9,4.642,1797.2,12.3,2.05,93.1,1.69,0.621,8
DIST_108,STATE_12,2018,Wheat,76180.5,375528.6,4.929,2057.0,40.8,1.47,93.1,1.69,0.596,9
DIST_108,STATE_12,2019,Wheat,149396.0,685139.9,4.586,1782.1,5.6,2.56,93.1,1.69,0.58,10
DIST_108,STATE_12,2020,Wheat,141912.2,727895.0,5.129,2082.9,20.7,2.72,93.1,1.69,0.663,11
DIST_108,STATE_12,2021,Wheat,165932.8,785793.7,4.736,1652.2,21.0,1.64,93.1,1.69,0.654,12
DIST_108,STATE_12,2022,Wheat,143109.2,577400.5,4.035,2091.4,46.8,2.78,93.1,1.69,0.579,13
DIST_108,STATE_12,2023,Wheat,57145.6,270167.7,4.728,1864.4,9.0,2.17,93.1,1.69,0.598,14
DIST_109,STATE_01,2009,Wheat,140461.3,619771.5,4.412,1811.4,0.0,1.71,166.1,0.99,0.665,0
DIST_109,STATE_01,2010,Wheat,50715.2,240391.7,4.74,1412.8,8.7,2.26,166.1,0.99,0.624,1
DIST_109,STATE_01,2011,Wheat,71685.6,330002.4,4.603,1793.9,3.7,1.39,166.1,0.99,0.611,2
DIST_109,STATE_01,2012,Wheat,113698.3,442444.3,3.891,1740.4,72.7,3.22,166.1,0.99,0.564,3
DIST_109,STATE_01,2013,Wheat,93084.1,496796.5,5.337,2083.0,46.2,1.57,166.1,0.99,0.707,4
DIST_109,STATE_01,2014,Wheat,60476.4,282962.7,4.679,2010.8,0.0,1.24,166.1,0.99,0.619,5
DIST_109,STATE_01,2015,Wheat,164686.2,809110.7,4.913,1940.8,28.6,1.7,166.1,0.99,0.598,6
DIST_109,STATE_01,2016,Wheat,99475.6,495655.4,4.983,1714.0,21.2,1.47,166.1,0.99,0.666,7
DIST_109,STATE_01,2017,Wheat,94022.4,459005.0,4.882,2106.1,28.9,1.83,166.1,0.99,0.626,8
DIST_109,STATE_01,2018,Wheat,81972.7,426552.2,5.204,1863.3,19.6,1.38,166.1,0.99,0.655,9
DIST_109,STATE_01,2019,Wheat,124620.2,633193.9,5.081,1988.4,28.4,1.89,166.1,0.99,0.621,10
DIST_109,STATE_01,2020,Wheat,143416.8,772941.7,5.389,1748.8,44.9,2.77,166.1,0.99,0.672,11
DIST_109,STATE_01,2021,Wheat,170949.9,868600.4,5.081,1629.3,20.4,2.67,166.1,0.99,0.682,12
DIST_109,STATE_01,2022,Wheat,145481.0,641828.0,4.412,1791.9,59.8,2.38,166.1,0.99,0.596,13
DIST_109,STATE_01,2023,Wheat,137965.0,741329.5,5.373,1667.6,46.4,1.97,166.1,0.99,0.652,14
DIST_110,STATE_02,2009,Wheat,127630.7,363687.2,2.85,1951.5,37.5,2.3,107.0,1.58,0.529,0
DIST_110,STATE_02,2010,Wheat,64882.0,194243.1,2.994,1721.8,0.0,2.61,107.0,1.58,0.593,1
DIST_110,STATE_02,2011,Wheat,124684.2,354880.0,2.846,1544.3,28.0,1.84,107.0,1.58,0.632,2
DIST_110,STATE_02,2012,Wheat,101255.7,166101.9,1.64,1465.9,67.3,2.19,107.0,1.58,0.477,3
DIST_110,STATE_02,2013,Wheat,147310.8,435376.8,2.955,1791.2,35.0,2.33,107.0,1.58,0.594,4
DIST_110,STATE_02,2014,Wheat,94281.2,290195.9,3.078,1495.1,4.2,2.2,107.0,1.58,0.558,5
DIST_110,STATE_02,2015,Wheat,155362.3,479569.5,3.087,1785.4,30.9,1.99,107.0,1.58,0.541,6
DIST_110,STATE_02,2016,Wheat,118576.1,400942.2,3.381,1591.7,13.1,2.53,107.0,1.58,0.489,7
DIST_110,STATE_02,2017,Wheat,47390.1,148605.2,3.136,2043.2,38.5,1.48,107.0,1.58,0.555,8
DIST_110,STATE_02,2018,Wheat,178104.6,639203.8,3.589,1515.5,26.0,1.88,107.0,1.58,0.599,9
DIST_110,STATE_02,2019,Wheat,162360.9,520102.2,3.203,1616.4,28.2,1.74,107.0,1.58,0.545,10
DIST_110,STATE_02,2020,Wheat,49336.2,186883.1,3.788,1548.4,9.5,2.57,107.0,1.58,0.61,11
DIST_110,STATE_02,2021,Wheat,127332.3,399820.0,3.14,1968.3,33.6,1.7,107.0,1.58,0.575,12
DIST_110,STATE_02,2022,Wheat,120281.7,321831.3,2.676,1868.7,87.4,1.96,107.0,1.58,0.494,13
DIST_110,STATE_02,2023,Wheat,99121.9,316252.7,3.191,2002.8,35.7,1.67,107.0,1.58,0.565,14
DIST_111,STATE_03,2009,Wheat,98811.0,350943.5,3.552,1589.5,26.0,2.8,168.7,1.42,0.601,0
DIST_111,STATE_03,2010,Wheat,136291.6,500553.4,3.673,1643.6,43.2,2.61,168.7,1.42,0.59,1
DIST_111,STATE_03,2011,Wheat,90255.1,333069.8,3.69,1439.4,10.5,2.16,168.7,1.42,0.575,2
DIST_111,STATE_03,2012,Wheat,129739.6,330823.2,2.55,1678.0,85.3,1.93,168.7,1.42,0.563,3
DIST_111,STATE_03,2013,Wheat,137590.4,551265.0,4.007,1432.5,48.0,1.38,168.7,1.42,0.611,4
DIST_111,STATE_03,2014,Wheat,138145.8,551100.9,3.989,2105.0,43.2,1.33,168.7,1.42,0.629,5
DIST_111,STATE_03,2015,Wheat,167344.3,653256.9,3.904,1784.5,49.2,2.53,168.7,1.42,0.616,6
DIST_111,STATE_03,2016,Wheat,109972.3,448268.1,4.076,1750.4,21.6,1.88,168.7,1.42,0.621,7
DIST_111,STATE_03,2017,Wheat,119007.5,485321.5,4.078,2107.2,33.6,2.5,168.7,1.42,0.577,8
DIST_111,STATE_03,2018,Wheat,126934.5,582781.6,4.591,1840.4,28.7,1.4,168.7,1.42,0.63,9
DIST_111,STATE_03,2019,Wheat,79249.1,324578.3,4.096,2058.8,41.8,1.89,168.7,1.42,0.583,10
DIST_111,STATE_03,2020,Wheat,111887.0,493546.9,4.411,1525.2,36.9,2.41,168.7,1.42,0.602,11
DIST_111,STATE_03,2021,Wheat,56749.5,217257.1,3.828,1660.7,17.3,2.24,168.7,1.42,0.604,12
DIST_111,STATE_03,2022,Wheat,136778.0,444404.2,3.249,2032.7,65.6,3.13,168.7,1.42,0.554,13
DIST_111,STATE_03,2023,Wheat,134608.5,614748.5,4.567,1759.9,45.6,1.27,168.7,1.42,0.641,14
DIST_112,STATE_04,2009,Wheat,84733.4,348014.6,4.107,2011.0,26.1,1.41,180.0,1.1,0.645,0
DIST_112,STATE_04,2010,Wheat,96980.6,392090.1,4.043,1990.5,7.7,2.72,180.0,1.1,0.585,1
DIST_112,STATE_04,2011,Wheat,151472.7,640754.4,4.23,1656.0,37.1,1.58,180.0,1.1,0.6,2
DIST_112,STATE_04,2012,Wheat,175925.8,550735.3,3.13,1432.5,60.0,1.76,180.0,1.1,0.595,3
DIST_112,STATE_04,2013,Wheat,53801.0,193299.7,3.593,1454.9,30.9,1.38,180.0,1.1,0.518,4
DIST_112,STATE_04,2014,Wheat,101479.8,407547.1,4.016,2075.3,28.8,2.62,180.0,1.1,0.613,5
DIST_112,STATE_04,2015,Wheat,127851.1,493257.6,3.858,1866.5,2.1,1.97,180.0,1.1,0.597,6
DIST_112,STATE_04,2016,Wheat,155851.7,646232.3,4.146,1739.5,10.9,1.36,180.0,1.1,0.632,7
DIST_112,STATE_04,2017,Wheat,47232.5,185148.9,3.92,2010.4,0.0,1.77,180.0,1.1,0.573,8
DIST_112,STATE_04,2018,Wheat,165108.7,745493.4,4.515,1871.1,27.1,2.72,180.0,1.1,0.642,9
DIST_112,STATE_04,2019,Wheat,179812.5,751936.3,4.182,1890.7,34.3,1.77,180.0,1.1,0.625,10
DIST_112,STATE_04,2020,Wheat,157462.7,750290.5,4.765,1936.7,18.8,2.65,180.0,1.1,0.612,11
DIST_112,STATE_04,2021,Wheat,117103.7,540423.1,4.615,1612.8,2.1,1.46,180.0,1.1,0.623,12
DIST_112,STATE_04,2022,Wheat,172926.3,650629.0,3.762,1789.7,46.0,1.79,180.0,1.1,0.562,13
DIST_112,STATE_04,2023,Wheat,133221.0,635401.6,4.77,1665.7,47.0,2.68,180.0,1.1,0.64,14
DIST_113,STATE_05,2009,Wheat,91653.4,286844.6,3.13,1503.9,24.8,2.22,123.5,1.3,0.603,0
DIST_113,STATE_05,2010,Wheat,160596.1,481882.3,3.001,1487.2,12.9,1.53,123.5,1.3,0.608,1
DIST_113,STATE_05,2011,Wheat,138880.0,455899.0,3.283,1586.9,22.5,1.7,123.5,1.3,0.652,2
DIST_113,STATE_05,2012,Wheat,100416.6,191604.0,1.908,1549.8,66.2,2.89,123.5,1.3,0.486,3
DIST_113,STATE_05,2013,Wheat,86414.3,321707.4,3.723,1752.7,51.8,2.2,123.5,1.3,0.574,4
DIST_113,STATE_05,2014,Wheat,84502.7,332640.2,3.936,1650.6,38.6,1.9,123.5,1.3,0.583,5
DIST_113,STATE_05,2015,Wheat,45755.2,171302.4,3.744,1459.9,18.1,2.05,123.5,1.3,0.579,6
DIST_113,STATE_05,2016,Wheat,74107.2,281403.8,3.797,1714.5,34.8,2.01,123.5,1.3,0.603,7
DIST_113,STATE_05,2017,Wheat,167812.0,643128.8,3.832,1796.5,14.9,2.1,123.5,1.3,0.601,8
DIST_113,STATE_05,2018,Wheat,103281.8,421281.9,4.079,1888.8,13.6,2.78,123.5,1.3,0.58,9
DIST_113,STATE_05,2019,Wheat,118650.9,431815.1,3.639,2050.6,19.2,2.28,123.5,1.3,0.6,10
DIST_113,STATE_05,2020,Wheat,143294.1,624106.3,4.355,1921.6,0.0,2.59,123.5,1.3,0.619,11
DIST_113,STATE_05,2021,Wheat,103030.6,429903.2,4.173,1909.1,41.2,1.56,123.5,1.3,0.602,12
DIST_113,STATE_05,2022,Wheat,62898.6,199602.6,3.173,1741.6,63.0,2.3,123.5,1.3,0.532,13
DIST_113,STATE_05,2023,Wheat,51985.6,212595.4,4.09,1491.1,16.3,1.37,123.5,1.3,0.588,14
DIST_114,STATE_06,2009,Wheat,74915.1,241799.7,3.228,1929.6,32.6,2.25,141.6,1.45,0.56,0
DIST_114,STATE_06,2010,Wheat,155418.5,579221.4,3.727,1608.3,20.4,1.74,141.6,1.45,0.585,1
DIST_114,STATE_06,2011,Wheat,153163.3,501732.3,3.276,1950.2,26.0,1.36,141.6,1.45,0.594,2
DIST_114,STATE_06,2012,Wheat,150083.4,307680.1,2.05,1480.3,83.9,2.77,141.6,1.45,0.527,3
DIST_114,STATE_06,2013,Wheat,163901.1,600121.6,3.661,1950.4,20.0,2.1,141.6,1.45,0.587,4
DIST_114,STATE_06,2014,Wheat,93167.5,306972.5,3.295,1979.6,29.4,1.22,141.6,1.45,0.575,5
DIST_114,STATE_06,2015,Wheat,55972.7,195927.6,3.5,1444.6,29.6,2.21,141.6,1.45,0.528,6
DIST_114,STATE_06,2016,Wheat,129297.4,438790.2,3.394,2012.9,53.6,2.57,141.6,1.45,0.543,7
DIST_114,STATE_06,2017,Wheat,67912.7,224975.6,3.313,1440.1,24.3,2.35,141.6,1.45,0.562,8
DIST_114,STATE_06,2018,Wheat,120651.3,489039.2,4.053,1723.6,18.3,2.28,141.6,1.45,0.537,9
DIST_114,STATE_06,2019,Wheat,84934.8,320766.3,3.777,1496.9,29.7,1.39,141.6,1.45,0.608,10
DIST_114,STATE_06,2020,Wheat,176607.8,715296.1,4.05,1931.8,50.3,2.41,141.6,1.45,0.579,11
DIST_114,STATE_06,2021,Wheat,103034.2,395575.2,3.839,1467.7,47.7,2.68,141.6,1.45,0.553,12
DIST_114,STATE_06,2022,Wheat,168515.8,482362.2,2.862,2157.4,76.7,3.1,141.6,1.45,0.563,13
DIST_114,STATE_06,2023,Wheat,76176.9,308414.5,4.049,1538.9,24.6,1.58,141.6,1.45,0.588,14
DIST_115,STATE_07,2009,Wheat,70056.5,296035.8,4.226,1954.6,8.4,1.87,146.6,0.72,0.606,0
DIST_115,STATE_07,2010,Wheat,57263.2,236830.1,4.136,1495.3,33.4,2.68,146.6,0.72,0.591,1
DIST_115,STATE_07,2011,Wheat,81780.3,350106.8,4.281,1794.4,39.9,2.35,146.6,0.72,0.612,2
DIST_115,STATE_07,2012,Wheat,159257.1,458249.3,2.877,1889.9,66.3,3.23,146.6,0.72,0.579,3
DIST_115,STATE_07,2013,Wheat,175654.6,791047.8,4.503,2013.0,10.3,2.08,146.6,0.72,0.6,4
DIST_115,STATE_07,2014,Wheat,58504.3,280922.7,4.802,1605.4,23.1,2.4,146.6,0.72,0.622,5
DIST_115,STATE_07,2015,Wheat,97266.0,430735.7,4.428,1865.8,26.7,1.92,146.6,0.72,0.612,6
DIST_115,STATE_07,2016,Wheat,82130.4,379148.8,4.616,1534.3,37.6,1.21,146.6,0.72,0.593,7
DIST_115,STATE_07,2017,Wheat,97883.2,459811.0,4.698,1852.5,13.0,2.44,146.6,0.72,0.609,8
DIST_115,STATE_07,2018,Wheat,58559.5,310445.2,5.301,1553.9,19.3,2.7,146.6,0.72,0.672,9
DIST_115,STATE_07,2019,Wheat,55804.4,281488.2,5.044,1619.6,5.3,2.44,146.6,0.72,0.663,10
DIST_115,STATE_07,2020,Wheat,162424.7,842034.1,5.184,1769.3,25.8,2.77,146.6,0.72,0.642,11
DIST_115,STATE_07,2021,Wheat,164599.7,810222.8,4.922,2053.3,33.1,1.32,146.6,0.72,0.597,12
DIST_115,STATE_07,2022,Wheat,68563.7,267441.2,3.901,1514.6,91.5,3.07,146.6,0.72,0.538,13
DIST_115,STATE_07,2023,Wheat,53160.3,262306.6,4.934,1994.4,31.3,2.1,146.6,0.72,0.58,14
DIST_116,STATE_08,2009,Wheat,118425.6,447453.9,3.778,2013.8,1.4,2.56,123.9,1.74,0.597,0
DIST_116,STATE_08,2010,Wheat,129173.6,464771.2,3.598,1655.4,29.1,2.55,123.9,1.74,0.634,1
DIST_116,STATE_08,2011,Wheat,57897.4,226180.9,3.907,1687.2,17.5,1.73,123.9,1.74,0.571,2
DIST_116,STATE_08,2012,Wheat,147194.3,347600.0,2.362,1939.7,90.7,2.4,123.9,1.74,0.534,3
DIST_116,STATE_08,2013,Wheat,173560.7,716661.6,4.129,1975.1,9.6,2.13,123.9,1.74,0.621,4
DIST_116,STATE_08,2014,Wheat,102826.3,429802.2,4.18,1657.0,18.9,1.86,123.9,1.74,0.546,5
DIST_116,STATE_08,2015,Wheat,70563.1,311895.3,4.42,1813.5,21.3,1.24,123.9,1.74,0.628,6
DIST_116,STATE_08,2016,Wheat,129454.6,593993.9,4.588,1471.2,38.0,2.11,123.9,1.74,0.578,7
DIST_116,STATE_08,2017,Wheat,81858.9,368669.2,4.504,1611.2,57.6,1.42,123.9,1.74,0.629,8
DIST_116,STATE_08,2018,Wheat,68923.3,316005.0,4.585,2056.1,40.8,2.39,123.9,1.74,0.591,9
DIST_116,STATE_08,2019,Wheat,80366.7,384650.7,4.786,2135.6,15.4,2.56,123.9,1.74,0.658,10
DIST_116,STATE_08,2020,Wheat,85105.9,417346.4,4.904,1753.6,24.7,2.36,123.9,1.74,0.634,11
DIST_116,STATE_08,2021,Wheat,179407.2,832640.5,4.641,1513.6,16.5,1.96,123.9,1.74,0.641,12
DIST_116,STATE_08,2022,Wheat,92114.3,325557.6,3.534,1782.7,79.2,2.65,123.9,1.74,0.574,13
DIST_116,STATE_08,2023,Wheat,178525.1,824701.7,4.62,1939.2,59.2,1.64,123.9,1.74,0.601,14
DIST_117,STATE_09,2009,Wheat,127076.1,471266.6,3.709,1471.8,14.4,2.56,101.4,0.77,0.6,0
DIST_117,STATE_09,2010,Wheat,135475.0,470644.1,3.474,1527.6,57.3,1.25,101.4,0.77,0.566,1
DIST_117,STATE_09,2011,Wheat,110804.5,374765.8,3.382,1506.6,1.5,2.28,101.4,0.77,0.525,2
DIST_117,STATE_09,2012,Wheat,55482.5,126391.9,2.278,1689.2,81.3,1.95,101.4,0.77,0.573,3
DIST_117,STATE_09,2013,Wheat,118877.1,384077.3,3.231,1581.8,42.2,2.58,101.4,0.77,0.52,4
DIST_117,STATE_09,2014,Wheat,93909.6,348584.3,3.712,1680.5,48.8,2.61,101.4,0.77,0.624,5
DIST_117,STATE_09,2015,Wheat,50129.7,198378.1,3.957,1853.9,10.4,1.64,101.4,0.77,0.595,6
DIST_117,STATE_09,2016,Wheat,100811.2,377968.4,3.749,1485.9,39.6,2.34,101.4,0.77,0.614,7
DIST_117,STATE_09,2017,Wheat,113885.5,471980.3,4.144,1743.6,3.6,2.71,101.4,0.77,0.619,8
DIST_117,STATE_09,2018,Wheat,87011.0,369248.5,4.244,1759.8,18.2,1.67,101.4,0.77,0.62,9
DIST_117,STATE_09,2019,Wheat,151987.7,541255.6,3.561,1541.3,42.0,2.42,101.4,0.77,0.586,10
DIST_117,STATE_09,2020,Wheat,76400.3,323854.1,4.239,1886.8,38.4,2.01,101.4,0.77,0.582,11
DIST_117,STATE_09,2021,Wheat,111304.0,495660.9,4.453,1937.7,20.5,1.32,101.4,0.77,0.595,12
DIST_117,STATE_09,2022,Wheat,71438.3,246045.4,3.444,1804.7,68.9,2.24,101.4,0.77,0.621,13
DIST_117,STATE_09,2023,Wheat,81621.3,331221.6,4.058,1900.5,12.6,2.76,101.4,0.77,0.594,14
DIST_118,STATE_10,2009,Wheat,166260.9,626407.8,3.768,1633.6,22.6,2.75,186.9,1.76,0.582,0
DIST_118,STATE_10,2010,Wheat,149778.8,624078.1,4.167,1779.6,35.2,2.48,186.9,1.76,0.555,1
DIST_118,STATE_10,2011,Wheat,120749.9,500543.8,4.145,1783.5,46.8,1.36,186.9,1.76,0.589,2
DIST_118,STATE_10,2012,Wheat,95141.3,264273.6,2.778,1442.6,89.3,1.89,186.9,1.76,0.501,3
DIST_118,STATE_10,2013,Wheat,89511.1,364094.2,4.068,1693.5,30.8,2.39,186.9,1.76,0.65,4
DIST_118,STATE_10,2014,Wheat,97537.2,420363.8,4.31,1766.5,0.0,2.42,186.9,1.76,0.591,5
DIST_118,STATE_10,2015,Wheat,55987.7,219239.8,3.916,1438.0,39.9,1.88,186.9,1.76,0.6,6
DIST_118,STATE_10,2016,Wheat,108423.3,449772.0,4.148,1614.5,24.7,2.16,186.9,1.76,0.634,7
DIST_118,STATE_10,2017,Wheat,172470.2,714563.2,4.143,1852.7,13.0,1.75,186.9,1.76,0.626,8
DIST_118,STATE_10,2018,Wheat,113190.8,515629.7,4.555,2116.1,28.4,1.48,186.9,1.76,0.643,9
DIST_118,STATE_10,2019,Wheat,136756.1,637612.8,4.662,1695.9,42.0,1.54,186.9,1.76,0.59,10
DIST_118,STATE_10,2020,Wheat,70403.6,331155.2,4.704,1460.8,24.0,2.75,186.9,1.76,0.64,11
DIST_118,STATE_10,2021,Wheat,72131.5,320662.7,4.446,2013.1,9.0,2.45,186.9,1.76,0.629,12
DIST_118,STATE_10,2022,Wheat,164123.5,547258.1,3.334,2134.6,51.6,2.25,186.9,1.76,0.615,13
DIST_118,STATE_10,2023,Wheat,65270.7,291853.2,4.471,1931.8,7.7,2.26,186.9,1.76,0.578,14
DIST_119,STATE_11,2009,Wheat,160415.0,636313.7,3.967,1576.9,8.6,1.72,171.2,0.83,0.553,0
DIST_119,STATE_11,2010,Wheat,154506.1,605568.7,3.919,1946.5,23.2,2.44,171.2,0.83,0.56,1
DIST_119,STATE_11,2011,Wheat,51778.8,218100.5,4.212,1836.1,3.4,1.44,171.2,0.83,0.593,2
DIST_119,STATE_11,2012,Wheat,158520.0,478606.4,3.019,1450.1,85.7,2.33,171.2,0.83,0.516,3
DIST_119,STATE_11,2013,Wheat,168086.8,637559.8,3.793,1945.6,27.2,2.04,171.2,0.83,0.581,4
DIST_119,STATE_11,2014,Wheat,122511.9,487401.9,3.978,1775.5,34.5,1.98,171.2,0.83,0.554,5
DIST_119,STATE_11,2015,Wheat,147020.8,594594.3,4.044,1745.9,31.0,2.26,171.2,0.83,0.605,6
DIST_119,STATE_11,2016,Wheat,93615.9,390878.7,4.175,1855.1,27.2,1.45,171.2,0.83,0.559,7
DIST_119,STATE_11,2017,Wheat,145404.5,616280.1,4.238,1809.6,1.5,2.8,171.2,0.83,0.59,8
DIST_119,STATE_11,2018,Wheat,50880.7,226983.0,4.461,1597.1,37.3,1.54,171.2,0.83,0.627,9
DIST_119,STATE_11,2019,Wheat,94500.1,437927.6,4.634,2134.5,30.6,1.9,171.2,0.83,0.62,10
DIST_119,STATE_11,2020,Wheat,157350.5,754340.3,4.794,1776.1,7.3,2.15,171.2,0.83,0.654,11
DIST_119,STATE_11,2021,Wheat,178106.2,719462.3,4.04,1494.3,27.4,1.6,171.2,0.83,0.629,12
DIST_119,STATE_11,2022,Wheat,110252.8,368185.5,3.339,1697.2,61.6,3.03,171.2,0.83,0.551,13
DIST_119,STATE_11,2023,Wheat,76315.7,354584.1,4.646,1554.8,28.1,1.21,171.2,0.83,0.627,14
DIST_120,STATE_12,2009,Wheat,150532.5,651711.6,4.329,1410.8,16.4,1.44,120.8,1.92,0.638,0
DIST_120,STATE_12,2010,Wheat,102357.2,443195.3,4.33,1607.2,2.0,1.48,120.8,1.92,0.59,1
DIST_120,STATE_12,2011,Wheat,78049.2,364075.1,4.665,1562.4,27.3,2.17,120.8,1.92,0.592,2
DIST_120,STATE_12,2012,Wheat,136828.8,367465.5,2.686,1619.6,88.3,2.26,120.8,1.92,0.511,3
DIST_120,STATE_12,2013,Wheat,81731.4,357339.8,4.372,1481.8,6.2,2.53,120.8,1.92,0.601,4
DIST_120,STATE_12,2014,Wheat,53744.2,251521.0,4.68,1942.2,17.8,1.3,120.8,1.92,0.586,5
DIST_120,STATE_12,2015,Wheat,153593.5,732735.9,4.771,1575.0,15.4,1.74,120.8,1.92,0.676,6
DIST_120,STATE_12,2016,Wheat,158410.4,745417.0,4.706,1999.7,7.0,2.77,120.8,1.92,0.671,7
DIST_120,STATE_12,2017,Wheat,72195.3,344322.3,4.769,2044.8,26.7,1.71,120.8,1.92,0.673,8
DIST_120,STATE_12,2018,Wheat,108191.3,552531.1,5.107,2135.4,26.2,1.88,120.8,1.92,0.625,9
DIST_120,STATE_12,2019,Wheat,158698.4,763790.6,4.813,1903.7,21.6,2.15,120.8,1.92,0.629,10
DIST_120,STATE_12,2020,Wheat,45162.5,227121.6,5.029,1886.3,17.3,2.25,120.8,1.92,0.624,11
DIST_120,STATE_12,2021,Wheat,65173.3,315038.3,4.834,1866.1,20.0,2.26,120.8,1.92,0.603,12
DIST_120,STATE_12,2022,Wheat,55622.3,242534.0,4.36,1763.3,83.0,3.21,120.8,1.92,0.591,13
DIST_120,STATE_12,2023,Wheat,58620.0,278652.8,4.754,1893.9,41.5,2.58,120.8,1.92,0.67,14
DIST_121,STATE_01,2009,Wheat,116685.4,483685.1,4.145,1878.1,48.7,2.22,103.4,1.03,0.61,0
DIST_121,STATE_01,2010,Wheat,150111.2,624030.2,4.157,1579.1,34.8,1.82,103.4,1.03,0.613,1
DIST_121,STATE_01,2011,Wheat,53036.0,219629.1,4.141,1817.1,38.5,1.41,103.4,1.03,0.552,2
DIST_121,STATE_01,2012,Wheat,118121.6,324195.4,2.745,1686.5,85.7,1.86,103.4,1.03,0.568,3
DIST_121,STATE_01,2013,Wheat,74226.2,310790.5,4.187,1604.5,34.9,2.72,103.4,1.03,0.584,4
DIST_121,STATE_01,2014,Wheat,131224.4,557994.8,4.252,1696.4,30.4,1.88,103.4,1.03,0.591,5
DIST_121,STATE_01,2015,Wheat,119549.0,548792.1,4.591,1820.4,22.1,1.95,103.4,1.03,0.568,6
DIST_121,STATE_01,2016,Wheat,105907.1,474350.3,4.479,1857.6,18.9,2.63,103.4,1.03,0.59,7
DIST_121,STATE_01,2017,Wheat,167763.6,669367.2,3.99,1894.5,30.9,2.38,103.4,1.03,0.567,8
DIST_121,STATE_01,2018,Wheat,171985.9,828799.3,4.819,1586.2,8.9,1.77,103.4,1.03,0.607,9
DIST_121,STATE_01,2019,Wheat,144655.9,630264.2,4.357,1793.1,37.2,1.25,103.4,1.03,0.614,10
DIST_121,STATE_01,2020,Wheat,74069.6,359434.1,4.853,1960.3,14.1,2.5,103.4,1.03,0.678,11
DIST_121,STATE_01,2021,Wheat,99544.0,425520.3,4.275,1934.8,9.8,1.46,103.4,1.03,0.556,12
DIST_121,STATE_01,2022,Wheat,138608.3,531243.2,3.833,2106.9,52.1,2.16,103.4,1.03,0.58,13
DIST_121,STATE_01,2023,Wheat,76533.2,309955.0,4.05,1985.2,19.2,1.21,103.4,1.03,0.643,14
DIST_122,STATE_02,2009,Wheat,133428.3,458134.8,3.434,1712.1,40.0,2.41,150.3,1.6,0.562,0
DIST_122,STATE_02,2010,Wheat,54694.0,178361.5,3.261,1471.0,20.4,2.13,150.3,1.6,0.564,1
DIST_122,STATE_02,2011,Wheat,146682.0,494890.7,3.374,1616.0,36.7,1.59,150.3,1.6,0.598,2
DIST_122,STATE_02,2012,Wheat,145949.8,302360.1,2.072,1693.2,71.6,3.17,150.3,1.6,0.477,3
DIST_122,STATE_02,2013,Wheat,137172.2,452295.0,3.297,1719.0,31.9,2.15,150.3,1.6,0.573,4
DIST_122,STATE_02,2014,Wheat,154887.8,626496.6,4.045,1930.5,9.2,2.54,150.3,1.6,0.61,5
DIST_122,STATE_02,2015,Wheat,146860.6,474293.3,3.23,1935.1,23.8,1.43,150.3,1.6,0.563,6
DIST_122,STATE_02,2016,Wheat,152630.0,571297.7,3.743,1754.9,11.1,1.47,150.3,1.6,0.574,7
DIST_122,STATE_02,2017,Wheat,61481.5,239799.0,3.9,1518.9,54.8,1.32,150.3,1.6,0.62,8
DIST_122,STATE_02,2018,Wheat,120636.5,484243.8,4.014,1504.3,40.0,2.65,150.3,1.6,0.607,9
DIST_122,STATE_02,2019,Wheat,170035.5,676271.5,3.977,2018.0,28.9,1.69,150.3,1.6,0.634,10
DIST_122,STATE_02,2020,Wheat,89172.0,371653.0,4.168,1894.9,16.9,1.95,150.3,1.6,0.583,11
DIST_122,STATE_02,2021,Wheat,169628.8,686184.3,4.045,1983.7,3.4,2.27,150.3,1.6,0.588,12
DIST_122,STATE_02,2022,Wheat,165785.9,556835.7,3.359,1639.0,109.7,1.85,150.3,1.6,0.551,13
DIST_122,STATE_02,2023,Wheat,95206.0,395299.9,4.152,1489.8,21.9,1.29,150.3,1.6,0.597,14
DIST_123,STATE_03,2009,Wheat,88927.7,370941.0,4.171,1505.5,30.8,2.19,173.7,1.16,0.66,0
DIST_123,STATE_03,2010,Wheat,147826.1,585795.7,3.963,1787.0,34.0,1.68,173.7,1.16,0.602,1
DIST_123,STATE_03,2011,Wheat,127526.2,596165.0,4.675,1535.0,11.8,1.8,173.7,1.16,0.551,2
DIST_123,STATE_03,2012,Wheat,169798.1,598528.3,3.525,1948.6,55.3,2.47,173.7,1.16,0.599,3
DIST_123,STATE_03,2013,Wheat,63383.5,285283.9,4.501,1595.3,46.1,1.26,173.7,1.16,0.624,4
DIST_123,STATE_03,2014,Wheat,93496.2,417167.1,4.462,1629.9,30.0,1.48,173.7,1.16,0.633,5
DIST_123,STATE_03,2015,Wheat,156212.7,701048.8,4.488,1766.7,14.6,2.09,173.7,1.16,0.673,6
DIST_123,STATE_03,2016,Wheat,52131.3,239633.9,4.597,2007.0,20.0,2.52,173.7,1.16,0.599,7
DIST_123,STATE_03,2017,Wheat,109976.9,475531.0,4.324,1857.7,35.5,1.68,173.7,1.16,0.563,8
DIST_123,STATE_03,2018,Wheat,45341.2,220895.2,4.872,1515.8,32.1,1.43,173.7,1.16,0.551,9
DIST_123,STATE_03,2019,Wheat,127513.9,562307.1,4.41,2103.3,27.5,1.51,173.7,1.16,0.589,10
DIST_123,STATE_03,2020,Wheat,68427.5,347655.1,5.081,1716.3,20.9,1.87,173.7,1.16,0.672,11
DIST_123,STATE_03,2021,Wheat,169045.0,754047.8,4.461,1740.4,15.8,2.57,173.7,1.16,0.592,12
DIST_123,STATE_03,2022,Wheat,106426.5,424286.4,3.987,1569.7,44.0,3.21,173.7,1.16,0.586,13
DIST_123,STATE_03,2023,Wheat,100454.9,450969.8,4.489,2083.8,26.4,2.04,173.7,1.16,0.585,14
DIST_124,STATE_04,2009,Wheat,74360.4,327561.0,4.405,1634.0,25.4,1.84,152.5,1.3,0.631,0
DIST_124,STATE_04,2010,Wheat,90914.7,453259.7,4.986,1530.1,26.7,2.14,152.5,1.3,0.675,1
DIST_124,STATE_04,2011,Wheat,164068.3,802612.3,4.892,1669.8,55.0,2.27,152.5,1.3,0.602,2
DIST_124,STATE_04,2012,Wheat,72709.8,248488.2,3.418,1943.6,73.6,2.48,152.5,1.3,0.616,3
DIST_124,STATE_04,2013,Wheat,173743.6,768197.6,4.421,1968.5,8.8,2.26,152.5,1.3,0.577,4
DIST_124,STATE_04,2014,Wheat,177091.7,850499.9,4.803,1687.5,24.8,2.6,152.5,1.3,0.601,5
DIST_124,STATE_04,2015,Wheat,50261.3,238593.4,4.747,2023.5,33.5,2.58,152.5,1.3,0.672,6
DIST_124,STATE_04,2016,Wheat,154771.2,827392.3,5.346,1985.4,27.0,2.75,152.5,1.3,0.681,7
DIST_124,STATE_04,2017,Wheat,97321.5,478876.3,4.921,1869.2,42.9,1.29,152.5,1.3,0.668,8
DIST_124,STATE_04,2018,Wheat,102562.6,538566.6,5.251,2102.6,25.3,1.89,152.5,1.3,0.623,9
DIST_124,STATE_04,2019,Wheat,115126.1,519205.0,4.51,1892.4,21.7,2.51,152.5,1.3,0.66,10
DIST_124,STATE_04,2020,Wheat,90694.9,496028.6,5.469,1915.6,31.9,1.29,152.5,1.3,0.709,11
DIST_124,STATE_04,2021,Wheat,83154.5,413070.2,4.968,1931.4,12.7,1.23,152.5,1.3,0.612,12
DIST_124,STATE_04,2022,Wheat,116267.8,518519.8,4.46,1616.1,83.4,3.12,152.5,1.3,0.613,13
DIST_124,STATE_04,2023,Wheat,159672.0,795399.7,4.981,1901.1,15.4,2.33,152.5,1.3,0.587,14
DIST_125,STATE_05,2009,Wheat,143626.4,694565.4,4.836,1837.0,2.5,1.58,179.3,1.11,0.655,0
DIST_125,STATE_05,2010,Wheat,155026.0,773224.4,4.988,1631.2,32.9,1.49,179.3,1.11,0.614,1
DIST_125,STATE_05,2011,Wheat,169319.6,813463.7,4.804,1650.8,25.4,2.65,179.3,1.11,0.617,2
DIST_125,STATE_05,2012,Wheat,114985.0,429466.3,3.735,1467.5,69.5,1.88,179.3,1.11,0.605,3
DIST_125,STATE_05,2013,Wheat,138542.7,704084.1,5.082,2027.3,18.6,2.76,179.3,1.11,0.638,4
DIST_125,STATE_05,2014,Wheat,131036.2,685603.1,5.232,1942.6,5.7,1.49,179.3,1.11,0.651,5
DIST_125,STATE_05,2015,Wheat,159351.3,846006.0,5.309,1808.0,30.2,2.13,179.3,1.11,0.648,6
DIST_125,STATE_05,2016,Wheat,45474.0,245162.4,5.391,1463.0,54.0,1.52,179.3,1.11,0.636,7
DIST_125,STATE_05,2017,Wheat,86166.2,440600.6,5.113,1692.0,11.8,1.27,179.3,1.11,0.637,8
DIST_125,STATE_05,2018,Wheat,117540.2,683584.6,5.816,1755.9,41.3,1.88,179.3,1.11,0.684,9
DIST_125,STATE_05,2019,Wheat,158349.3,870804.1,5.499,1748.2,27.0,2.23,179.3,1.11,0.665,10
DIST_125,STATE_05,2020,Wheat,114972.5,693135.5,6.029,2104.3,5.9,1.85,179.3,1.11,0.682,11
DIST_125,STATE_05,2021,Wheat,82067.3,439106.9,5.351,1482.7,16.5,2.47,179.3,1.11,0.676,12
DIST_125,STATE_05,2022,Wheat,71234.1,345716.2,4.853,2146.8,88.3,2.68,179.3,1.11,0.582,13
DIST_125,STATE_05,2023,Wheat,136049.5,786238.4,5.779,1752.6,26.8,2.58,179.3,1.11,0.675,14
DIST_126,STATE_06,2009,Wheat,133230.7,607886.5,4.563,1987.6,24.4,1.47,152.5,1.83,0.623,0
DIST_126,STATE_06,2010,Wheat,75670.8,409385.8,5.41,1407.9,22.7,1.75,152.5,1.83,0.617,1
DIST_126,STATE_06,2011,Wheat,93072.1,454206.3,4.88,1528.9,22.7,1.94,152.5,1.83,0.621,2
DIST_126,STATE_06,2012,Wheat,85692.4,345426.9,4.031,1555.6,81.1,2.72,152.5,1.83,0.628,3
DIST_126,STATE_06,2013,Wheat,175886.9,926309.1,5.267,1541.5,21.8,1.56,152.5,1.83,0.622,4
DIST_126,STATE_06,2014,Wheat,103920.5,533132.0,5.13,1832.3,0.0,2.07,152.5,1.83,0.651,5
DIST_126,STATE_06,2015,Wheat,53966.2,273657.5,5.071,1816.3,26.8,1.37,152.5,1.83,0.694,6
DIST_126,STATE_06,2016,Wheat,72334.6,386728.4,5.346,1902.8,31.3,1.86,152.5,1.83,0.616,7
DIST_126,STATE_06,2017,Wheat,60156.8,304251.8,5.058,1948.7,21.6,2.71,152.5,1.83,0.686,8
DIST_126,STATE_06,2018,Wheat,80479.9,466864.0,5.801,1476.7,36.6,1.2,152.5,1.83,0.633,9
DIST_126,STATE_06,2019,Wheat,53412.9,275697.2,5.162,1575.7,26.8,2.15,152.5,1.83,0.611,10
DIST_126,STATE_06,2020,Wheat,58372.6,338771.7,5.804,1678.2,23.1,1.5,152.5,1.83,0.653,11
DIST_126,STATE_06,2021,Wheat,116836.2,687475.7,5.884,1764.0,33.7,1.82,152.5,1.83,0.66,12
DIST_126,STATE_06,2022,Wheat,147260.1,667924.7,4.536,1758.4,78.1,2.18,152.5,1.83,0.592,13
DIST_126,STATE_06,2023,Wheat,51200.6,281854.5,5.505,1548.1,25.3,2.56,152.5,1.83,0.617,14
DIST_127,STATE_07,2009,Wheat,121790.5,385020.1,3.161,1791.1,22.0,2.56,183.5,2.03,0.565,0
DIST_127,STATE_07,2010,Wheat,91602.5,312171.4,3.408,1535.1,25.1,2.09,183.5,2.03,0.568,1
DIST_127,STATE_07,2011,Wheat,168723.2,575858.4,3.413,1849.7,44.7,2.54,183.5,2.03,0.575,2
DIST_127,STATE_07,2012,Wheat,67981.5,156580.3,2.303,1547.8,69.8,3.18,183.5,2.03,0.529,3
DIST_127,STATE_07,2013,Wheat,87319.2,294520.1,3.373,1885.6,18.7,1.88,183.5,2.03,0.604,4
DIST_127,STATE_07,2014,Wheat,76600.3,268699.1,3.508,1713.3,38.9,2.35,183.5,2.03,0.569,5
DIST_127,STATE_07,2015,Wheat,51295.8,177125.0,3.453,1732.6,32.3,1.58,183.5,2.03,0.582,6
DIST_127,STATE_07,2016,Wheat,136021.9,530096.0,3.897,1670.3,39.2,1.47,183.5,2.03,0.578,7
DIST_127,STATE_07,2017,Wheat,143392.6,621823.4,4.337,1749.0,6.0,1.54,183.5,2.03,0.582,8
DIST_127,STATE_07,2018,Wheat,57802.1,232925.8,4.03,1687.8,12.7,2.27,183.5,2.03,0.634,9
DIST_127,STATE_07,2019,Wheat,174424.2,684125.3,3.922,1465.0,49.6,2.38,183.5,2.03,0.58,10
DIST_127,STATE_07,2020,Wheat,126176.6,515102.7,4.082,1953.5,10.7,1.71,183.5,2.03,0.658,11
DIST_127,STATE_07,2021,Wheat,101880.9,403115.8,3.957,2057.8,4.9,2.09,183.5,2.03,0.615,12
DIST_127,STATE_07,2022,Wheat,163673.4,463077.8,2.829,1748.2,55.2,2.55,183.5,2.03,0.528,13
DIST_127,STATE_07,2023,Wheat,45180.0,179824.4,3.98,1696.7,10.1,1.55,183.5,2.03,0.576,14
DIST_128,STATE_08,2009,Wheat,157773.9,610870.5,3.872,1831.1,34.9,2.68,111.3,1.4,0.658,0
DIST_128,STATE_08,2010,Wheat,86277.5,344039.1,3.988,1726.7,36.5,1.5,111.3,1.4,0.598,1
DIST_128,STATE_08,2011,Wheat,58945.6,270968.2,4.597,1548.4,40.1,2.11,111.3,1.4,0.62,2
DIST_128,STATE_08,2012,Wheat,90768.9,196886.9,2.169,1815.0,99.8,1.78,111.3,1.4,0.505,3
DIST_128,STATE_08,2013,Wheat,89035.0,324439.3,3.644,2092.6,24.1,1.49,111.3,1.4,0.587,4
DIST_128,STATE_08,2014,Wheat,161508.6,592653.9,3.669,1716.7,34.5,1.7,111.3,1.4,0.598,5
DIST_128,STATE_08,2015,Wheat,157435.5,598446.7,3.801,1461.0,6.8,1.69,111.3,1.4,0.61,6
DIST_128,STATE_08,2016,Wheat,103899.1,489654.5,4.713,1813.0,20.4,2.0,111.3,1.4,0.586,7
DIST_128,STATE_08,2017,Wheat,162156.8,685944.9,4.23,1891.0,31.7,1.23,111.3,1.4,0.576,8
DIST_128,STATE_08,2018,Wheat,93082.5,436979.5,4.695,1705.6,12.0,1.71,111.3,1.4,0.593,9
DIST_128,STATE_08,2019,Wheat,159207.5,714122.7,4.485,2018.7,42.6,1.6,111.3,1.4,0.615,10
DIST_128,STATE_08,2020,Wheat,128593.1,596541.6,4.639,1775.5,38.6,2.75,111.3,1.4,0.628,11
DIST_128,STATE_08,2021,Wheat,56314.1,270265.3,4.799,1572.5,34.8,2.37,111.3,1.4,0.581,12
DIST_128,STATE_08,2022,Wheat,126993.1,487246.8,3.837,1594.6,38.9,2.7,111.3,1.4,0.557,13
DIST_128,STATE_08,2023,Wheat,165013.9,723983.8,4.387,1508.5,27.9,1.97,111.3,1.4,0.575,14
DIST_129,STATE_09,2009,Wheat,108508.4,281938.2,2.598,1586.6,46.4,1.75,90.7,2.08,0.567,0
DIST_129,STATE_09,2010,Wheat,69857.6,211409.0,3.026,1993.3,20.8,1.26,90.7,2.08,0.548,1
DIST_129,STATE_09,2011,Wheat,174563.1,486888.3,2.789,2025.3,23.8,2.41,90.7,2.08,0.565,2
DIST_129,STATE_09,2012,Wheat,152583.1,167841.4,1.1,1657.5,83.3,2.94,90.7,2.08,0.456,3
DIST_129,STATE_09,2013,Wheat,59567.3,165858.8,2.784,2074.6,27.7,1.83,90.7,2.08,0.494,4
DIST_129,STATE_09,2014,Wheat,150103.7,465359.6,3.1,2023.8,29.3,1.9,90.7,2.08,0.604,5
DIST_129,STATE_09,2015,Wheat,168241.0,504863.6,3.001,1958.5,30.6,1.82,90.7,2.08,0.55,6
DIST_129,STATE_09,2016,Wheat,70433.3,247811.1,3.518,1984.2,29.2,2.15,90.7,2.08,0.615,7
DIST_129,STATE_09,2017,Wheat,47596.3,151807.8,3.189,1518.5,44.5,2.25,90.7,2.08,0.544,8
DIST_129,STATE_09,2018,Wheat,116536.4,435650.7,3.738,2035.4,20.0,1.45,90.7,2.08,0.542,9
DIST_129,STATE_09,2019,Wheat,90068.7,268543.1,2.982,1779.9,33.5,1.24,90.7,2.08,0.565,10
DIST_129,STATE_09,2020,Wheat,161746.7,609374.5,3.767,1941.3,16.0,1.21,90.7,2.08,0.565,11
DIST_129,STATE_09,2021,Wheat,150426.0,526107.0,3.497,2154.1,54.5,1.58,90.7,2.08,0.588,12
DIST_129,STATE_09,2022,Wheat,160572.9,437290.6,2.723,1582.2,64.2,2.84,90.7,2.08,0.497,13
DIST_129,STATE_09,2023,Wheat,57751.7,213346.5,3.694,1729.6,22.2,2.33,90.7,2.08,0.606,14
DIST_130,STATE_10,2009,Wheat,170547.9,488898.6,2.867,1786.2,15.9,2.15,95.6,0.78,0.585,0
DIST_130,STATE_10,2010,Wheat,145922.6,492588.9,3.376,1916.4,24.9,1.27,95.6,0.78,0.525,1
DIST_130,STATE_10,2011,Wheat,170258.7,656945.1,3.859,1590.1,15.9,1.59,95.6,0.78,0.545,2
DIST_130,STATE_10,2012,Wheat,160751.0,290636.5,1.808,1805.8,72.9,2.15,95.6,0.78,0.517,3
DIST_130,STATE_10,2013,Wheat,168559.0,528122.0,3.133,1703.0,26.4,1.83,95.6,0.78,0.552,4
DIST_130,STATE_10,2014,Wheat,78987.5,230513.1,2.918,1687.4,32.3,1.69,95.6,0.78,0.568,5
DIST_130,STATE_10,2015,Wheat,52110.9,192727.7,3.698,2052.4,23.7,1.55,95.6,0.78,0.61,6
DIST_130,STATE_10,2016,Wheat,119647.0,468373.6,3.915,2036.6,20.7,2.06,95.6,0.78,0.572,7
DIST_130,STATE_10,2017,Wheat,153395.5,518740.7,3.382,1719.7,34.2,1.5,95.6,0.78,0.564,8
DIST_130,STATE_10,2018,Wheat,53623.2,213001.4,3.972,1694.5,27.9,2.16,95.6,0.78,0.533,9
DIST_130,STATE_10,2019,Wheat,102921.5,403735.8,3.923,1608.7,34.1,2.56,95.6,0.78,0.593,10
DIST_130,STATE_10,2020,Wheat,49020.4,191884.0,3.914,2108.5,62.8,2.45,95.6,0.78,0.648,11
DIST_130,STATE_10,2021,Wheat,175769.5,642083.9,3.653,1930.5,0.0,1.45,95.6,0.78,0.575,12
DIST_130,STATE_10,2022,Wheat,84875.9,236485.5,2.786,1480.0,64.3,3.21,95.6,0.78,0.526,13
DIST_130,STATE_10,2023,Wheat,101970.7,367182.9,3.601,2114.3,23.2,1.86,95.6,0.78,0.613,14
DIST_131,STATE_11,2009,Wheat,111367.8,444226.8,3.989,1412.9,3.8,1.44,114.3,0.68,0.643,0
DIST_131,STATE_11,2010,Wheat,75836.5,289388.4,3.816,1701.1,39.6,1.72,114.3,0.68,0.595,1
DIST_131,STATE_11,2011,Wheat,145807.4,598228.7,4.103,1486.9,8.3,1.88,114.3,0.68,0.545,2
DIST_131,STATE_11,2012,Wheat,126290.8,268096.6,2.123,1732.8,67.6,2.35,114.3,0.68,0.505,3
DIST_131,STATE_11,2013,Wheat,165527.1,695238.6,4.2,2118.8,22.8,1.43,114.3,0.68,0.602,4
DIST_131,STATE_11,2014,Wheat,159469.8,727135.3,4.56,1951.3,43.8,1.92,114.3,0.68,0.667,5
DIST_131,STATE_11,2015,Wheat,114219.4,516756.5,4.524,1763.0,36.9,2.23,114.3,0.68,0.679,6
DIST_131,STATE_11,2016,Wheat,131778.5,620653.4,4.71,1798.8,36.5,2.29,114.3,0.68,0.579,7
DIST_131,STATE_11,2017,Wheat,45191.5,194511.0,4.304,1832.0,30.8,1.78,114.3,0.68,0.612,8
DIST_131,STATE_11,2018,Wheat,72242.9,345586.6,4.784,1494.4,13.9,2.17,114.3,0.68,0.654,9
DIST_131,STATE_11,2019,Wheat,163307.5,717988.5,4.397,1760.7,54.2,1.66,114.3,0.68,0.606,10
DIST_131,STATE_11,2020,Wheat,120399.7,614631.2,5.105,1716.3,17.5,2.62,114.3,0.68,0.585,11
DIST_131,STATE_11,2021,Wheat,172064.6,764018.7,4.44,2054.7,25.7,2.46,114.3,0.68,0.652,12
DIST_131,STATE_11,2022,Wheat,122385.1,489345.6,3.998,2153.7,84.0,2.48,114.3,0.68,0.578,13
DIST_131,STATE_11,2023,Wheat,56564.7,269147.4,4.758,2132.8,8.8,1.67,114.3,0.68,0.615,14
DIST_132,STATE_12,2009,Wheat,112419.6,539213.1,4.796,1732.3,27.2,1.6,161.2,1.71,0.601,0
DIST_132,STATE_12,2010,Wheat,151019.8,701848.3,4.647,1490.4,20.8,1.5,161.2,1.71,0.632,1
DIST_132,STATE_12,2011,Wheat,151252.6,697845.3,4.614,1630.0,23.9,2.4,161.2,1.71,0.597,2
DIST_132,STATE_12,2012,Wheat,74689.8,303334.0,4.061,2078.1,62.2,2.04,161.2,1.71,0.616,3
DIST_132,STATE_12,2013,Wheat,174131.2,825607.2,4.741,1972.4,8.1,2.36,161.2,1.71,0.617,4
DIST_132,STATE_12,2014,Wheat,162608.0,844494.6,5.193,1615.6,28.5,2.25,161.2,1.71,0.627,5
DIST_132,STATE_12,2015,Wheat,179030.0,909592.8,5.081,1904.9,15.5,2.37,161.2,1.71,0.613,6
DIST_132,STATE_12,2016,Wheat,76663.5,382301.0,4.987,1569.9,0.0,2.51,161.2,1.71,0.661,7
DIST_132,STATE_12,2017,Wheat,46843.8,243765.6,5.204,1777.2,4.9,1.29,161.2,1.71,0.62,8
DIST_132,STATE_12,2018,Wheat,147433.1,843786.6,5.723,1578.5,24.7,2.11,161.2,1.71,0.684,9
DIST_132,STATE_12,2019,Wheat,153403.9,843310.2,5.497,2065.5,22.9,2.11,161.2,1.71,0.677,10
DIST_132,STATE_12,2020,Wheat,139113.9,819724.1,5.892,2151.9,10.4,1.56,161.2,1.71,0.647,11
DIST_132,STATE_12,2021,Wheat,145117.2,769233.7,5.301,1945.4,28.6,1.6,161.2,1.71,0.671,12
DIST_132,STATE_12,2022,Wheat,163325.6,736419.0,4.509,2061.5,49.7,3.24,161.2,1.71,0.643,13
DIST_132,STATE_12,2023,Wheat,154149.3,855975.7,5.553,2096.3,46.4,1.4,161.2,1.71,0.656,14
DIST_133,STATE_01,2009,Wheat,46247.7,172303.7,3.726,1618.8,21.0,1.48,117.1,1.04,0.542,0
DIST_133,STATE_01,2010,Wheat,79964.8,308124.0,3.853,1746.8,12.5,1.48,117.1,1.04,0.602,1
DIST_133,STATE_01,2011,Wheat,77608.3,322018.3,4.149,1753.3,0.8,1.32,117.1,1.04,0.603,2
DIST_133,STATE_01,2012,Wheat,63478.8,146109.3,2.302,1896.3,62.1,3.29,117.1,1.04,0.579,3
DIST_133,STATE_01,2013,Wheat,175001.8,614370.2,3.511,2002.1,50.4,1.41,117.1,1.04,0.571,4
DIST_133,STATE_01,2014,Wheat,66757.1,229998.1,3.445,1723.4,26.5,1.41,117.1,1.04,0.564,5
DIST_133,STATE_01,2015,Wheat,116704.5,513939.4,4.404,1532.5,28.7,2.78,117.1,1.04,0.582,6
DIST_133,STATE_01,2016,Wheat,162377.0,635844.6,3.916,1485.6,17.1,2.6,117.1,1.04,0.52,7
DIST_133,STATE_01,2017,Wheat,86806.9,364244.5,4.196,1648.0,35.3,2.36,117.1,1.04,0.595,8
DIST_133,STATE_01,2018,Wheat,152831.1,694458.5,4.544,1625.0,13.7,2.45,117.1,1.04,0.687,9
DIST_133,STATE_01,2019,Wheat,164098.7,718640.5,4.379,1731.5,4.4,1.31,117.1,1.04,0.549,10
DIST_133,STATE_01,2020,Wheat,173389.4,803653.2,4.635,1794.9,28.4,1.95,117.1,1.04,0.601,11
DIST_133,STATE_01,2021,Wheat,79223.3,339391.6,4.284,2103.3,34.5,2.42,117.1,1.04,0.579,12
DIST_133,STATE_01,2022,Wheat,84443.9,274624.5,3.252,2116.7,97.5,2.65,117.1,1.04,0.583,13
DIST_133,STATE_01,2023,Wheat,154839.8,652250.5,4.212,1903.0,16.8,2.54,117.1,1.04,0.536,14
DIST_134,STATE_02,2009,Wheat,76160.4,373412.8,4.903,1994.1,28.6,2.62,93.6,1.88,0.602,0
DIST_134,STATE_02,2010,Wheat,153630.7,812609.9,5.289,1920.5,22.3,2.68,93.6,1.88,0.612,1
DIST_134,STATE_02,2011,Wheat,51454.5,250405.3,4.867,1582.5,27.7,1.5,93.6,1.88,0.599,2
DIST_134,STATE_02,2012,Wheat,49858.6,177739.6,3.565,1997.1,43.7,3.13,93.6,1.88,0.614,3
DIST_134,STATE_02,2013,Wheat,136674.3,644216.5,4.714,1954.4,31.5,1.89,93.6,1.88,0.612,4
DIST_134,STATE_02,2014,Wheat,73468.5,366357.8,4.987,1592.1,41.6,2.64,93.6,1.88,0.563,5
DIST_134,STATE_02,2015,Wheat,132290.6,668656.3,5.054,1675.5,13.8,1.64,93.6,1.88,0.661,6
DIST_134,STATE_02,2016,Wheat,49722.6,257283.5,5.174,1973.5,3.4,2.07,93.6,1.88,0.648,7
DIST_134,STATE_02,2017,Wheat,151611.1,800408.5,5.279,1576.7,28.7,2.16,93.6,1.88,0.642,8
DIST_134,STATE_02,2018,Wheat,79898.3,461025.2,5.77,1644.3,22.3,2.74,93.6,1.88,0.65,9
DIST_134,STATE_02,2019,Wheat,58879.2,305469.1,5.188,1504.2,6.1,1.78,93.6,1.88,0.657,10
DIST_134,STATE_02,2020,Wheat,102285.6,600198.6,5.868,2096.0,0.0,2.4,93.6,1.88,0.671,11
DIST_134,STATE_02,2021,Wheat,151706.1,807291.2,5.321,2101.4,57.6,1.82,93.6,1.88,0.651,12
DIST_134,STATE_02,2022,Wheat,157196.4,679731.9,4.324,2103.2,108.5,2.11,93.6,1.88,0.588,13
DIST_134,STATE_02,2023,Wheat,73180.2,415348.7,5.676,2131.0,29.6,1.64,93.6,1.88,0.655,14
DIST_135,STATE_03,2009,Wheat,47112.4,183675.4,3.899,1445.1,6.1,1.36,111.7,1.48,0.632,0
DIST_135,STATE_03,2010,Wheat,164904.0,582898.9,3.535,1576.4,47.1,1.66,111.7,1.48,0.592,1
DIST_135,STATE_03,2011,Wheat,63208.1,241845.8,3.826,1428.2,0.0,1.44,111.7,1.48,0.571,2
DIST_135,STATE_03,2012,Wheat,90610.3,214225.4,2.364,1469.5,72.9,2.01,111.7,1.48,0.497,3
DIST_135,STATE_03,2013,Wheat,135807.6,562533.2,4.142,1832.1,33.1,1.99,111.7,1.48,0.591,4
DIST_135,STATE_03,2014,Wheat,177932.5,659833.8,3.708,1964.3,43.2,2.75,111.7,1.48,0.498,5
DIST_135,STATE_03,2015,Wheat,146986.3,623622.9,4.243,2046.2,24.1,2.48,111.7,1.48,0.613,6
DIST_135,STATE_03,2016,Wheat,69279.5,273198.8,3.943,1678.2,3.3,2.69,111.7,1.48,0.607,7
DIST_135,STATE_03,2017,Wheat,125048.8,460643.8,3.684,1524.5,35.2,1.5,111.7,1.48,0.529,8
DIST_135,STATE_03,2018,Wheat,176241.1,792520.2,4.497,1595.3,22.1,2.4,111.7,1.48,0.578,9
DIST_135,STATE_03,2019,Wheat,97822.4,407744.0,4.168,1744.1,25.8,2.75,111.7,1.48,0.638,10
DIST_135,STATE_03,2020,Wheat,176572.2,793096.5,4.492,1937.2,39.6,2.63,111.7,1.48,0.649,11
DIST_135,STATE_03,2021,Wheat,84205.5,365151.6,4.336,1672.4,14.5,2.1,111.7,1.48,0.641,12
DIST_135,STATE_03,2022,Wheat,155292.8,544601.4,3.507,1542.4,75.4,2.0,111.7,1.48,0.613,13
DIST_135,STATE_03,2023,Wheat,88668.1,333269.0,3.759,1716.1,30.1,1.3,111.7,1.48,0.553,14
DIST_136,STATE_04,2009,Wheat,143446.8,658261.3,4.589,1883.4,29.8,1.65,125.6,1.61,0.598,0
DIST_136,STATE_04,2010,Wheat,103528.3,439760.0,4.248,1732.0,18.9,2.33,125.6,1.61,0.575,1
DIST_136,STATE_04,2011,Wheat,53174.6,214050.6,4.025,1890.8,0.0,2.33,125.6,1.61,0.625,2
DIST_136,STATE_04,2012,Wheat,108348.1,304921.1,2.814,1772.9,91.3,2.16,125.6,1.61,0.587,3
DIST_136,STATE_04,2013,Wheat,131317.8,574413.7,4.374,2031.0,23.3,1.86,125.6,1.61,0.629,4
DIST_136,STATE_04,2014,Wheat,157386.1,673537.9,4.28,2041.4,40.3,1.22,125.6,1.61,0.618,5
DIST_136,STATE_04,2015,Wheat,112009.2,492929.3,4.401,1760.9,27.7,1.7,125.6,1.61,0.61,6
DIST_136,STATE_04,2016,Wheat,92582.5,423152.4,4.571,1976.9,19.5,2.14,125.6,1.61,0.644,7
DIST_136,STATE_04,2017,Wheat,57720.0,262113.0,4.541,1660.6,20.8,2.6,125.6,1.61,0.643,8
DIST_136,STATE_04,2018,Wheat,106953.7,534723.2,5.0,2123.7,0.0,1.67,125.6,1.61,0.603,9
DIST_136,STATE_04,2019,Wheat,53254.7,273486.2,5.135,1792.5,36.7,2.1,125.6,1.61,0.671,10
DIST_136,STATE_04,2020,Wheat,164924.0,841691.7,5.104,1991.7,32.5,2.23,125.6,1.61,0.657,11
DIST_136,STATE_04,2021,Wheat,170011.0,856403.6,5.037,1476.7,23.1,1.28,125.6,1.61,0.631,12
DIST_136,STATE_04,2022,Wheat,55859.8,236553.1,4.235,1574.6,84.4,2.1,125.6,1.61,0.664,13
DIST_136,STATE_04,2023,Wheat,178163.8,859485.3,4.824,1779.1,64.0,2.06,125.6,1.61,0.696,14
DIST_137,STATE_05,2009,Wheat,165786.4,613888.0,3.703,2050.0,34.8,2.76,90.9,0.6,0.583,0
DIST_137,STATE_05,2010,Wheat,113819.9,458625.2,4.029,1527.8,27.5,2.56,90.9,0.6,0.603,1
DIST_137,STATE_05,2011,Wheat,58173.2,256683.6,4.412,1438.2,19.1,2.41,90.9,0.6,0.653,2
DIST_137,STATE_05,2012,Wheat,168658.9,262199.7,1.555,1623.5,68.8,3.22,90.9,0.6,0.537,3
DIST_137,STATE_05,2013,Wheat,108911.9,441593.8,4.055,2000.5,12.1,2.72,90.9,0.6,0.621,4
DIST_137,STATE_05,2014,Wheat,102017.5,424841.3,4.164,1545.3,0.0,1.77,90.9,0.6,0.588,5
DIST_137,STATE_05,2015,Wheat,70252.7,285619.5,4.066,1772.3,29.7,2.63,90.9,0.6,0.642,6
DIST_137,STATE_05,2016,Wheat,135127.0,622660.5,4.608,1749.6,40.3,2.3,90.9,0.6,0.601,7
DIST_137,STATE_05,2017,Wheat,148684.4,668320.8,4.495,1448.8,35.6,2.5,90.9,0.6,0.641,8
DIST_137,STATE_05,2018,Wheat,112666.4,512161.5,4.546,1938.4,31.4,1.33,90.9,0.6,0.59,9
DIST_137,STATE_05,2019,Wheat,133231.3,581381.0,4.364,1552.1,5.0,1.5,90.9,0.6,0.593,10
DIST_137,STATE_05,2020,Wheat,98345.1,464646.4,4.725,1912.7,14.1,1.9,90.9,0.6,0.649,11
DIST_137,STATE_05,2021,Wheat,62081.1,292433.5,4.711,1494.2,42.7,2.78,90.9,0.6,0.681,12
DIST_137,STATE_05,2022,Wheat,100463.8,350806.6,3.492,1725.1,57.9,1.92,90.9,0.6,0.564,13
DIST_137,STATE_05,2023,Wheat,174813.2,764278.9,4.372,1874.9,9.1,2.78,90.9,0.6,0.591,14
DIST_138,STATE_06,2009,Wheat,172585.7,512611.6,2.97,2090.8,5.7,1.78,108.3,0.81,0.547,0
DIST_138,STATE_06,2010,Wheat,81678.8,288131.5,3.528,1651.3,8.9,1.35,108.3,0.81,0.588,1
DIST_138,STATE_06,2011,Wheat,89392.5,321177.2,3.593,2023.5,34.3,2.57,108.3,0.81,0.615,2
DIST_138,STATE_06,2012,Wheat,107482.1,257688.5,2.398,2107.5,76.2,2.83,108.3,0.81,0.543,3
DIST_138,STATE_06,2013,Wheat,169772.1,633206.6,3.73,1997.5,49.1,2.55,108.3,0.81,0.551,4
DIST_138,STATE_06,2014,Wheat,49810.0,199554.0,4.006,2080.0,0.0,1.44,108.3,0.81,0.62,5
DIST_138,STATE_06,2015,Wheat,154958.6,599908.8,3.871,1881.6,30.1,1.79,108.3,0.81,0.595,6
DIST_138,STATE_06,2016,Wheat,116103.1,511754.0,4.408,2083.7,14.6,2.46,108.3,0.81,0.611,7
DIST_138,STATE_06,2017,Wheat,50467.6,189457.0,3.754,1868.9,25.5,2.49,108.3,0.81,0.641,8
DIST_138,STATE_06,2018,Wheat,127418.3,565610.6,4.439,1602.3,0.0,2.18,108.3,0.81,0.657,9
DIST_138,STATE_06,2019,Wheat,128818.0,535162.9,4.154,2128.5,54.9,1.36,108.3,0.81,0.618,10
DIST_138,STATE_06,2020,Wheat,148866.2,649250.6,4.361,1949.8,25.8,1.34,108.3,0.81,0.596,11
DIST_138,STATE_06,2021,Wheat,142132.7,568162.4,3.997,1769.5,34.7,2.25,108.3,0.81,0.56,12
DIST_138,STATE_06,2022,Wheat,64651.6,216221.8,3.344,2046.8,52.7,2.26,108.3,0.81,0.598,13
DIST_138,STATE_06,2023,Wheat,112044.2,458058.6,4.088,1851.0,23.4,2.75,108.3,0.81,0.563,14
DIST_139,STATE_07,2009,Wheat,148954.1,551273.0,3.701,2078.3,17.1,2.44,127.2,0.89,0.604,0
DIST_139,STATE_07,2010,Wheat,123988.5,445631.4,3.594,1555.4,32.9,2.66,127.2,0.89,0.51,1
DIST_139,STATE_07,2011,Wheat,100606.3,366186.8,3.64,1461.4,25.5,1.85,127.2,0.89,0.564,2
DIST_139,STATE_07,2012,Wheat,145745.9,277088.9,1.901,1568.3,53.8,1.82,127.2,0.89,0.491,3
DIST_139,STATE_07,2013,Wheat,148420.8,620304.8,4.179,1731.7,15.4,2.4,127.2,0.89,0.544,4
DIST_139,STATE_07,2014,Wheat,108235.3,402131.6,3.715,2044.7,25.4,1.78,127.2,0.89,0.592,5
DIST_139,STATE_07,2015,Wheat,171111.0,691578.1,4.042,1960.0,21.5,1.83,127.2,0.89,0.589,6
DIST_139,STATE_07,2016,Wheat,108634.7,426851.2,3.929,2104.4,5.7,1.89,127.2,0.89,0.587,7
DIST_139,STATE_07,2017,Wheat,111964.0,455259.7,4.066,1683.4,0.0,2.52,127.2,0.89,0.564,8
DIST_139,STATE_07,2018,Wheat,115698.7,509660.0,4.405,2132.7,24.7,2.44,127.2,0.89,0.593,9
DIST_139,STATE_07,2019,Wheat,77327.7,321232.4,4.154,2057.2,9.1,1.72,127.2,0.89,0.633,10
DIST_139,STATE_07,2020,Wheat,83460.0,366191.5,4.388,1746.6,0.0,1.77,127.2,0.89,0.687,11
DIST_139,STATE_07,2021,Wheat,121500.1,523857.8,4.312,1917.9,13.9,2.42,127.2,0.89,0.599,12
DIST_139,STATE_07,2022,Wheat,79695.8,254527.6,3.194,1750.0,119.3,2.76,127.2,0.89,0.562,13
DIST_139,STATE_07,2023,Wheat,156735.6,663963.9,4.236,1785.9,14.2,1.44,127.2,0.89,0.594,14
DIST_140,STATE_08,2009,Wheat,160068.0,569911.7,3.56,1639.5,7.8,1.55,184.1,1.4,0.583,0
DIST_140,STATE_08,2010,Wheat,107442.1,333205.9,3.101,1698.3,24.6,2.45,184.1,1.4,0.573,1
DIST_140,STATE_08,2011,Wheat,57109.4,170568.7,2.987,1923.7,13.4,2.54,184.1,1.4,0.642,2
DIST_140,STATE_08,2012,Wheat,178542.9,359720.2,2.015,1692.6,64.7,2.13,184.1,1.4,0.512,3
DIST_140,STATE_08,2013,Wheat,150150.5,528960.3,3.523,1861.7,31.3,2.02,184.1,1.4,0.555,4
DIST_140,STATE_08,2014,Wheat,158576.6,604789.2,3.814,1899.0,30.1,2.62,184.1,1.4,0.647,5
DIST_140,STATE_08,2015,Wheat,149981.7,496045.3,3.307,1774.9,4.1,2.62,184.1,1.4,0.533,6
DIST_140,STATE_08,2016,Wheat,164979.3,520767.7,3.157,1760.1,0.0,1.64,184.1,1.4,0.57,7
DIST_140,STATE_08,2017,Wheat,163701.8,549961.4,3.36,1985.4,30.0,1.51,184.1,1.4,0.598,8
DIST_140,STATE_08,2018,Wheat,81882.5,317972.1,3.883,1731.3,49.1,2.32,184.1,1.4,0.609,9
DIST_140,STATE_08,2019,Wheat,148735.4,624724.4,4.2,1980.6,44.2,1.73,184.1,1.4,0.622,10
DIST_140,STATE_08,2020,Wheat,128012.9,544305.6,4.252,2030.7,2.8,2.07,184.1,1.4,0.615,11
DIST_140,STATE_08,2021,Wheat,109232.2,448664.8,4.107,2045.3,10.8,2.28,184.1,1.4,0.571,12
DIST_140,STATE_08,2022,Wheat,158626.2,428117.8,2.699,2017.3,80.3,2.23,184.1,1.4,0.512,13
DIST_140,STATE_08,2023,Wheat,117694.3,454524.9,3.862,1572.1,55.3,1.82,184.1,1.4,0.614,14
DIST_141,STATE_09,2009,Wheat,49955.6,187976.7,3.763,1529.9,32.1,2.42,177.6,0.76,0.618,0
DIST_141,STATE_09,2010,Wheat,115835.5,449271.2,3.879,1420.6,16.1,2.46,177.6,0.76,0.603,1
DIST_141,STATE_09,2011,Wheat,147771.6,571723.6,3.869,2078.0,9.8,1.79,177.6,0.76,0.58,2
DIST_141,STATE_09,2012,Wheat,133761.7,367768.1,2.749,1549.9,77.0,2.18,177.6,0.76,0.539,3
DIST_141,STATE_09,2013,Wheat,72492.6,277998.9,3.835,1870.8,60.0,2.66,177.6,0.76,0.63,4
DIST_141,STATE_09,2014,Wheat,108673.1,531805.8,4.894,1613.2,31.4,1.29,177.6,0.76,0.616,5
DIST_141,STATE_09,2015,Wheat,119316.5,493573.4,4.137,1645.1,8.4,2.69,177.6,0.76,0.607,6
DIST_141,STATE_09,2016,Wheat,57917.6,260504.2,4.498,1683.2,1.3,1.6,177.6,0.76,0.638,7
DIST_141,STATE_09,2017,Wheat,170648.0,837441.1,4.907,2092.7,32.2,2.07,177.6,0.76,0.607,8
DIST_141,STATE_09,2018,Wheat,53366.6,240640.0,4.509,2066.7,19.8,2.63,177.6,0.76,0.645,9
DIST_141,STATE_09,2019,Wheat,102703.2,479240.3,4.666,1529.4,30.9,1.89,177.6,0.76,0.69,10
DIST_141,STATE_09,2020,Wheat,178839.3,828746.8,4.634,1625.9,0.0,1.52,177.6,0.76,0.699,11
DIST_141,STATE_09,2021,Wheat,104375.8,510242.5,4.889,2000.3,61.4,2.36,177.6,0.76,0.645,12
DIST_141,STATE_09,2022,Wheat,122037.0,484094.2,3.967,2083.9,69.3,3.18,177.6,0.76,0.589,13
DIST_141,STATE_09,2023,Wheat,177508.1,777377.8,4.379,1609.5,0.0,1.3,177.6,0.76,0.658,14
DIST_142,STATE_10,2009,Wheat,47280.6,184256.6,3.897,1735.8,3.2,2.44,163.9,1.0,0.657,0
DIST_142,STATE_10,2010,Wheat,56789.2,269778.1,4.751,2053.3,50.2,1.93,163.9,1.0,0.669,1
DIST_142,STATE_10,2011,Wheat,135968.1,594210.6,4.37,1557.5,17.4,1.5,163.9,1.0,0.637,2
DIST_142,STATE_10,2012,Wheat,143625.6,530308.5,3.692,2090.8,43.6,3.02,163.9,1.0,0.6,3
DIST_142,STATE_10,2013,Wheat,112667.5,540170.1,4.794,1587.4,0.0,2.14,163.9,1.0,0.574,4
DIST_142,STATE_10,2014,Wheat,93969.4,410339.7,4.367,1436.9,0.0,1.2,163.9,1.0,0.621,5
DIST_142,STATE_10,2015,Wheat,98115.5,454543.4,4.633,1522.3,10.6,2.01,163.9,1.0,0.653,6
DIST_142,STATE_10,2016,Wheat,153506.9,816093.3,5.316,1751.4,45.6,1.88,163.9,1.0,0.653,7
DIST_142,STATE_10,2017,Wheat,101394.4,492354.9,4.856,1972.1,51.4,1.48,163.9,1.0,0.598,8
DIST_142,STATE_10,2018,Wheat,76100.6,409985.7,5.387,1850.6,14.9,2.48,163.9,1.0,0.636,9
DIST_142,STATE_10,2019,Wheat,178482.7,962716.1,5.394,1865.7,42.1,2.37,163.9,1.0,0.643,10
DIST_142,STATE_10,2020,Wheat,71478.8,402674.8,5.633,1782.8,25.2,2.29,163.9,1.0,0.697,11
DIST_142,STATE_10,2021,Wheat,83415.7,455781.0,5.464,1862.8,29.4,1.4,163.9,1.0,0.69,12
DIST_142,STATE_10,2022,Wheat,136231.8,640026.7,4.698,1755.3,83.6,1.9,163.9,1.0,0.587,13
DIST_142,STATE_10,2023,Wheat,101100.5,524001.6,5.183,1739.0,37.8,2.17,163.9,1.0,0.668,14
DIST_143,STATE_11,2009,Wheat,107995.6,317317.1,2.938,1693.9,4.9,2.62,183.1,1.63,0.532,0
DIST_143,STATE_11,2010,Wheat,172796.2,495305.2,2.866,2049.4,19.9,1.35,183.1,1.63,0.611,1
DIST_143,STATE_11,2011,Wheat,66617.3,196939.6,2.956,1415.4,13.7,1.88,183.1,1.63,0.553,2
DIST_143,STATE_11,2012,Wheat,72687.7,163099.9,2.244,1915.8,68.3,2.99,183.1,1.63,0.54,3
DIST_143,STATE_11,2013,Wheat,49408.4,112227.0,2.271,1468.5,29.5,2.38,183.1,1.63,0.479,4
DIST_143,STATE_11,2014,Wheat,60973.7,163553.9,2.682,1971.5,47.9,1.78,183.1,1.63,0.548,5
DIST_143,STATE_11,2015,Wheat,144719.4,514042.3,3.552,2065.1,26.0,2.02,183.1,1.63,0.605,6
DIST_143,STATE_11,2016,Wheat,106819.1,342882.2,3.21,1524.3,23.5,1.89,183.1,1.63,0.567,7
DIST_143,STATE_11,2017,Wheat,120772.2,354973.7,2.939,1676.4,33.7,1.79,183.1,1.63,0.57,8
DIST_143,STATE_11,2018,Wheat,110525.3,415491.7,3.759,1585.8,19.8,1.42,183.1,1.63,0.563,9
DIST_143,STATE_11,2019,Wheat,85585.3,245331.9,2.867,1849.9,0.0,1.44,183.1,1.63,0.533,10
DIST_143,STATE_11,2020,Wheat,141611.3,535495.8,3.781,2077.3,41.7,2.54,183.1,1.63,0.543,11
DIST_143,STATE_11,2021,Wheat,112932.6,425328.0,3.766,1998.1,44.8,1.89,183.1,1.63,0.572,12
DIST_143,STATE_11,2022,Wheat,100528.6,275003.4,2.736,1887.0,70.0,2.03,183.1,1.63,0.548,13
DIST_143,STATE_11,2023,Wheat,72706.6,283382.9,3.898,1956.7,58.1,2.39,183.1,1.63,0.57,14
DIST_144,STATE_12,2009,Wheat,106117.9,495170.8,4.666,1955.3,35.7,2.57,127.4,1.74,0.659,0
DIST_144,STATE_12,2010,Wheat,77058.3,389467.3,5.054,1684.0,34.9,2.41,127.4,1.74,0.608,1
DIST_144,STATE_12,2011,Wheat,51917.3,269592.9,5.193,1888.1,25.0,2.39,127.4,1.74,0.596,2
DIST_144,STATE_12,2012,Wheat,56245.8,200733.8,3.569,1544.9,59.3,2.6,127.4,1.74,0.556,3
DIST_144,STATE_12,2013,Wheat,54119.9,259670.3,4.798,1540.0,25.3,2.78,127.4,1.74,0.663,4
DIST_144,STATE_12,2014,Wheat,159581.6,826711.4,5.18,1783.1,11.4,2.3,127.4,1.74,0.664,5
DIST_144,STATE_12,2015,Wheat,56302.8,306344.6,5.441,1971.2,17.1,1.36,127.4,1.74,0.645,6
DIST_144,STATE_12,2016,Wheat,133343.1,729214.7,5.469,1776.3,46.3,2.72,127.4,1.74,0.618,7
DIST_144,STATE_12,2017,Wheat,96823.1,546768.7,5.647,1770.3,31.6,2.59,127.4,1.74,0.693,8
DIST_144,STATE_12,2018,Wheat,66410.7,371376.5,5.592,1894.2,0.0,2.35,127.4,1.74,0.629,9
DIST_144,STATE_12,2019,Wheat,105129.7,577373.3,5.492,1698.6,41.4,2.44,127.4,1.74,0.657,10
DIST_144,STATE_12,2020,Wheat,165191.7,942853.9,5.708,1785.2,15.7,2.27,127.4,1.74,0.679,11
DIST_144,STATE_12,2021,Wheat,47276.5,256708.1,5.43,1566.1,2.1,1.35,127.4,1.74,0.644,12
DIST_144,STATE_12,2022,Wheat,48920.4,227425.6,4.649,1897.4,66.5,1.93,127.4,1.74,0.641,13
DIST_144,STATE_12,2023,Wheat,48780.7,257385.5,5.276,2122.3,16.1,1.75,127.4,1.74,0.65,14
DIST_145,STATE_01,2009,Wheat,61086.2,146058.5,2.391,1571.5,16.0,1.36,129.3,1.6,0.524,0
DIST_145,STATE_01,2010,Wheat,125375.4,386642.6,3.084,1644.9,34.5,1.93,129.3,1.6,0.524,1
DIST_145,STATE_01,2011,Wheat,111321.1,383744.1,3.447,1622.4,0.0,2.09,129.3,1.6,0.555,2
DIST_145,STATE_01,2012,Wheat,120668.7,235049.7,1.948,2021.3,69.2,3.11,129.3,1.6,0.512,3
DIST_145,STATE_01,2013,Wheat,123705.9,367364.3,2.97,1522.9,36.6,2.65,129.3,1.6,0.582,4
DIST_145,STATE_01,2014,Wheat,165742.6,550511.7,3.321,1465.0,39.7,2.16,129.3,1.6,0.556,5
DIST_145,STATE_01,2015,Wheat,114325.5,372419.9,3.258,1856.7,15.8,2.22,129.3,1.6,0.543,6
DIST_145,STATE_01,2016,Wheat,91221.5,325682.3,3.57,1621.7,23.5,2.78,129.3,1.6,0.57,7
DIST_145,STATE_01,2017,Wheat,48710.5,165341.2,3.394,1631.6,36.9,2.34,129.3,1.6,0.557,8
DIST_145,STATE_01,2018,Wheat,141054.2,559521.6,3.967,1737.8,39.8,2.7,129.3,1.6,0.62,9
DIST_145,STATE_01,2019,Wheat,159858.8,560274.4,3.505,2118.1,15.3,1.54,129.3,1.6,0.639,10
DIST_145,STATE_01,2020,Wheat,126063.8,474385.3,3.763,1635.3,25.7,1.73,129.3,1.6,0.627,11
DIST_145,STATE_01,2021,Wheat,105664.4,303355.5,2.871,1805.2,12.5,1.28,129.3,1.6,0.538,12
DIST_145,STATE_01,2022,Wheat,123562.4,362838.7,2.936,2015.3,57.5,3.22,129.3,1.6,0.587,13
DIST_145,STATE_01,2023,Wheat,84088.3,282239.3,3.356,1836.6,43.0,1.33,129.3,1.6,0.575,14
DIST_146,STATE_02,2009,Wheat,113965.1,365744.8,3.209,1549.9,30.7,1.32,157.4,1.24,0.568,0
DIST_146,STATE_02,2010,Wheat,78554.2,206342.5,2.627,1670.1,12.8,2.51,157.4,1.24,0.607,1
DIST_146,STATE_02,2011,Wheat,115446.7,355631.6,3.08,1713.9,24.2,1.84,157.4,1.24,0.52,2
DIST_146,STATE_02,2012,Wheat,148086.6,225157.2,1.52,1508.8,87.1,1.79,157.4,1.24,0.502,3
DIST_146,STATE_02,2013,Wheat,161194.8,586710.5,3.64,1488.3,50.7,1.58,157.4,1.24,0.614,4
DIST_146,STATE_02,2014,Wheat,171749.2,512270.8,2.983,2119.9,40.4,2.63,157.4,1.24,0.543,5
DIST_146,STATE_02,2015,Wheat,168843.9,541327.7,3.206,1754.6,7.3,1.37,157.4,1.24,0.501,6
DIST_146,STATE_02,2016,Wheat,122983.8,363077.5,2.952,1742.1,1.5,2.73,157.4,1.24,0.634,7
DIST_146,STATE_02,2017,Wheat,154082.0,476303.4,3.091,1622.6,18.9,2.48,157.4,1.24,0.519,8
DIST_146,STATE_02,2018,Wheat,131562.0,490908.4,3.731,2091.5,26.2,2.45,157.4,1.24,0.602,9
DIST_146,STATE_02,2019,Wheat,131634.5,413452.3,3.141,1918.3,29.0,1.95,157.4,1.24,0.6,10
DIST_146,STATE_02,2020,Wheat,85224.3,321542.9,3.773,1582.8,4.8,1.33,157.4,1.24,0.607,11
DIST_146,STATE_02,2021,Wheat,95648.8,352910.0,3.69,1800.2,14.3,1.85,157.4,1.24,0.547,12
DIST_146,STATE_02,2022,Wheat,171379.8,399312.8,2.33,2058.6,90.3,3.17,157.4,1.24,0.582,13
DIST_146,STATE_02,2023,Wheat,145182.5,416271.3,2.867,1957.3,29.9,2.8,157.4,1.24,0.57,14
DIST_147,STATE_03,2009,Wheat,151056.2,497518.2,3.294,2030.3,43.0,1.55,173.3,1.65,0.529,0
DIST_147,STATE_03,2010,Wheat,178589.0,716221.0,4.01,1740.2,16.3,2.25,173.3,1.65,0.559,1
DIST_147,STATE_03,2011,Wheat,170715.3,631732.4,3.701,2005.3,14.2,1.31,173.3,1.65,0.596,2
DIST_147,STATE_03,2012,Wheat,76474.9,226282.7,2.959,1945.1,64.9,2.64,173.3,1.65,0.578,3
DIST_147,STATE_03,2013,Wheat,51831.2,204686.4,3.949,2044.8,29.4,2.23,173.3,1.65,0.551,4
DIST_147,STATE_03,2014,Wheat,171530.4,620432.0,3.617,1835.4,24.7,2.32,173.3,1.65,0.62,5
DIST_147,STATE_03,2015,Wheat,49473.0,190984.8,3.86,1617.9,12.9,2.33,173.3,1.65,0.591,6
DIST_147,STATE_03,2016,Wheat,45456.1,159355.8,3.506,1938.9,14.4,2.53,173.3,1.65,0.615,7
DIST_147,STATE_03,2017,Wheat,75737.7,259151.6,3.422,1875.5,24.9,2.23,173.3,1.65,0.566,8
DIST_147,STATE_03,2018,Wheat,96480.3,437923.2,4.539,1980.6,35.6,1.84,173.3,1.65,0.624,9
DIST_147,STATE_03,2019,Wheat,51648.0,216727.3,4.196,1545.5,20.0,1.33,173.3,1.65,0.601,10
DIST_147,STATE_03,2020,Wheat,99222.1,423015.8,4.263,1585.8,41.7,2.2,173.3,1.65,0.604,11
DIST_147,STATE_03,2021,Wheat,50470.1,232726.1,4.611,1919.3,32.4,2.53,173.3,1.65,0.645,12
DIST_147,STATE_03,2022,Wheat,164999.9,582681.7,3.531,1690.5,72.5,2.07,173.3,1.65,0.594,13
DIST_147,STATE_03,2023,Wheat,166207.2,688309.7,4.141,1574.7,0.3,2.52,173.3,1.65,0.631,14
DIST_148,STATE_04,2009,Wheat,153299.9,716315.8,4.673,1770.6,40.0,1.44,132.7,1.15,0.67,0
DIST_148,STATE_04,2010,Wheat,170858.1,815650.3,4.774,1580.4,31.5,2.37,132.7,1.15,0.6,1
DIST_148,STATE_04,2011,Wheat,86850.3,401754.0,4.626,1933.5,40.0,1.69,132.7,1.15,0.627,2
DIST_148,STATE_04,2012,Wheat,146648.1,491803.4,3.354,1521.0,63.5,2.27,132.7,1.15,0.497,3
DIST_148,STATE_04,2013,Wheat,74142.0,392887.0,5.299,1916.6,8.1,2.7,132.7,1.15,0.71,4
DIST_148,STATE_04,2014,Wheat,54305.9,290178.4,5.343,2030.1,37.0,2.77,132.7,1.15,0.607,5
DIST_148,STATE_04,2015,Wheat,105118.1,576487.3,5.484,1472.3,34.9,2.48,132.7,1.15,0.659,6
DIST_148,STATE_04,2016,Wheat,125615.3,607037.3,4.833,1755.3,18.7,1.7,132.7,1.15,0.569,7
DIST_148,STATE_04,2017,Wheat,121437.7,569271.7,4.688,1606.5,11.9,2.78,132.7,1.15,0.583,8
DIST_148,STATE_04,2018,Wheat,161966.0,910317.7,5.62,1460.3,25.1,2.29,132.7,1.15,0.625,9
DIST_148,STATE_04,2019,Wheat,155359.3,826548.5,5.32,1708.2,37.8,2.22,132.7,1.15,0.635,10
DIST_148,STATE_04,2020,Wheat,130034.3,764458.7,5.879,1973.6,33.2,1.31,132.7,1.15,0.713,11
DIST_148,STATE_04,2021,Wheat,144352.9,743778.5,5.153,1842.6,25.3,2.73,132.7,1.15,0.656,12
DIST_148,STATE_04,2022,Wheat,127898.8,611694.7,4.783,1970.9,51.9,2.86,132.7,1.15,0.64,13
DIST_148,STATE_04,2023,Wheat,55431.7,306654.6,5.532,1710.3,24.8,1.51,132.7,1.15,0.719,14
DIST_149,STATE_05,2009,Wheat,48571.4,190475.6,3.922,1440.6,44.0,2.57,130.7,1.19,0.596,0
DIST_149,STATE_05,2010,Wheat,94189.7,385495.4,4.093,2062.0,39.1,2.43,130.7,1.19,0.615,1
DIST_149,STATE_05,2011,Wheat,70127.8,280730.1,4.003,1614.4,0.0,2.45,130.7,1.19,0.607,2
DIST_149,STATE_05,2012,Wheat,56678.8,155240.0,2.739,1454.9,78.2,2.3,130.7,1.19,0.617,3
DIST_149,STATE_05,2013,Wheat,45876.1,183742.2,4.005,2112.8,40.1,2.06,130.7,1.19,0.586,4
DIST_149,STATE_05,2014,Wheat,140826.7,607350.3,4.313,1794.2,19.7,2.02,130.7,1.19,0.618,5
DIST_149,STATE_05,2015,Wheat,168018.1,692266.1,4.12,1495.3,31.8,1.65,130.7,1.19,0.595,6
DIST_149,STATE_05,2016,Wheat,125504.2,558419.0,4.449,1726.1,56.4,1.68,130.7,1.19,0.64,7
DIST_149,STATE_05,2017,Wheat,131890.6,615935.1,4.67,1610.6,0.0,1.36,130.7,1.19,0.622,8
DIST_149,STATE_05,2018,Wheat,92097.0,427887.3,4.646,2008.3,2.4,2.48,130.7,1.19,0.628,9
DIST_149,STATE_05,2019,Wheat,76489.3,328298.4,4.292,1810.5,12.2,1.71,130.7,1.19,0.605,10
DIST_149,STATE_05,2020,Wheat,122024.6,617508.6,5.061,2069.8,7.2,1.51,130.7,1.19,0.649,11
DIST_149,STATE_05,2021,Wheat,107549.4,457609.6,4.255,1922.1,34.8,2.71,130.7,1.19,0.631,12
DIST_149,STATE_05,2022,Wheat,72862.2,281394.4,3.862,1850.6,65.0,2.03,130.7,1.19,0.574,13
DIST_149,STATE_05,2023,Wheat,49298.6,217933.1,4.421,1929.8,21.4,2.18,130.7,1.19,0.644,14
DIST_150,STATE_06,2009,Wheat,158801.3,535014.3,3.369,1922.8,16.2,2.75,119.1,0.79,0.54,0
DIST_150,STATE_06,2010,Wheat,80719.8,276080.7,3.42,1552.0,31.1,2.45,119.1,0.79,0.609,1
DIST_150,STATE_06,2011,Wheat,119605.7,410442.4,3.432,1804.5,11.5,1.76,119.1,0.79,0.603,2
DIST_150,STATE_06,2012,Wheat,86696.8,104600.6,1.207,1797.4,41.4,3.05,119.1,0.79,0.435,3
DIST_150,STATE_06,2013,Wheat,107536.0,364239.6,3.387,1646.8,37.4,2.17,119.1,0.79,0.568,4
DIST_150,STATE_06,2014,Wheat,107737.5,327686.4,3.042,2109.3,11.8,1.24,119.1,0.79,0.61,5
DIST_150,STATE_06,2015,Wheat,157650.7,488791.0,3.1,1956.8,27.1,1.94,119.1,0.79,0.589,6
DIST_150,STATE_06,2016,Wheat,83941.9,279179.0,3.326,1609.3,17.8,1.43,119.1,0.79,0.586,7
DIST_150,STATE_06,2017,Wheat,143428.9,463184.6,3.229,1616.3,36.5,1.83,119.1,0.79,0.523,8
DIST_150,STATE_06,2018,Wheat,111135.7,411235.3,3.7,1710.1,11.2,2.31,119.1,0.79,0.592,9
DIST_150,STATE_06,2019,Wheat,49346.5,189071.6,3.832,1883.2,27.2,2.3,119.1,0.79,0.574,10
DIST_150,STATE_06,2020,Wheat,155611.7,595301.3,3.826,2092.8,16.3,2.14,119.1,0.79,0.619,11
DIST_150,STATE_06,2021,Wheat,155703.8,549378.9,3.528,1466.6,33.8,1.21,119.1,0.79,0.603,12
DIST_150,STATE_06,2022,Wheat,170553.6,454194.9,2.663,1547.5,81.7,2.07,119.1,0.79,0.554,13
DIST_150,STATE_06,2023,Wheat,56231.1,234681.2,4.174,1669.7,42.7,2.33,119.1,0.79,0.607,14
DIST_151,STATE_07,2009,Wheat,48850.0,200807.3,4.111,1547.7,10.6,1.89,139.6,1.05,0.586,0
DIST_151,STATE_07,2010,Wheat,124523.1,521594.7,4.189,1789.8,45.0,1.84,139.6,1.05,0.582,1
DIST_151,STATE_07,2011,Wheat,142609.6,606182.1,4.251,1685.3,15.2,1.55,139.6,1.05,0.631,2
DIST_151,STATE_07,2012,Wheat,95782.3,245949.8,2.568,1769.4,80.3,2.28,139.6,1.05,0.567,3
DIST_151,STATE_07,2013,Wheat,90853.0,376124.8,4.14,1719.7,48.8,2.67,139.6,1.05,0.582,4
DIST_151,STATE_07,2014,Wheat,150192.7,646684.7,4.306,1873.7,55.8,1.3,139.6,1.05,0.649,5
DIST_151,STATE_07,2015,Wheat,87266.2,383587.4,4.396,1698.9,6.7,1.39,139.6,1.05,0.64,6
DIST_151,STATE_07,2016,Wheat,53640.0,246465.3,4.595,1530.4,0.0,1.49,139.6,1.05,0.662,7
DIST_151,STATE_07,2017,Wheat,119353.4,586341.0,4.913,1615.4,13.3,1.56,139.6,1.05,0.627,8
DIST_151,STATE_07,2018,Wheat,177258.4,909729.9,5.132,1898.4,28.5,1.25,139.6,1.05,0.663,9
DIST_151,STATE_07,2019,Wheat,97917.5,424727.2,4.338,1902.2,37.4,1.9,139.6,1.05,0.588,10
DIST_151,STATE_07,2020,Wheat,174508.7,872502.1,5.0,2014.0,7.1,1.93,139.6,1.05,0.654,11
DIST_151,STATE_07,2021,Wheat,66219.6,302997.5,4.576,1607.3,38.1,1.41,139.6,1.05,0.612,12
DIST_151,STATE_07,2022,Wheat,111686.6,466828.0,4.18,1658.5,46.9,2.4,139.6,1.05,0.671,13
DIST_151,STATE_07,2023,Wheat,52211.3,245056.8,4.694,1895.8,20.7,2.34,139.6,1.05,0.67,14
DIST_152,STATE_08,2009,Wheat,70959.4,291419.9,4.107,1448.0,29.6,2.12,183.5,0.7,0.614,0
DIST_152,STATE_08,2010,Wheat,85192.2,371294.1,4.358,1797.5,18.9,1.61,183.5,0.7,0.617,1
DIST_152,STATE_08,2011,Wheat,85375.8,374184.2,4.383,1726.7,28.8,2.1,183.5,0.7,0.604,2
DIST_152,STATE_08,2012,Wheat,111888.7,357823.5,3.198,2074.0,72.7,3.19,183.5,0.7,0.594,3
DIST_152,STATE_08,2013,Wheat,51139.5,218679.3,4.276,1832.4,3.5,2.36,183.5,0.7,0.593,4
DIST_152,STATE_08,2014,Wheat,104961.5,493239.1,4.699,1548.8,10.7,2.65,183.5,0.7,0.64,5
DIST_152,STATE_08,2015,Wheat,159872.4,711255.1,4.449,1750.9,10.3,1.24,183.5,0.7,0.59,6
DIST_152,STATE_08,2016,Wheat,178021.5,833266.5,4.681,1846.7,31.3,1.32,183.5,0.7,0.577,7
DIST_152,STATE_08,2017,Wheat,88978.7,412857.1,4.64,1464.6,37.6,2.24,183.5,0.7,0.556,8
DIST_152,STATE_08,2018,Wheat,67663.7,361091.3,5.337,1451.8,54.2,1.32,183.5,0.7,0.592,9
DIST_152,STATE_08,2019,Wheat,69365.2,334764.5,4.826,1975.1,34.6,1.76,183.5,0.7,0.601,10
DIST_152,STATE_08,2020,Wheat,171072.1,901248.7,5.268,1481.1,42.6,2.14,183.5,0.7,0.649,11
DIST_152,STATE_08,2021,Wheat,136835.9,647605.8,4.733,2083.6,2.0,1.27,183.5,0.7,0.621,12
DIST_152,STATE_08,2022,Wheat,80765.7,348410.3,4.314,1619.9,62.3,2.01,183.5,0.7,0.6,13
DIST_152,STATE_08,2023,Wheat,78245.9,382719.4,4.891,2123.1,36.4,1.37,183.5,0.7,0.654,14
DIST_153,STATE_09,2009,Wheat,150118.0,743462.8,4.953,2023.0,29.4,2.69,130.8,0.99,0.623,0
DIST_153,STATE_09,2010,Wheat,46974.9,202512.5,4.311,2020.5,25.1,1.73,130.8,0.99,0.61,1
DIST_153,STATE_09,2011,Wheat,89128.6,412771.4,4.631,2031.9,23.3,1.24,130.8,0.99,0.611,2
DIST_153,STATE_09,2012,Wheat,68306.5,235962.2,3.454,1591.6,68.7,3.1,130.8,0.99,0.526,3
DIST_153,STATE_09,2013,Wheat,124560.7,585648.0,4.702,1519.5,29.8,1.58,130.8,0.99,0.576,4
DIST_153,STATE_09,2014,Wheat,149218.5,722345.8,4.841,2088.8,55.3,1.39,130.8,0.99,0.594,5
DIST_153,STATE_09,2015,Wheat,65409.7,302479.6,4.624,1997.2,23.6,2.06,130.8,0.99,0.671,6
DIST_153,STATE_09,2016,Wheat,151831.1,755578.5,4.976,1836.7,14.7,1.62,130.8,0.99,0.602,7
DIST_153,STATE_09,2017,Wheat,118557.9,634472.5,5.352,1781.3,47.0,2.61,130.8,0.99,0.628,8
DIST_153,STATE_09,2018,Wheat,171038.2,897431.9,5.247,1803.1,36.8,1.95,130.8,0.99,0.661,9
DIST_153,STATE_09,2019,Wheat,66487.6,332195.3,4.996,1910.2,30.8,2.59,130.8,0.99,0.647,10
DIST_153,STATE_09,2020,Wheat,89738.1,497604.5,5.545,2141.0,36.9,1.71,130.8,0.99,0.666,11
DIST_153,STATE_09,2021,Wheat,127149.2,711664.5,5.597,1735.4,26.1,2.7,130.8,0.99,0.677,12
DIST_153,STATE_09,2022,Wheat,122310.5,577345.7,4.72,1967.0,76.0,1.71,130.8,0.99,0.634,13
DIST_153,STATE_09,2023,Wheat,53253.6,278651.1,5.233,1835.4,2.2,1.81,130.8,0.99,0.644,14
DIST_154,STATE_10,2009,Wheat,118545.2,424049.2,3.577,2091.1,24.8,2.31,189.0,0.91,0.596,0
DIST_154,STATE_10,2010,Wheat,154217.5,565931.7,3.67,1758.7,10.5,2.32,189.0,0.91,0.559,1
DIST_154,STATE_10,2011,Wheat,163219.4,646933.3,3.964,1731.9,31.2,1.87,189.0,0.91,0.587,2
DIST_154,STATE_10,2012,Wheat,118984.5,312838.2,2.629,1682.3,75.2,2.32,189.0,0.91,0.582,3
DIST_154,STATE_10,2013,Wheat,169497.0,708667.7,4.181,1526.2,4.5,2.11,189.0,0.91,0.628,4
DIST_154,STATE_10,2014,Wheat,115960.3,473516.9,4.083,1862.3,34.5,2.42,189.0,0.91,0.616,5
DIST_154,STATE_10,2015,Wheat,93953.3,359948.7,3.831,1519.4,24.2,1.39,189.0,0.91,0.587,6
DIST_154,STATE_10,2016,Wheat,137949.1,546233.6,3.96,1486.8,23.6,2.12,189.0,0.91,0.591,7
DIST_154,STATE_10,2017,Wheat,80762.5,322470.1,3.993,1493.5,27.0,2.45,189.0,0.91,0.601,8
DIST_154,STATE_10,2018,Wheat,77865.2,339905.5,4.365,2138.5,13.8,2.41,189.0,0.91,0.62,9
DIST_154,STATE_10,2019,Wheat,162586.9,716934.4,4.41,1901.8,24.0,2.15,189.0,0.91,0.619,10
DIST_154,STATE_10,2020,Wheat,98046.5,454172.3,4.632,2070.8,24.9,1.83,189.0,0.91,0.635,11
DIST_154,STATE_10,2021,Wheat,132138.2,593859.4,4.494,1491.3,23.6,2.07,189.0,0.91,0.608,12
DIST_154,STATE_10,2022,Wheat,51270.6,167498.6,3.267,1576.0,39.6,2.34,189.0,0.91,0.548,13
DIST_154,STATE_10,2023,Wheat,179753.6,718967.3,4.0,2047.8,5.8,1.57,189.0,0.91,0.568,14
DIST_155,STATE_11,2009,Wheat,116298.9,541778.5,4.659,2022.1,0.0,1.81,158.0,0.95,0.621,0
DIST_155,STATE_11,2010,Wheat,145760.3,712483.2,4.888,2056.2,23.3,1.89,158.0,0.95,0.59,1
DIST_155,STATE_11,2011,Wheat,60174.6,291353.1,4.842,1726.3,27.4,1.51,158.0,0.95,0.603,2
DIST_155,STATE_11,2012,Wheat,139114.1,464242.8,3.337,1663.3,69.2,3.12,158.0,0.95,0.573,3
DIST_155,STATE_11,2013,Wheat,121373.3,595727.5,4.908,1628.3,3.1,1.68,158.0,0.95,0.696,4
DIST_155,STATE_11,2014,Wheat,71710.4,346903.9,4.838,1804.4,23.6,2.16,158.0,0.95,0.585,5
DIST_155,STATE_11,2015,Wheat,101866.0,537069.2,5.272,2014.0,29.6,1.9,158.0,0.95,0.648,6
DIST_155,STATE_11,2016,Wheat,133200.9,643537.4,4.831,2031.0,27.2,2.71,158.0,0.95,0.588,7
DIST_155,STATE_11,2017,Wheat,121115.4,670272.6,5.534,1550.2,0.0,1.43,158.0,0.95,0.647,8
DIST_155,STATE_11,2018,Wheat,87151.3,479747.3,5.505,2081.7,42.4,2.1,158.0,0.95,0.699,9
DIST_155,STATE_11,2019,Wheat,52588.3,290839.2,5.53,1892.2,29.8,2.42,158.0,0.95,0.68,10
DIST_155,STATE_11,2020,Wheat,176678.8,956145.0,5.412,2151.6,35.8,1.32,158.0,0.95,0.65,11
DIST_155,STATE_11,2021,Wheat,138053.4,724222.9,5.246,1696.7,0.0,1.72,158.0,0.95,0.645,12
DIST_155,STATE_11,2022,Wheat,62692.5,271078.5,4.324,1966.7,64.5,2.22,158.0,0.95,0.639,13
DIST_155,STATE_11,2023,Wheat,172623.3,880739.7,5.102,1570.6,25.3,2.64,158.0,0.95,0.613,14
DIST_156,STATE_12,2009,Wheat,170837.6,788539.3,4.616,1716.6,25.1,2.17,145.5,0.76,0.675,0
DIST_156,STATE_12,2010,Wheat,118247.0,493825.9,4.176,1713.2,15.5,1.82,145.5,0.76,0.641,1
DIST_156,STATE_12,2011,Wheat,51199.2,242464.1,4.736,1647.1,12.2,1.58,145.5,0.76,0.622,2
DIST_156,STATE_12,2012,Wheat,179492.7,645499.6,3.596,1930.6,62.9,2.96,145.5,0.76,0.633,3
DIST_156,STATE_12,2013,Wheat,70259.6,322808.1,4.595,1967.5,35.9,2.73,145.5,0.76,0.674,4
DIST_156,STATE_12,2014,Wheat,90559.1,433826.7,4.791,1692.1,29.1,2.21,145.5,0.76,0.634,5
DIST_156,STATE_12,2015,Wheat,73614.5,331669.1,4.505,1802.4,32.2,1.48,145.5,0.76,0.576,6
DIST_156,STATE_12,2016,Wheat,151856.9,746283.9,4.914,2000.7,5.2,2.23,145.5,0.76,0.63,7
DIST_156,STATE_12,2017,Wheat,154761.9,693049.0,4.478,2031.4,16.0,1.61,145.5,0.76,0.583,8
DIST_156,STATE_12,2018,Wheat,112857.7,602687.5,5.34,1904.3,13.8,1.86,145.5,0.76,0.611,9
DIST_156,STATE_12,2019,Wheat,90856.6,473313.9,5.209,1894.1,0.5,1.44,145.5,0.76,0.668,10
DIST_156,STATE_12,2020,Wheat,101051.7,526916.0,5.214,1895.1,14.1,2.0,145.5,0.76,0.628,11
DIST_156,STATE_12,2021,Wheat,77726.1,413649.3,5.322,1876.1,17.4,2.61,145.5,0.76,0.658,12
DIST_156,STATE_12,2022,Wheat,71673.4,309354.9,4.316,1469.5,72.5,2.83,145.5,0.76,0.65,13
DIST_156,STATE_12,2023,Wheat,170227.9,882751.3,5.186,1922.8,24.1,1.76,145.5,0.76,0.651,14
DIST_157,STATE_01,2009,Wheat,145841.6,615620.9,4.221,1641.5,37.5,2.04,128.4,0.6,0.576,0
DIST_157,STATE_01,2010,Wheat,55805.6,227811.3,4.082,1933.8,30.5,1.29,128.4,0.6,0.602,1
DIST_157,STATE_01,2011,Wheat,158870.1,577212.6,3.633,1662.9,40.0,1.62,128.4,0.6,0.573,2
DIST_157,STATE_01,2012,Wheat,97689.0,305904.7,3.131,1873.2,84.9,2.11,128.4,0.6,0.544,3
DIST_157,STATE_01,2013,Wheat,124392.5,516181.8,4.15,1949.4,0.6,1.34,128.4,0.6,0.551,4
DIST_157,STATE_01,2014,Wheat,110027.8,451661.8,4.105,1795.5,19.1,2.72,128.4,0.6,0.607,5
DIST_157,STATE_01,2015,Wheat,116077.3,474517.2,4.088,1791.4,20.8,1.27,128.4,0.6,0.612,6
DIST_157,STATE_01,2016,Wheat,47374.6,190277.2,4.016,1611.0,44.6,1.69,128.4,0.6,0.565,7
DIST_157,STATE_01,2017,Wheat,100762.3,448990.7,4.456,1777.7,31.7,1.27,128.4,0.6,0.615,8
DIST_157,STATE_01,2018,Wheat,123561.5,615338.2,4.98,2002.0,2.8,2.61,128.4,0.6,0.57,9
DIST_157,STATE_01,2019,Wheat,71897.7,315017.9,4.381,1797.4,30.7,2.64,128.4,0.6,0.647,10
DIST_157,STATE_01,2020,Wheat,150121.1,746535.3,4.973,1849.7,5.1,1.84,128.4,0.6,0.64,11
DIST_157,STATE_01,2021,Wheat,143356.3,664118.0,4.633,1701.5,7.2,1.59,128.4,0.6,0.648,12
DIST_157,STATE_01,2022,Wheat,115388.3,421258.9,3.651,1943.3,79.8,2.41,128.4,0.6,0.538,13
DIST_157,STATE_01,2023,Wheat,141585.9,598266.1,4.225,2034.2,36.1,1.62,128.4,0.6,0.638,14
DIST_158,STATE_02,2009,Wheat,98029.0,393338.2,4.012,1676.4,14.9,2.31,160.4,1.62,0.584,0
DIST_158,STATE_02,2010,Wheat,167400.3,743465.2,4.441,1691.0,28.6,2.55,160.4,1.62,0.591,1
DIST_158,STATE_02,2011,Wheat,135971.8,628668.2,4.624,1440.3,20.0,2.32,160.4,1.62,0.633,2
DIST_158,STATE_02,2012,Wheat,54241.2,190032.5,3.503,1752.0,78.0,2.08,160.4,1.62,0.555,3
DIST_158,STATE_02,2013,Wheat,83470.7,393474.4,4.714,1684.6,0.0,2.5,160.4,1.62,0.603,4
DIST_158,STATE_02,2014,Wheat,118259.0,485123.7,4.102,1685.7,0.0,2.24,160.4,1.62,0.568,5
DIST_158,STATE_02,2015,Wheat,178228.4,820424.7,4.603,1641.6,32.9,1.25,160.4,1.62,0.611,6
DIST_158,STATE_02,2016,Wheat,87705.1,382466.1,4.361,1502.9,0.0,1.4,160.4,1.62,0.589,7
DIST_158,STATE_02,2017,Wheat,85776.6,416246.6,4.853,1939.8,19.9,2.18,160.4,1.62,0.587,8
DIST_158,STATE_02,2018,Wheat,124934.5,635028.6,5.083,1690.5,18.7,1.54,160.4,1.62,0.703,9
DIST_158,STATE_02,2019,Wheat,111205.4,504500.4,4.537,2060.8,7.8,2.68,160.4,1.62,0.703,10
DIST_158,STATE_02,2020,Wheat,60059.2,319104.5,5.313,1579.4,33.0,2.07,160.4,1.62,0.664,11
DIST_158,STATE_02,2021,Wheat,104280.6,561840.5,5.388,1936.1,37.8,1.37,160.4,1.62,0.61,12
DIST_158,STATE_02,2022,Wheat,100261.3,432999.9,4.319,1928.1,85.5,2.71,160.4,1.62,0.655,13
DIST_158,STATE_02,2023,Wheat,154856.0,709170.9,4.58,1488.4,48.6,2.07,160.4,1.62,0.612,14
DIST_159,STATE_03,2009,Wheat,57341.2,242543.8,4.23,1511.8,14.8,1.81,141.7,2.09,0.603,0
DIST_159,STATE_03,2010,Wheat,131365.9,575721.7,4.383,1778.6,32.0,1.2,141.7,2.09,0.648,1
DIST_159,STATE_03,2011,Wheat,113812.6,514275.3,4.519,2042.0,37.5,2.65,141.7,2.09,0.691,2
DIST_159,STATE_03,2012,Wheat,85340.7,221248.4,2.593,1642.2,78.0,1.99,141.7,2.09,0.55,3
DIST_159,STATE_03,2013,Wheat,59261.8,268300.1,4.527,2107.2,35.5,1.28,141.7,2.09,0.633,4
DIST_159,STATE_03,2014,Wheat,118297.8,584209.5,4.938,1891.7,25.7,2.51,141.7,2.09,0.666,5
DIST_159,STATE_03,2015,Wheat,66993.7,295474.4,4.41,1619.6,23.1,1.81,141.7,2.09,0.602,6
DIST_159,STATE_03,2016,Wheat,103957.5,487213.8,4.687,1891.5,41.6,1.28,141.7,2.09,0.639,7
DIST_159,STATE_03,2017,Wheat,131584.5,567007.5,4.309,1981.9,48.4,2.29,141.7,2.09,0.59,8
DIST_159,STATE_03,2018,Wheat,74042.6,386769.2,5.224,1831.2,26.7,1.75,141.7,2.09,0.604,9
DIST_159,STATE_03,2019,Wheat,51427.7,220704.3,4.292,1850.8,27.3,1.74,141.7,2.09,0.593,10
DIST_159,STATE_03,2020,Wheat,173309.7,857529.4,4.948,1861.8,10.2,2.5,141.7,2.09,0.662,11
DIST_159,STATE_03,2021,Wheat,110248.0,521658.8,4.732,1861.8,51.2,2.11,141.7,2.09,0.625,12
DIST_159,STATE_03,2022,Wheat,64647.8,268630.4,4.155,1889.3,56.2,2.33,141.7,2.09,0.603,13
DIST_159,STATE_03,2023,Wheat,55273.6,286785.9,5.188,1713.9,25.9,2.52,141.7,2.09,0.606,14
DIST_160,STATE_04,2009,Wheat,176839.3,865629.0,4.895,2063.0,10.8,1.72,139.3,1.35,0.623,0
DIST_160,STATE_04,2010,Wheat,162633.2,789944.5,4.857,1763.0,22.8,2.1,139.3,1.35,0.595,1
DIST_160,STATE_04,2011,Wheat,66292.2,325735.5,4.914,1849.3,29.3,1.76,139.3,1.35,0.65,2
DIST_160,STATE_04,2012,Wheat,86952.8,292093.3,3.359,2114.4,79.7,2.38,139.3,1.35,0.615,3
DIST_160,STATE_04,2013,Wheat,48896.8,217766.0,4.454,1696.6,42.3,2.69,139.3,1.35,0.595,4
DIST_160,STATE_04,2014,Wheat,164474.1,812342.9,4.939,1613.2,12.9,2.12,139.3,1.35,0.605,5
DIST_160,STATE_04,2015,Wheat,141867.5,678648.6,4.784,1651.6,70.6,2.45,139.3,1.35,0.645,6
DIST_160,STATE_04,2016,Wheat,134614.4,650024.0,4.829,1913.2,56.1,1.33,139.3,1.35,0.624,7
DIST_160,STATE_04,2017,Wheat,144820.5,735841.4,5.081,1493.4,8.2,2.67,139.3,1.35,0.644,8
DIST_160,STATE_04,2018,Wheat,145088.3,791781.0,5.457,1674.9,30.1,1.99,139.3,1.35,0.652,9
DIST_160,STATE_04,2019,Wheat,76383.3,395346.9,5.176,1658.4,0.0,1.8,139.3,1.35,0.627,10
DIST_160,STATE_04,2020,Wheat,147941.0,828912.1,5.603,1969.9,61.8,1.28,139.3,1.35,0.693,11
DIST_160,STATE_04,2021,Wheat,160989.6,867170.6,5.387,2101.9,5.2,2.0,139.3,1.35,0.691,12
DIST_160,STATE_04,2022,Wheat,114775.9,507557.7,4.422,2098.6,72.6,2.96,139.3,1.35,0.612,13
DIST_160,STATE_04,2023,Wheat,115790.7,616373.9,5.323,2059.7,27.8,1.49,139.3,1.35,0.643,14
DIST_161,STATE_05,2009,Wheat,130570.1,662344.1,5.073,1699.1,20.7,2.64,151.2,0.89,0.672,0
DIST_161,STATE_05,2010,Wheat,53403.8,292657.7,5.48,2050.5,26.7,2.49,151.2,0.89,0.618,1
DIST_161,STATE_05,2011,Wheat,77492.5,364498.3,4.704,1941.8,2.7,2.1,151.2,0.89,0.665,2
DIST_161,STATE_05,2012,Wheat,96897.9,331569.6,3.422,1868.7,83.0,3.15,151.2,0.89,0.523,3
DIST_161,STATE_05,2013,Wheat,97439.0,444679.2,4.564,1724.8,25.0,1.99,151.2,0.89,0.597,4
DIST_161,STATE_05,2014,Wheat,127769.5,556848.7,4.358,2039.8,42.2,2.73,151.2,0.89,0.596,5
DIST_161,STATE_05,2015,Wheat,175846.9,856741.0,4.872,1924.1,11.4,1.43,151.2,0.89,0.62,6
DIST_161,STATE_05,2016,Wheat,139494.5,685771.3,4.916,2014.7,38.8,2.47,151.2,0.89,0.653,7
DIST_161,STATE_05,2017,Wheat,142644.1,701401.2,4.917,1489.5,42.4,2.65,151.2,0.89,0.668,8
DIST_161,STATE_05,2018,Wheat,123963.1,660975.2,5.332,1453.5,17.9,2.03,151.2,0.89,0.646,9
DIST_161,STATE_05,2019,Wheat,116204.5,569222.8,4.898,1592.8,33.4,1.39,151.2,0.89,0.609,10
DIST_161,STATE_05,2020,Wheat,49230.6,271152.2,5.508,1529.7,25.3,2.08,151.2,0.89,0.646,11
DIST_161,STATE_05,2021,Wheat,122405.9,628824.0,5.137,2047.0,15.1,2.15,151.2,0.89,0.655,12
DIST_161,STATE_05,2022,Wheat,50026.2,213087.1,4.26,2063.7,78.2,2.71,151.2,0.89,0.63,13
DIST_161,STATE_05,2023,Wheat,134437.3,734162.3,5.461,1699.4,33.9,1.8,151.2,0.89,0.661,14
DIST_162,STATE_06,2009,Wheat,49639.0,216965.8,4.371,1978.9,18.4,1.7,189.4,1.63,0.56,0
DIST_162,STATE_06,2010,Wheat,96131.4,411198.7,4.277,1848.3,0.5,2.5,189.4,1.63,0.58,1
DIST_162,STATE_06,2011,Wheat,135030.9,576804.1,4.272,1879.2,26.0,2.19,189.4,1.63,0.644,2
DIST_162,STATE_06,2012,Wheat,103403.0,389066.7,3.763,1574.1,70.4,3.0,189.4,1.63,0.538,3
DIST_162,STATE_06,2013,Wheat,117821.5,550816.9,4.675,1719.1,47.7,2.76,189.4,1.63,0.577,4
DIST_162,STATE_06,2014,Wheat,76062.3,355719.6,4.677,1852.9,21.4,2.53,189.4,1.63,0.625,5
DIST_162,STATE_06,2015,Wheat,54285.4,264615.8,4.875,1683.4,44.0,2.7,189.4,1.63,0.62,6
DIST_162,STATE_06,2016,Wheat,66202.9,320875.6,4.847,1749.4,45.6,2.75,189.4,1.63,0.599,7
DIST_162,STATE_06,2017,Wheat,166177.9,760033.5,4.574,1466.6,22.4,2.72,189.4,1.63,0.635,8
DIST_162,STATE_06,2018,Wheat,50494.5,254419.7,5.039,1786.7,27.5,1.92,189.4,1.63,0.648,9
DIST_162,STATE_06,2019,Wheat,156048.8,745356.0,4.776,1913.1,32.6,2.36,189.4,1.63,0.607,10
DIST_162,STATE_06,2020,Wheat,169846.1,886380.8,5.219,1571.9,22.3,2.47,189.4,1.63,0.644,11
DIST_162,STATE_06,2021,Wheat,67114.8,303146.2,4.517,1488.1,39.9,1.47,189.4,1.63,0.571,12
DIST_162,STATE_06,2022,Wheat,163202.8,699048.7,4.283,1825.6,65.6,2.87,189.4,1.63,0.606,13
DIST_162,STATE_06,2023,Wheat,109687.9,536995.3,4.896,1600.5,30.4,1.33,189.4,1.63,0.63,14
DIST_163,STATE_07,2009,Wheat,72281.4,282246.5,3.905,2022.7,23.4,2.66,187.2,2.07,0.636,0
DIST_163,STATE_07,2010,Wheat,144890.7,637642.3,4.401,1868.3,32.9,2.05,187.2,2.07,0.642,1
DIST_163,STATE_07,2011,Wheat,108914.1,490322.2,4.502,1616.4,12.3,2.48,187.2,2.07,0.629,2
DIST_163,STATE_07,2012,Wheat,132640.6,473085.3,3.567,1586.0,72.5,3.15,187.2,2.07,0.589,3
DIST_163,STATE_07,2013,Wheat,151796.6,639809.6,4.215,1668.4,9.2,2.62,187.2,2.07,0.577,4
DIST_163,STATE_07,2014,Wheat,57543.1,292119.6,5.077,1689.2,2.4,1.71,187.2,2.07,0.703,5
DIST_163,STATE_07,2015,Wheat,139970.5,643987.4,4.601,1525.7,33.5,2.62,187.2,2.07,0.652,6
DIST_163,STATE_07,2016,Wheat,161879.5,772005.8,4.769,1741.9,23.2,1.81,187.2,2.07,0.634,7
DIST_163,STATE_07,2017,Wheat,170313.1,793390.0,4.658,1997.9,11.3,1.67,187.2,2.07,0.632,8
DIST_163,STATE_07,2018,Wheat,88122.0,458987.6,5.209,1510.3,40.4,1.66,187.2,2.07,0.674,9
DIST_163,STATE_07,2019,Wheat,47941.5,220253.3,4.594,2002.5,0.0,1.71,187.2,2.07,0.632,10
DIST_163,STATE_07,2020,Wheat,88858.1,459891.5,5.176,1816.4,31.1,1.91,187.2,2.07,0.673,11
DIST_163,STATE_07,2021,Wheat,110273.5,512541.2,4.648,2042.9,25.9,2.02,187.2,2.07,0.634,12
DIST_163,STATE_07,2022,Wheat,74061.3,295291.0,3.987,1968.1,72.2,2.61,187.2,2.07,0.573,13
DIST_163,STATE_07,2023,Wheat,63503.5,308603.1,4.86,1870.9,37.9,1.35,187.2,2.07,0.607,14
DIST_164,STATE_08,2009,Wheat,55450.6,212904.7,3.84,1556.9,35.6,1.25,183.3,1.68,0.601,0
DIST_164,STATE_08,2010,Wheat,118722.3,468102.2,3.943,2075.5,44.8,2.4,183.3,1.68,0.584,1
DIST_164,STATE_08,2011,Wheat,119839.1,499152.2,4.165,1840.8,35.8,1.58,183.3,1.68,0.55,2
DIST_164,STATE_08,2012,Wheat,95486.0,303806.8,3.182,1932.5,68.7,2.73,183.3,1.68,0.59,3
DIST_164,STATE_08,2013,Wheat,152249.6,665740.9,4.373,1599.5,30.3,2.05,183.3,1.68,0.617,4
DIST_164,STATE_08,2014,Wheat,85577.9,348429.9,4.071,2028.0,25.6,1.57,183.3,1.68,0.603,5
DIST_164,STATE_08,2015,Wheat,157246.2,636325.4,4.047,2024.7,23.8,2.21,183.3,1.68,0.581,6
DIST_164,STATE_08,2016,Wheat,146662.8,600323.9,4.093,1943.6,28.5,2.53,183.3,1.68,0.614,7
DIST_164,STATE_08,2017,Wheat,102640.5,448757.4,4.372,2071.5,45.3,2.24,183.3,1.68,0.59,8
DIST_164,STATE_08,2018,Wheat,118403.1,539201.8,4.554,1637.9,22.2,1.55,183.3,1.68,0.582,9
DIST_164,STATE_08,2019,Wheat,153055.4,659544.4,4.309,1789.1,8.2,1.72,183.3,1.68,0.617,10
DIST_164,STATE_08,2020,Wheat,154108.7,723032.5,4.692,1994.1,33.3,1.59,183.3,1.68,0.586,11
DIST_164,STATE_08,2021,Wheat,153193.1,738087.1,4.818,1964.7,33.5,2.32,183.3,1.68,0.634,12
DIST_164,STATE_08,2022,Wheat,159651.3,564508.7,3.536,1933.9,77.5,2.87,183.3,1.68,0.56,13
DIST_164,STATE_08,2023,Wheat,64885.7,268378.1,4.136,1824.0,26.2,2.18,183.3,1.68,0.603,14
DIST_165,STATE_09,2009,Wheat,84748.2,416333.4,4.913,1784.0,38.4,2.21,123.4,1.85,0.658,0
DIST_165,STATE_09,2010,Wheat,166266.8,767750.0,4.618,2084.7,17.1,1.88,123.4,1.85,0.646,1
DIST_165,STATE_09,2011,Wheat,87197.6,390615.1,4.48,1943.2,49.9,2.53,123.4,1.85,0.619,2
DIST_165,STATE_09,2012,Wheat,86210.7,273535.6,3.173,1570.6,72.6,2.04,123.4,1.85,0.583,3
DIST_165,STATE_09,2013,Wheat,92585.4,416176.3,4.495,1740.1,20.6,1.37,123.4,1.85,0.585,4
DIST_165,STATE_09,2014,Wheat,151718.6,686422.5,4.524,1821.6,26.1,2.36,123.4,1.85,0.564,5
DIST_165,STATE_09,2015,Wheat,58258.2,261227.2,4.484,1796.7,0.0,2.38,123.4,1.85,0.658,6
DIST_165,STATE_09,2016,Wheat,64421.9,320427.8,4.974,1870.4,35.2,1.33,123.4,1.85,0.609,7
DIST_165,STATE_09,2017,Wheat,62887.4,331369.3,5.269,2043.4,1.4,1.25,123.4,1.85,0.686,8
DIST_165,STATE_09,2018,Wheat,169635.5,907567.3,5.35,1862.5,45.5,2.04,123.4,1.85,0.661,9
DIST_165,STATE_09,2019,Wheat,127584.6,640784.4,5.022,1960.1,12.5,2.42,123.4,1.85,0.66,10
DIST_165,STATE_09,2020,Wheat,99571.8,528876.1,5.312,1998.3,42.4,2.73,123.4,1.85,0.653,11
DIST_165,STATE_09,2021,Wheat,87190.5,424250.1,4.866,1617.8,62.3,1.22,123.4,1.85,0.637,12
DIST_165,STATE_09,2022,Wheat,155684.1,645630.4,4.147,2140.9,75.4,2.38,123.4,1.85,0.567,13
DIST_165,STATE_09,2023,Wheat,150621.7,805518.8,5.348,1486.1,0.0,2.75,123.4,1.85,0.67,14
DIST_166,STATE_10,2009,Wheat,97214.0,452773.5,4.657,2029.1,16.7,2.08,128.9,1.73,0.598,0
DIST_166,STATE_10,2010,Wheat,111477.1,482790.4,4.331,2004.4,0.0,2.04,128.9,1.73,0.572,1
DIST_166,STATE_10,2011,Wheat,100171.3,439221.2,4.385,1771.0,17.0,1.55,128.9,1.73,0.624,2
DIST_166,STATE_10,2012,Wheat,93653.8,305245.9,3.259,1689.2,60.5,2.5,128.9,1.73,0.6,3
DIST_166,STATE_10,2013,Wheat,142023.9,614016.0,4.323,1803.0,34.1,1.91,128.9,1.73,0.593,4
DIST_166,STATE_10,2014,Wheat,164228.8,801030.6,4.878,1817.7,39.3,2.51,128.9,1.73,0.641,5
DIST_166,STATE_10,2015,Wheat,103498.1,528261.2,5.104,1813.2,33.7,1.3,128.9,1.73,0.661,6
DIST_166,STATE_10,2016,Wheat,125385.7,549262.1,4.381,1979.0,74.5,2.36,128.9,1.73,0.676,7
DIST_166,STATE_10,2017,Wheat,166199.5,905926.2,5.451,1721.0,24.5,1.82,128.9,1.73,0.656,8
DIST_166,STATE_10,2018,Wheat,119239.3,643838.3,5.4,1633.7,17.6,2.46,128.9,1.73,0.682,9
DIST_166,STATE_10,2019,Wheat,127384.9,597988.0,4.694,1569.0,12.8,1.22,128.9,1.73,0.607,10
DIST_166,STATE_10,2020,Wheat,138612.5,756935.0,5.461,2009.6,19.4,2.25,128.9,1.73,0.608,11
DIST_166,STATE_10,2021,Wheat,130586.4,713365.7,5.463,1540.3,16.8,2.45,128.9,1.73,0.684,12
DIST_166,STATE_10,2022,Wheat,81179.5,362450.0,4.465,1740.2,89.2,2.15,128.9,1.73,0.637,13
DIST_166,STATE_10,2023,Wheat,131161.4,649745.4,4.954,1865.8,25.4,1.51,128.9,1.73,0.636,14
DIST_167,STATE_11,2009,Wheat,88816.2,389642.1,4.387,1405.0,15.7,2.29,186.7,1.69,0.637,0
DIST_167,STATE_11,2010,Wheat,93488.3,415757.6,4.447,1741.0,39.2,1.55,186.7,1.69,0.641,1
DIST_167,STATE_11,2011,Wheat,149207.3,610254.1,4.09,1845.7,25.2,1.96,186.7,1.69,0.58,2
DIST_167,STATE_11,2012,Wheat,161825.5,566421.9,3.5,2030.0,81.1,2.95,186.7,1.69,0.586,3
DIST_167,STATE_11,2013,Wheat,96245.1,453883.7,4.716,1867.0,40.3,1.31,186.7,1.69,0.651,4
DIST_167,STATE_11,2014,Wheat,135689.3,673345.4,4.962,1629.3,35.8,1.98,186.7,1.69,0.634,5
DIST_167,STATE_11,2015,Wheat,77916.2,356162.3,4.571,1674.4,17.8,1.32,186.7,1.69,0.603,6
DIST_167,STATE_11,2016,Wheat,98560.2,480862.2,4.879,1809.5,37.4,2.21,186.7,1.69,0.627,7
DIST_167,STATE_11,2017,Wheat,64931.9,317854.9,4.895,1458.4,18.7,1.33,186.7,1.69,0.637,8
DIST_167,STATE_11,2018,Wheat,99833.2,533761.1,5.347,1869.3,35.8,2.06,186.7,1.69,0.649,9
DIST_167,STATE_11,2019,Wheat,64827.7,334360.1,5.158,1610.8,29.7,1.37,186.7,1.69,0.646,10
DIST_167,STATE_11,2020,Wheat,102128.3,548670.6,5.372,2142.7,7.9,1.45,186.7,1.69,0.625,11
DIST_167,STATE_11,2021,Wheat,87997.0,449873.1,5.112,1829.3,22.9,1.3,186.7,1.69,0.659,12
DIST_167,STATE_11,2022,Wheat,64675.1,284634.6,4.401,1626.0,60.4,2.44,186.7,1.69,0.619,13
DIST_167,STATE_11,2023,Wheat,47582.1,230582.5,4.846,2159.9,53.0,1.79,186.7,1.69,0.611,14
DIST_168,STATE_12,2009,Wheat,47949.9,197534.4,4.12,1652.0,30.0,1.43,128.8,1.11,0.623,0
DIST_168,STATE_12,2010,Wheat,139504.6,574287.8,4.117,1509.1,28.2,2.59,128.8,1.11,0.59,1
DIST_168,STATE_12,2011,Wheat,116029.3,403019.7,3.473,2005.4,0.0,2.17,128.8,1.11,0.639,2
DIST_168,STATE_12,2012,Wheat,171140.7,433546.2,2.533,1583.4,75.7,1.82,128.8,1.11,0.533,3
DIST_168,STATE_12,2013,Wheat,113248.1,500721.7,4.421,1906.0,39.3,1.48,128.8,1.11,0.593,4
DIST_168,STATE_12,2014,Wheat,118603.5,477736.9,4.028,1893.8,36.2,1.97,128.8,1.11,0.601,5
DIST_168,STATE_12,2015,Wheat,100347.3,464398.5,4.628,2016.9,44.6,1.5,128.8,1.11,0.675,6
DIST_168,STATE_12,2016,Wheat,167036.8,712566.7,4.266,2053.7,58.5,1.83,128.8,1.11,0.613,7
DIST_168,STATE_12,2017,Wheat,170645.0,756039.1,4.43,2066.8,23.9,1.42,128.8,1.11,0.624,8
DIST_168,STATE_12,2018,Wheat,120880.5,575593.9,4.762,2140.4,0.0,1.93,128.8,1.11,0.656,9
DIST_168,STATE_12,2019,Wheat,111703.6,498468.2,4.462,2049.9,0.0,1.37,128.8,1.11,0.652,10
DIST_168,STATE_12,2020,Wheat,144081.4,676808.4,4.697,2099.9,13.8,1.45,128.8,1.11,0.587,11
DIST_168,STATE_12,2021,Wheat,131528.5,580461.3,4.413,1892.0,25.7,2.09,128.8,1.11,0.622,12
DIST_168,STATE_12,2022,Wheat,134299.4,479288.5,3.569,2094.2,63.6,2.95,128.8,1.11,0.582,13
DIST_168,STATE_12,2023,Wheat,59699.0,269576.3,4.516,1791.4,25.1,1.79,128.8,1.11,0.671,14
DIST_169,STATE_01,2009,Wheat,120466.5,390285.3,3.24,1653.7,5.8,2.23,163.2,1.08,0.593,0
DIST_169,STATE_01,2010,Wheat,75958.1,221157.0,2.912,1516.2,35.6,1.49,163.2,1.08,0.583,1
DIST_169,STATE_01,2011,Wheat,133856.7,394771.5,2.949,1496.9,41.6,2.01,163.2,1.08,0.554,2
DIST_169,STATE_01,2012,Wheat,109144.9,255141.2,2.338,1710.2,66.6,2.41,163.2,1.08,0.528,3
DIST_169,STATE_01,2013,Wheat,147125.3,456766.3,3.105,1678.2,12.1,1.88,163.2,1.08,0.605,4
DIST_169,STATE_01,2014,Wheat,59696.2,203507.4,3.409,1448.0,26.3,2.17,163.2,1.08,0.487,5
DIST_169,STATE_01,2015,Wheat,132070.1,388444.2,2.941,1818.9,38.5,2.39,163.2,1.08,0.565,6
DIST_169,STATE_01,2016,Wheat,131346.2,334729.5,2.548,1754.0,21.1,1.93,163.2,1.08,0.58,7
DIST_169,STATE_01,2017,Wheat,82628.1,279332.1,3.381,1805.9,13.7,2.73,163.2,1.08,0.564,8
DIST_169,STATE_01,2018,Wheat,55596.5,221231.0,3.979,1948.9,9.4,2.11,163.2,1.08,0.574,9
DIST_169,STATE_01,2019,Wheat,140769.4,475564.2,3.378,1493.0,31.8,2.67,163.2,1.08,0.485,10
DIST_169,STATE_01,2020,Wheat,178701.9,735658.4,4.117,1910.1,17.2,1.4,163.2,1.08,0.701,11
DIST_169,STATE_01,2021,Wheat,114450.3,428747.8,3.746,1858.6,15.6,2.11,163.2,1.08,0.598,12
DIST_169,STATE_01,2022,Wheat,137130.8,380721.9,2.776,1524.8,48.6,2.51,163.2,1.08,0.574,13
DIST_169,STATE_01,2023,Wheat,61051.9,234902.3,3.848,1883.8,39.8,2.75,163.2,1.08,0.597,14
DIST_170,STATE_02,2009,Wheat,83865.0,360800.0,4.302,2034.2,16.6,2.16,167.4,1.02,0.605,0
DIST_170,STATE_02,2010,Wheat,131635.8,586567.1,4.456,2017.3,20.0,2.46,167.4,1.02,0.608,1
DIST_170,STATE_02,2011,Wheat,149565.6,630730.2,4.217,1702.1,34.5,2.06,167.4,1.02,0.619,2
DIST_170,STATE_02,2012,Wheat,92427.6,324453.7,3.51,1655.0,52.8,2.67,167.4,1.02,0.555,3
DIST_170,STATE_02,2013,Wheat,70203.7,312486.1,4.451,2007.0,34.3,2.39,167.4,1.02,0.62,4
DIST_170,STATE_02,2014,Wheat,127948.5,548097.4,4.284,1761.1,6.8,1.97,167.4,1.02,0.621,5
DIST_170,STATE_02,2015,Wheat,136725.4,603398.4,4.413,1745.8,53.5,1.73,167.4,1.02,0.592,6
DIST_170,STATE_02,2016,Wheat,48117.1,204163.8,4.243,1903.0,18.7,1.27,167.4,1.02,0.637,7
DIST_170,STATE_02,2017,Wheat,144705.2,669383.1,4.626,1645.7,11.3,2.12,167.4,1.02,0.594,8
DIST_170,STATE_02,2018,Wheat,142857.5,726104.8,5.083,1873.4,21.8,1.39,167.4,1.02,0.654,9
DIST_170,STATE_02,2019,Wheat,154811.1,702332.4,4.537,1694.6,7.3,1.7,167.4,1.02,0.63,10
DIST_170,STATE_02,2020,Wheat,148717.3,750830.9,5.049,1735.7,33.7,2.53,167.4,1.02,0.666,11
DIST_170,STATE_02,2021,Wheat,176207.3,822893.1,4.67,1962.1,16.2,2.53,167.4,1.02,0.616,12
DIST_170,STATE_02,2022,Wheat,102924.8,420983.3,4.09,1477.3,72.4,2.08,167.4,1.02,0.583,13
DIST_170,STATE_02,2023,Wheat,130257.5,637205.7,4.892,1639.7,32.9,1.95,167.4,1.02,0.625,14
DIST_171,STATE_03,2009,Wheat,127455.5,465356.7,3.651,1623.0,18.6,2.44,162.4,1.96,0.558,0
DIST_171,STATE_03,2010,Wheat,174261.2,613659.7,3.521,1726.0,35.0,1.66,162.4,1.96,0.551,1
DIST_171,STATE_03,2011,Wheat,66934.7,260924.0,3.898,1455.1,19.6,1.63,162.4,1.96,0.565,2
DIST_171,STATE_03,2012,Wheat,129690.5,344436.8,2.656,2009.1,74.0,2.07,162.4,1.96,0.527,3
DIST_171,STATE_03,2013,Wheat,136363.5,546807.1,4.01,1721.5,30.2,1.55,162.4,1.96,0.58,4
DIST_171,STATE_03,2014,Wheat,133194.2,502051.2,3.769,1588.8,8.8,1.49,162.4,1.96,0.588,5
DIST_171,STATE_03,2015,Wheat,102867.2,397571.7,3.865,1593.7,23.5,2.46,162.4,1.96,0.574,6
DIST_171,STATE_03,2016,Wheat,46293.7,192433.3,4.157,2111.5,31.4,1.75,162.4,1.96,0.539,7
DIST_171,STATE_03,2017,Wheat,93027.7,364427.3,3.917,2029.6,13.9,1.34,162.4,1.96,0.663,8
DIST_171,STATE_03,2018,Wheat,119456.6,557421.3,4.666,1935.3,42.1,2.71,162.4,1.96,0.558,9
DIST_171,STATE_03,2019,Wheat,65528.1,260996.6,3.983,2004.6,12.5,1.3,162.4,1.96,0.59,10
DIST_171,STATE_03,2020,Wheat,99847.1,455638.0,4.563,1486.4,17.7,2.73,162.4,1.96,0.637,11
DIST_171,STATE_03,2021,Wheat,77059.4,354716.3,4.603,1643.5,0.0,1.67,162.4,1.96,0.613,12
DIST_171,STATE_03,2022,Wheat,109997.5,358941.1,3.263,1923.4,72.2,2.21,162.4,1.96,0.528,13
DIST_171,STATE_03,2023,Wheat,148803.3,694811.4,4.669,1718.0,27.1,2.31,162.4,1.96,0.63,14
DIST_172,STATE_04,2009,Wheat,162734.9,531729.2,3.267,1761.7,16.4,1.81,158.0,0.76,0.564,0
DIST_172,STATE_04,2010,Wheat,98303.5,330544.5,3.362,1704.7,24.3,2.13,158.0,0.76,0.535,1
DIST_172,STATE_04,2011,Wheat,47505.0,151119.7,3.181,1836.9,16.7,2.49,158.0,0.76,0.528,2
DIST_172,STATE_04,2012,Wheat,164077.3,369029.7,2.249,1453.5,71.4,2.75,158.0,0.76,0.548,3
DIST_172,STATE_04,2013,Wheat,67486.4,244158.6,3.618,1454.2,16.2,1.83,158.0,0.76,0.596,4
DIST_172,STATE_04,2014,Wheat,114816.1,402043.3,3.502,1825.5,34.4,1.95,158.0,0.76,0.612,5
DIST_172,STATE_04,2015,Wheat,128433.0,394645.0,3.073,1832.8,46.9,1.83,158.0,0.76,0.537,6
DIST_172,STATE_04,2016,Wheat,122478.0,370743.4,3.027,1734.7,38.2,2.05,158.0,0.76,0.535,7
DIST_172,STATE_04,2017,Wheat,164463.3,565784.4,3.44,1968.7,15.9,1.72,158.0,0.76,0.575,8
DIST_172,STATE_04,2018,Wheat,117777.0,456396.6,3.875,2002.7,22.1,2.55,158.0,0.76,0.552,9
DIST_172,STATE_04,2019,Wheat,65004.0,200937.7,3.091,1483.3,16.5,2.37,158.0,0.76,0.567,10
DIST_172,STATE_04,2020,Wheat,71808.7,289901.7,4.037,1832.7,21.2,2.48,158.0,0.76,0.561,11
DIST_172,STATE_04,2021,Wheat,142716.9,481474.1,3.374,1590.7,23.1,2.38,158.0,0.76,0.49,12
DIST_172,STATE_04,2022,Wheat,140661.5,379876.2,2.701,1488.0,51.5,2.17,158.0,0.76,0.598,13
DIST_172,STATE_04,2023,Wheat,128950.6,495401.9,3.842,2002.4,39.1,2.51,158.0,0.76,0.625,14
DIST_173,STATE_05,2009,Wheat,81749.5,358324.9,4.383,1639.5,30.6,2.69,130.2,1.31,0.576,0
DIST_173,STATE_05,2010,Wheat,134598.8,584420.7,4.342,2098.5,33.3,1.53,130.2,1.31,0.633,1
DIST_173,STATE_05,2011,Wheat,165054.2,714468.4,4.329,1640.9,40.9,1.3,130.2,1.31,0.559,2
DIST_173,STATE_05,2012,Wheat,174209.4,469695.2,2.696,1898.7,67.3,3.12,130.2,1.31,0.591,3
DIST_173,STATE_05,2013,Wheat,158810.9,688409.5,4.335,1917.6,60.1,2.32,130.2,1.31,0.616,4
DIST_173,STATE_05,2014,Wheat,173293.8,803094.7,4.634,1750.7,16.0,2.32,130.2,1.31,0.649,5
DIST_173,STATE_05,2015,Wheat,118860.5,570257.4,4.798,2047.2,14.5,2.55,130.2,1.31,0.627,6
DIST_173,STATE_05,2016,Wheat,63703.9,303127.4,4.758,1456.5,31.7,2.69,130.2,1.31,0.638,7
DIST_173,STATE_05,2017,Wheat,156133.3,700342.7,4.486,1936.1,30.7,2.62,130.2,1.31,0.592,8
DIST_173,STATE_05,2018,Wheat,100824.8,503693.6,4.996,1755.0,47.6,1.52,130.2,1.31,0.653,9
DIST_173,STATE_05,2019,Wheat,166663.2,828069.2,4.969,2031.6,45.0,2.7,130.2,1.31,0.589,10
DIST_173,STATE_05,2020,Wheat,136486.0,673984.8,4.938,1684.7,46.4,1.95,130.2,1.31,0.653,11
DIST_173,STATE_05,2021,Wheat,156434.0,754947.9,4.826,1775.4,4.2,1.8,130.2,1.31,0.613,12
DIST_173,STATE_05,2022,Wheat,176099.2,746465.6,4.239,1866.7,64.8,2.58,130.2,1.31,0.581,13
DIST_173,STATE_05,2023,Wheat,173363.5,817838.9,4.717,1662.8,25.6,1.23,130.2,1.31,0.631,14
DIST_174,STATE_06,2009,Wheat,129072.8,376109.4,2.914,1478.3,13.5,1.46,94.2,1.17,0.503,0
DIST_174,STATE_06,2010,Wheat,51280.0,150357.3,2.932,1768.9,25.2,1.6,94.2,1.17,0.55,1
DIST_174,STATE_06,2011,Wheat,168544.0,501678.6,2.977,1916.9,28.6,2.76,94.2,1.17,0.563,2
DIST_174,STATE_06,2012,Wheat,127135.1,139848.6,1.1,1670.8,78.4,3.29,94.2,1.17,0.453,3
DIST_174,STATE_06,2013,Wheat,111837.5,416477.5,3.724,1722.4,21.1,1.86,94.2,1.17,0.518,4
DIST_174,STATE_06,2014,Wheat,146084.4,489104.8,3.348,2037.0,20.7,2.63,94.2,1.17,0.584,5
DIST_174,STATE_06,2015,Wheat,143112.1,436640.7,3.051,1643.3,8.9,1.28,94.2,1.17,0.603,6
DIST_174,STATE_06,2016,Wheat,89139.4,286562.4,3.215,1875.7,43.7,2.64,94.2,1.17,0.592,7
DIST_174,STATE_06,2017,Wheat,88055.0,278178.3,3.159,1742.5,21.3,2.34,94.2,1.17,0.585,8
DIST_174,STATE_06,2018,Wheat,154594.5,618505.2,4.001,1993.3,41.6,2.29,94.2,1.17,0.608,9
DIST_174,STATE_06,2019,Wheat,121824.9,431652.1,3.543,1591.9,40.4,2.68,94.2,1.17,0.547,10
DIST_174,STATE_06,2020,Wheat,56116.8,217150.4,3.87,2072.1,21.6,1.8,94.2,1.17,0.606,11
DIST_174,STATE_06,2021,Wheat,163416.4,543465.4,3.326,1535.3,42.9,1.26,94.2,1.17,0.551,12
DIST_174,STATE_06,2022,Wheat,53868.2,168088.9,3.12,1993.9,56.2,1.96,94.2,1.17,0.556,13
DIST_174,STATE_06,2023,Wheat,135531.8,530158.0,3.912,1627.8,31.5,2.1,94.2,1.17,0.549,14
DIST_175,STATE_07,2009,Wheat,129048.1,610823.1,4.733,2093.1,23.1,2.51,165.8,1.61,0.624,0
DIST_175,STATE_07,2010,Wheat,122203.2,546150.2,4.469,1910.0,46.8,1.65,165.8,1.61,0.624,1
DIST_175,STATE_07,2011,Wheat,89030.2,447327.9,5.024,1839.5,35.3,1.28,165.8,1.61,0.648,2
DIST_175,STATE_07,2012,Wheat,135630.1,486426.5,3.586,1997.2,61.2,3.06,165.8,1.61,0.58,3
DIST_175,STATE_07,2013,Wheat,144080.1,626312.8,4.347,1961.8,14.9,1.51,165.8,1.61,0.633,4
DIST_175,STATE_07,2014,Wheat,88083.8,449047.7,5.098,1498.3,33.6,2.35,165.8,1.61,0.616,5
DIST_175,STATE_07,2015,Wheat,64942.7,300837.6,4.632,1650.4,0.0,1.23,165.8,1.61,0.657,6
DIST_175,STATE_07,2016,Wheat,134060.1,634748.1,4.735,1504.0,16.8,2.1,165.8,1.61,0.62,7
DIST_175,STATE_07,2017,Wheat,68245.5,325190.4,4.765,1487.1,18.6,2.53,165.8,1.61,0.689,8
DIST_175,STATE_07,2018,Wheat,64538.9,331456.6,5.136,1659.5,13.6,1.85,165.8,1.61,0.675,9
DIST_175,STATE_07,2019,Wheat,171823.5,827874.1,4.818,1834.0,21.5,2.46,165.8,1.61,0.636,10
DIST_175,STATE_07,2020,Wheat,131769.0,688107.8,5.222,1563.8,57.0,1.86,165.8,1.61,0.685,11
DIST_175,STATE_07,2021,Wheat,137481.1,711443.3,5.175,1930.1,18.8,1.27,165.8,1.61,0.617,12
DIST_175,STATE_07,2022,Wheat,173599.1,719484.7,4.145,1649.9,69.2,3.07,165.8,1.61,0.578,13
DIST_175,STATE_07,2023,Wheat,176526.8,877476.9,4.971,2050.1,26.0,1.41,165.8,1.61,0.634,14
DIST_176,STATE_08,2009,Wheat,134029.8,511840.5,3.819,1441.5,36.0,1.5,136.1,1.85,0.631,0
DIST_176,STATE_08,2010,Wheat,101658.8,375989.7,3.699,1863.2,23.1,2.01,136.1,1.85,0.581,1
DIST_176,STATE_08,2011,Wheat,83796.3,347674.7,4.149,1664.4,23.5,1.54,136.1,1.85,0.638,2
DIST_176,STATE_08,2012,Wheat,152541.1,299317.2,1.962,1454.0,62.8,2.81,136.1,1.85,0.498,3
DIST_176,STATE_08,2013,Wheat,79690.8,288618.1,3.622,1635.0,36.3,2.16,136.1,1.85,0.615,4
DIST_176,STATE_08,2014,Wheat,112625.5,452318.8,4.016,1679.7,0.0,2.74,136.1,1.85,0.562,5
DIST_176,STATE_08,2015,Wheat,96865.5,359436.0,3.711,1810.8,34.8,2.18,136.1,1.85,0.627,6
DIST_176,STATE_08,2016,Wheat,148626.8,579362.8,3.898,1788.6,31.5,2.45,136.1,1.85,0.612,7
DIST_176,STATE_08,2017,Wheat,149250.6,613858.0,4.113,2088.6,20.2,1.3,136.1,1.85,0.573,8
DIST_176,STATE_08,2018,Wheat,66025.8,292146.8,4.425,1534.7,30.4,1.22,136.1,1.85,0.572,9
DIST_176,STATE_08,2019,Wheat,59200.4,260492.1,4.4,1676.0,7.8,2.54,136.1,1.85,0.577,10
DIST_176,STATE_08,2020,Wheat,140873.2,644111.3,4.572,1900.2,51.2,2.24,136.1,1.85,0.65,11
DIST_176,STATE_08,2021,Wheat,96077.7,400500.7,4.169,1993.4,33.3,2.04,136.1,1.85,0.582,12
DIST_176,STATE_08,2022,Wheat,75227.6,235400.7,3.129,1785.4,77.7,1.88,136.1,1.85,0.514,13
DIST_176,STATE_08,2023,Wheat,92678.4,425133.2,4.587,2048.9,28.9,2.14,136.1,1.85,0.623,14
DIST_177,STATE_09,2009,Wheat,128434.4,361047.2,2.811,1742.7,39.7,2.75,95.1,1.92,0.567,0
DIST_177,STATE_09,2010,Wheat,140695.7,400414.8,2.846,2079.0,12.7,2.16,95.1,1.92,0.556,1
DIST_177,STATE_09,2011,Wheat,98205.3,270044.6,2.75,1829.0,35.5,1.8,95.1,1.92,0.519,2
DIST_177,STATE_09,2012,Wheat,146316.7,160948.4,1.1,1415.9,65.1,2.92,95.1,1.92,0.522,3
DIST_177,STATE_09,2013,Wheat,106121.3,286353.4,2.698,1964.6,7.8,2.76,95.1,1.92,0.539,4
DIST_177,STATE_09,2014,Wheat,64326.1,215426.1,3.349,1655.3,10.6,1.91,95.1,1.92,0.565,5
DIST_177,STATE_09,2015,Wheat,66217.0,188897.0,2.853,1821.3,17.7,2.59,95.1,1.92,0.558,6
DIST_177,STATE_09,2016,Wheat,134282.2,415946.1,3.098,1763.1,15.4,2.0,95.1,1.92,0.569,7
DIST_177,STATE_09,2017,Wheat,128302.3,411418.2,3.207,1534.8,42.6,2.11,95.1,1.92,0.552,8
DIST_177,STATE_09,2018,Wheat,95324.9,340337.9,3.57,1614.9,43.3,1.9,95.1,1.92,0.583,9
DIST_177,STATE_09,2019,Wheat,122785.0,440865.3,3.591,1846.3,22.8,1.62,95.1,1.92,0.622,10
DIST_177,STATE_09,2020,Wheat,178743.9,674860.9,3.776,2072.3,53.3,2.4,95.1,1.92,0.525,11
DIST_177,STATE_09,2021,Wheat,69961.1,278919.2,3.987,1674.0,21.2,2.61,95.1,1.92,0.643,12
DIST_177,STATE_09,2022,Wheat,113626.9,331573.1,2.918,1917.9,85.0,3.28,95.1,1.92,0.556,13
DIST_177,STATE_09,2023,Wheat,95311.3,347775.5,3.649,1983.3,13.1,1.85,95.1,1.92,0.623,14
DIST_178,STATE_10,2009,Wheat,100455.5,417853.2,4.16,1782.0,38.9,2.65,144.0,0.73,0.602,0
DIST_178,STATE_10,2010,Wheat,141835.4,558995.2,3.941,1681.7,42.0,1.57,144.0,0.73,0.579,1
DIST_178,STATE_10,2011,Wheat,89790.0,363151.3,4.044,1732.5,23.6,2.64,144.0,0.73,0.607,2
DIST_178,STATE_10,2012,Wheat,70780.8,216975.2,3.065,1778.3,65.5,2.05,144.0,0.73,0.564,3
DIST_178,STATE_10,2013,Wheat,141203.8,521061.2,3.69,1777.8,17.2,1.46,144.0,0.73,0.576,4
DIST_178,STATE_10,2014,Wheat,143702.7,629624.1,4.381,1970.9,25.0,2.19,144.0,0.73,0.63,5
DIST_178,STATE_10,2015,Wheat,107556.8,493433.6,4.588,1736.4,7.7,2.57,144.0,0.73,0.622,6
DIST_178,STATE_10,2016,Wheat,111177.4,513316.0,4.617,1688.3,50.5,2.69,144.0,0.73,0.648,7
DIST_178,STATE_10,2017,Wheat,60769.7,274758.4,4.521,1701.6,43.1,1.42,144.0,0.73,0.629,8
DIST_178,STATE_10,2018,Wheat,133054.6,653842.4,4.914,1799.9,32.6,1.44,144.0,0.73,0.609,9
DIST_178,STATE_10,2019,Wheat,142863.3,622364.0,4.356,1562.2,40.8,1.93,144.0,0.73,0.645,10
DIST_178,STATE_10,2020,Wheat,87498.1,416068.1,4.755,1679.1,15.1,2.53,144.0,0.73,0.639,11
DIST_178,STATE_10,2021,Wheat,142087.2,621324.4,4.373,1928.0,33.6,2.4,144.0,0.73,0.601,12
DIST_178,STATE_10,2022,Wheat,94392.7,372774.1,3.949,2020.6,64.4,2.88,144.0,0.73,0.568,13
DIST_178,STATE_10,2023,Wheat,118818.3,514258.6,4.328,1541.7,4.3,2.21,144.0,0.73,0.645,14
DIST_179,STATE_11,2009,Wheat,73043.6,353329.9,4.837,1823.2,25.9,1.85,107.1,2.0,0.647,0
DIST_179,STATE_11,2010,Wheat,111759.6,561004.6,5.02,2044.1,5.7,2.17,107.1,2.0,0.622,1
DIST_179,STATE_11,2011,Wheat,110692.4,495334.9,4.475,2081.7,55.5,2.37,107.1,2.0,0.611,2
DIST_179,STATE_11,2012,Wheat,143072.8,349934.6,2.446,2055.5,65.7,2.19,107.1,2.0,0.562,3
DIST_179,STATE_11,2013,Wheat,84783.1,429205.4,5.062,1805.6,19.9,2.52,107.1,2.0,0.71,4
DIST_179,STATE_11,2014,Wheat,153462.2,756007.5,4.926,1766.7,28.8,1.81,107.1,2.0,0.634,5
DIST_179,STATE_11,2015,Wheat,78260.1,408924.0,5.225,1785.1,31.5,1.74,107.1,2.0,0.623,6
DIST_179,STATE_11,2016,Wheat,129202.5,661635.6,5.121,2022.4,34.9,2.41,107.1,2.0,0.657,7
DIST_179,STATE_11,2017,Wheat,70865.3,355754.3,5.02,2100.4,35.5,1.4,107.1,2.0,0.566,8
DIST_179,STATE_11,2018,Wheat,127512.9,695692.4,5.456,2143.4,42.4,1.55,107.1,2.0,0.652,9
DIST_179,STATE_11,2019,Wheat,172849.2,901822.4,5.217,1928.6,25.1,2.48,107.1,2.0,0.663,10
DIST_179,STATE_11,2020,Wheat,57359.5,319895.9,5.577,1534.2,12.8,1.37,107.1,2.0,0.64,11
DIST_179,STATE_11,2021,Wheat,108143.9,571382.2,5.284,1709.9,52.0,2.3,107.1,2.0,0.663,12
DIST_179,STATE_11,2022,Wheat,107685.2,474946.0,4.411,1743.5,64.0,2.11,107.1,2.0,0.64,13
DIST_179,STATE_11,2023,Wheat,159344.8,808704.5,5.075,1699.5,44.7,2.32,107.1,2.0,0.637,14
DIST_180,STATE_12,2009,Wheat,107219.0,368036.0,3.433,1977.4,29.5,1.23,171.7,2.05,0.629,0
DIST_180,STATE_12,2010,Wheat,170018.3,622692.7,3.663,1964.2,22.8,2.77,171.7,2.05,0.581,1
DIST_180,STATE_12,2011,Wheat,112980.4,406621.5,3.599,2003.3,29.8,2.69,171.7,2.05,0.612,2
DIST_180,STATE_12,2012,Wheat,165019.9,427252.5,2.589,1732.8,76.3,2.32,171.7,2.05,0.535,3
DIST_180,STATE_12,2013,Wheat,134483.1,432704.4,3.218,2116.5,25.6,1.24,171.7,2.05,0.535,4
DIST_180,STATE_12,2014,Wheat,147241.1,540463.6,3.671,1460.4,0.0,1.41,171.7,2.05,0.599,5
DIST_180,STATE_12,2015,Wheat,75196.2,274273.0,3.647,1622.6,35.3,2.14,171.7,2.05,0.572,6
DIST_180,STATE_12,2016,Wheat,89816.9,313258.8,3.488,2053.9,33.2,1.74,171.7,2.05,0.615,7
DIST_180,STATE_12,2017,Wheat,125302.1,516421.6,4.121,1989.1,32.2,2.4,171.7,2.05,0.549,8
DIST_180,STATE_12,2018,Wheat,72917.5,325096.8,4.458,1990.6,35.2,2.49,171.7,2.05,0.613,9
DIST_180,STATE_12,2019,Wheat,70984.9,307657.7,4.334,1519.8,32.7,2.24,171.7,2.05,0.621,10
DIST_180,STATE_12,2020,Wheat,171211.0,737537.8,4.308,2147.4,54.7,2.44,171.7,2.05,0.569,11
DIST_180,STATE_12,2021,Wheat,138410.7,573755.8,4.145,2083.1,10.6,2.6,171.7,2.05,0.604,12
DIST_180,STATE_12,2022,Wheat,102683.0,322594.1,3.142,1760.6,76.3,2.11,171.7,2.05,0.577,13
DIST_180,STATE_12,2023,Wheat,174559.3,781648.6,4.478,1646.6,24.8,1.34,171.7,2.05,0.594,14
DIST_181,STATE_01,2009,Wheat,166312.6,543385.2,3.267,1874.1,0.0,2.19,102.6,0.94,0.594,0
DIST_181,STATE_01,2010,Wheat,163485.4,581117.7,3.555,1854.8,26.3,1.64,102.6,0.94,0.61,1
DIST_181,STATE_01,2011,Wheat,167328.6,584651.4,3.494,1438.1,40.4,1.84,102.6,0.94,0.583,2
DIST_181,STATE_01,2012,Wheat,162398.3,241703.4,1.488,1958.1,84.9,2.71,102.6,0.94,0.493,3
DIST_181,STATE_01,2013,Wheat,96958.7,317741.8,3.277,1967.9,14.6,1.64,102.6,0.94,0.515,4
DIST_181,STATE_01,2014,Wheat,65206.5,224219.5,3.439,1947.1,26.8,1.5,102.6,0.94,0.597,5
DIST_181,STATE_01,2015,Wheat,57595.7,200606.4,3.483,1736.2,16.8,2.62,102.6,0.94,0.585,6
DIST_181,STATE_01,2016,Wheat,89844.2,370935.1,4.129,2020.7,6.5,2.35,102.6,0.94,0.642,7
DIST_181,STATE_01,2017,Wheat,171965.8,606976.6,3.53,1505.2,19.6,2.0,102.6,0.94,0.522,8
DIST_181,STATE_01,2018,Wheat,85584.6,359268.6,4.198,1912.1,39.9,1.38,102.6,0.94,0.662,9
DIST_181,STATE_01,2019,Wheat,111290.2,364761.3,3.278,2095.3,19.7,1.97,102.6,0.94,0.568,10
DIST_181,STATE_01,2020,Wheat,150308.2,661235.5,4.399,1814.4,20.7,1.6,102.6,0.94,0.687,11
DIST_181,STATE_01,2021,Wheat,179982.6,644730.9,3.582,1910.9,23.7,1.77,102.6,0.94,0.64,12
DIST_181,STATE_01,2022,Wheat,111815.9,332447.1,2.973,2161.3,58.8,2.79,102.6,0.94,0.555,13
DIST_181,STATE_01,2023,Wheat,111721.9,483783.0,4.33,1490.1,13.1,2.19,102.6,0.94,0.634,14
DIST_182,STATE_02,2009,Wheat,147731.4,570163.1,3.859,1904.7,53.6,1.35,160.9,0.93,0.576,0
DIST_182,STATE_02,2010,Wheat,103851.2,425921.8,4.101,2094.8,23.1,1.29,160.9,0.93,0.62,1
DIST_182,STATE_02,2011,Wheat,112572.9,495233.3,4.399,2089.6,8.6,2.64,160.9,0.93,0.64,2
DIST_182,STATE_02,2012,Wheat,154920.7,451554.5,2.915,1687.2,75.8,1.93,160.9,0.93,0.584,3
DIST_182,STATE_02,2013,Wheat,100609.6,382605.1,3.803,1539.2,33.0,1.24,160.9,0.93,0.596,4
DIST_182,STATE_02,2014,Wheat,110010.7,413462.0,3.758,1776.0,37.1,2.33,160.9,0.93,0.555,5
DIST_182,STATE_02,2015,Wheat,131943.1,578158.0,4.382,1929.1,20.2,1.64,160.9,0.93,0.609,6
DIST_182,STATE_02,2016,Wheat,95504.2,405266.6,4.243,1897.9,38.7,1.42,160.9,0.93,0.619,7
DIST_182,STATE_02,2017,Wheat,97595.4,394091.0,4.038,1450.6,22.7,2.64,160.9,0.93,0.635,8
DIST_182,STATE_02,2018,Wheat,75706.8,342800.5,4.528,1626.6,26.4,1.82,160.9,0.93,0.605,9
DIST_182,STATE_02,2019,Wheat,72628.2,338309.2,4.658,1495.5,26.7,1.91,160.9,0.93,0.619,10
DIST_182,STATE_02,2020,Wheat,137108.8,669709.1,4.885,1549.8,31.3,2.35,160.9,0.93,0.616,11
DIST_182,STATE_02,2021,Wheat,46633.2,198984.8,4.267,1661.7,22.0,1.21,160.9,0.93,0.596,12
DIST_182,STATE_02,2022,Wheat,59077.5,231063.2,3.911,2092.5,48.2,2.64,160.9,0.93,0.589,13
DIST_182,STATE_02,2023,Wheat,136414.6,636144.6,4.663,1613.3,10.7,1.2,160.9,0.93,0.634,14
DIST_183,STATE_03,2009,Wheat,99088.4,449911.8,4.541,1894.2,7.1,2.11,145.5,1.99,0.59,0
DIST_183,STATE_03,2010,Wheat,69331.5,360518.4,5.2,1762.3,8.0,1.52,145.5,1.99,0.646,1
DIST_183,STATE_03,2011,Wheat,87870.3,398034.8,4.53,1514.0,0.3,1.21,145.5,1.99,0.625,2
DIST_183,STATE_03,2012,Wheat,54295.8,191930.9,3.535,1497.4,69.9,3.17,145.5,1.99,0.611,3
DIST_183,STATE_03,2013,Wheat,166266.4,852597.8,5.128,1733.6,10.6,1.47,145.5,1.99,0.636,4
DIST_183,STATE_03,2014,Wheat,108133.8,495346.8,4.581,1725.4,15.0,2.23,145.5,1.99,0.669,5
DIST_183,STATE_03,2015,Wheat,74082.0,379958.3,5.129,2010.2,28.1,1.37,145.5,1.99,0.663,6
DIST_183,STATE_03,2016,Wheat,146368.5,761519.8,5.203,1460.7,28.1,2.48,145.5,1.99,0.635,7
DIST_183,STATE_03,2017,Wheat,122913.2,625539.7,5.089,1625.5,41.2,1.37,145.5,1.99,0.69,8
DIST_183,STATE_03,2018,Wheat,169733.9,970330.7,5.717,1557.8,0.0,1.94,145.5,1.99,0.698,9
DIST_183,STATE_03,2019,Wheat,48903.1,247922.7,5.07,2137.1,4.9,2.2,145.5,1.99,0.568,10
DIST_183,STATE_03,2020,Wheat,96314.3,554782.0,5.76,1706.9,25.2,1.94,145.5,1.99,0.644,11
DIST_183,STATE_03,2021,Wheat,120141.8,630366.1,5.247,2049.9,30.2,2.69,145.5,1.99,0.683,12
DIST_183,STATE_03,2022,Wheat,177742.9,829562.0,4.667,1672.4,80.3,2.31,145.5,1.99,0.586,13
DIST_183,STATE_03,2023,Wheat,128419.0,656485.4,5.112,1663.0,39.3,1.28,145.5,1.99,0.661,14
DIST_184,STATE_04,2009,Wheat,165171.1,585127.2,3.543,1521.1,25.7,2.34,108.9,1.03,0.604,0
DIST_184,STATE_04,2010,Wheat,174400.0,530530.2,3.042,1591.3,16.9,1.67,108.9,1.03,0.55,1
DIST_184,STATE_04,2011,Wheat,76489.8,237191.4,3.101,1859.6,57.4,1.4,108.9,1.03,0.508,2
DIST_184,STATE_04,2012,Wheat,150852.8,170076.0,1.127,1430.1,60.3,2.97,108.9,1.03,0.478,3
DIST_184,STATE_04,2013,Wheat,76914.5,259198.9,3.37,1739.4,29.0,1.5,108.9,1.03,0.585,4
DIST_184,STATE_04,2014,Wheat,52199.7,142574.0,2.731,1925.4,44.0,1.63,108.9,1.03,0.552,5
DIST_184,STATE_04,2015,Wheat,70670.8,241945.9,3.424,1903.9,44.4,2.34,108.9,1.03,0.576,6
DIST_184,STATE_04,2016,Wheat,81634.8,283476.5,3.472,1913.6,32.1,1.47,108.9,1.03,0.518,7
DIST_184,STATE_04,2017,Wheat,173679.7,662414.2,3.814,2129.8,18.9,1.88,108.9,1.03,0.613,8
DIST_184,STATE_04,2018,Wheat,113488.0,429198.2,3.782,1535.7,44.5,2.59,108.9,1.03,0.628,9
DIST_184,STATE_04,2019,Wheat,66434.8,209872.7,3.159,1594.3,25.2,1.99,108.9,1.03,0.526,10
DIST_184,STATE_04,2020,Wheat,143984.6,553196.5,3.842,1708.2,16.7,2.1,108.9,1.03,0.561,11
DIST_184,STATE_04,2021,Wheat,115955.3,415314.5,3.582,1557.3,51.6,2.66,108.9,1.03,0.588,12
DIST_184,STATE_04,2022,Wheat,117505.0,370316.4,3.151,1905.5,77.3,3.29,108.9,1.03,0.601,13
DIST_184,STATE_04,2023,Wheat,99971.0,382256.5,3.824,1693.8,7.5,1.77,108.9,1.03,0.587,14
DIST_185,STATE_05,2009,Wheat,179593.2,830345.4,4.623,1521.4,10.3,1.43,93.8,0.83,0.659,0
DIST_185,STATE_05,2010,Wheat,111757.8,548237.2,4.906,2099.0,9.1,2.67,93.8,0.83,0.569,1
DIST_185,STATE_05,2011,Wheat,100061.5,463429.7,4.631,1701.5,26.2,2.74,93.8,0.83,0.674,2
DIST_185,STATE_05,2012,Wheat,148955.3,375405.0,2.52,1859.5,88.5,2.08,93.8,0.83,0.55,3
DIST_185,STATE_05,2013,Wheat,145152.5,728428.3,5.018,2117.6,32.4,2.72,93.8,0.83,0.652,4
DIST_185,STATE_05,2014,Wheat,123376.5,605754.7,4.91,1655.5,7.0,2.54,93.8,0.83,0.658,5
DIST_185,STATE_05,2015,Wheat,179615.2,932488.1,5.192,1611.6,30.5,1.7,93.8,0.83,0.696,6
DIST_185,STATE_05,2016,Wheat,118621.6,628836.0,5.301,1589.0,30.3,1.74,93.8,0.83,0.659,7
DIST_185,STATE_05,2017,Wheat,45760.5,230059.2,5.027,2130.0,33.1,1.83,93.8,0.83,0.638,8
DIST_185,STATE_05,2018,Wheat,75286.9,399191.8,5.302,2106.7,25.4,1.32,93.8,0.83,0.641,9
DIST_185,STATE_05,2019,Wheat,161036.4,807665.1,5.015,1863.7,21.2,2.64,93.8,0.83,0.706,10
DIST_185,STATE_05,2020,Wheat,110375.2,619456.5,5.612,2047.2,27.4,2.23,93.8,0.83,0.68,11
DIST_185,STATE_05,2021,Wheat,70791.1,381033.9,5.383,1915.1,30.5,2.28,93.8,0.83,0.614,12
DIST_185,STATE_05,2022,Wheat,49123.2,205011.5,4.173,1528.9,67.4,3.01,93.8,0.83,0.583,13
DIST_185,STATE_05,2023,Wheat,166078.6,902965.7,5.437,1696.0,35.5,1.34,93.8,0.83,0.683,14
DIST_186,STATE_06,2009,Wheat,53613.6,204495.9,3.814,1941.6,23.6,2.39,128.0,2.04,0.589,0
DIST_186,STATE_06,2010,Wheat,140533.3,547519.2,3.896,1779.4,11.1,2.44,128.0,2.04,0.544,1
DIST_186,STATE_06,2011,Wheat,144105.6,546809.4,3.795,1822.4,41.2,2.61,128.0,2.04,0.594,2
DIST_186,STATE_06,2012,Wheat,113534.1,256563.6,2.26,1706.0,84.2,2.96,128.0,2.04,0.525,3
DIST_186,STATE_06,2013,Wheat,179447.4,681558.1,3.798,1836.9,10.6,2.46,128.0,2.04,0.57,4
DIST_186,STATE_06,2014,Wheat,95199.7,388084.6,4.077,1931.9,67.0,2.34,128.0,2.04,0.601,5
DIST_186,STATE_06,2015,Wheat,64817.2,235596.7,3.635,1634.3,38.3,2.01,128.0,2.04,0.608,6
DIST_186,STATE_06,2016,Wheat,52217.9,176932.5,3.388,1791.8,33.7,1.88,128.0,2.04,0.507,7
DIST_186,STATE_06,2017,Wheat,69943.3,282414.2,4.038,1917.0,20.8,2.68,128.0,2.04,0.631,8
DIST_186,STATE_06,2018,Wheat,111661.5,469227.1,4.202,1764.9,26.6,1.21,128.0,2.04,0.544,9
DIST_186,STATE_06,2019,Wheat,135422.8,511185.0,3.775,2106.8,21.2,1.91,128.0,2.04,0.571,10
DIST_186,STATE_06,2020,Wheat,149599.3,661881.5,4.424,1765.4,25.6,2.13,128.0,2.04,0.646,11
DIST_186,STATE_06,2021,Wheat,76748.0,304764.4,3.971,1761.5,16.6,2.69,128.0,2.04,0.555,12
DIST_186,STATE_06,2022,Wheat,96842.0,336297.0,3.473,1901.3,71.5,2.4,128.0,2.04,0.613,13
DIST_186,STATE_06,2023,Wheat,77647.7,285250.8,3.674,1525.2,21.0,2.44,128.0,2.04,0.565,14
DIST_187,STATE_07,2009,Wheat,98897.3,447808.1,4.528,1680.6,19.8,1.85,151.1,1.88,0.607,0
DIST_187,STATE_07,2010,Wheat,88105.5,369921.4,4.199,1457.3,35.8,1.74,151.1,1.88,0.594,1
DIST_187,STATE_07,2011,Wheat,179541.1,816809.7,4.549,1572.6,12.0,1.65,151.1,1.88,0.572,2
DIST_187,STATE_07,2012,Wheat,177505.3,514661.0,2.899,1985.3,71.0,2.2,151.1,1.88,0.511,3
DIST_187,STATE_07,2013,Wheat,165252.3,730469.3,4.42,2060.2,52.2,1.46,151.1,1.88,0.587,4
DIST_187,STATE_07,2014,Wheat,97029.4,494566.5,5.097,1675.3,10.3,1.2,151.1,1.88,0.647,5
DIST_187,STATE_07,2015,Wheat,175877.6,822978.2,4.679,1933.5,0.0,2.8,151.1,1.88,0.636,6
DIST_187,STATE_07,2016,Wheat,137124.8,701692.4,5.117,2026.7,37.7,1.22,151.1,1.88,0.663,7
DIST_187,STATE_07,2017,Wheat,165844.7,738585.3,4.453,1919.7,0.0,2.38,151.1,1.88,0.583,8
DIST_187,STATE_07,2018,Wheat,126952.8,669973.6,5.277,1649.0,26.4,2.46,151.1,1.88,0.673,9
DIST_187,STATE_07,2019,Wheat,163068.2,761345.7,4.669,1485.1,7.7,2.02,151.1,1.88,0.674,10
DIST_187,STATE_07,2020,Wheat,74574.0,386562.3,5.184,2103.3,23.2,2.11,151.1,1.88,0.605,11
DIST_187,STATE_07,2021,Wheat,164555.9,884942.4,5.378,1988.6,23.5,2.61,151.1,1.88,0.654,12
DIST_187,STATE_07,2022,Wheat,170763.0,716188.0,4.194,1811.9,63.5,2.89,151.1,1.88,0.612,13
DIST_187,STATE_07,2023,Wheat,61018.5,286753.4,4.699,1572.8,5.0,1.5,151.1,1.88,0.648,14
DIST_188,STATE_08,2009,Wheat,124798.3,440663.9,3.531,1737.3,47.6,1.51,162.4,0.72,0.572,0
DIST_188,STATE_08,2010,Wheat,91992.0,318562.2,3.463,1563.1,26.7,2.35,162.4,0.72,0.626,1
DIST_188,STATE_08,2011,Wheat,114564.9,422035.9,3.684,1470.5,36.1,2.65,162.4,0.72,0.601,2
DIST_188,STATE_08,2012,Wheat,146734.0,370620.2,2.526,1941.4,65.9,1.81,162.4,0.72,0.531,3
DIST_188,STATE_08,2013,Wheat,179716.2,668009.4,3.717,1721.7,0.0,2.36,162.4,0.72,0.557,4
DIST_188,STATE_08,2014,Wheat,52898.5,211414.3,3.997,1807.2,36.7,1.81,162.4,0.72,0.589,5
DIST_188,STATE_08,2015,Wheat,52152.1,213439.3,4.093,1484.9,49.6,1.23,162.4,0.72,0.642,6
DIST_188,STATE_08,2016,Wheat,68322.0,255988.6,3.747,1859.1,38.8,2.48,162.4,0.72,0.568,7
DIST_188,STATE_08,2017,Wheat,83416.5,334060.5,4.005,2006.6,48.0,1.5,162.4,0.72,0.572,8
DIST_188,STATE_08,2018,Wheat,137641.9,617304.0,4.485,1901.8,16.3,1.86,162.4,0.72,0.54,9
DIST_188,STATE_08,2019,Wheat,124491.4,512134.7,4.114,1585.0,21.1,1.56,162.4,0.72,0.572,10
DIST_188,STATE_08,2020,Wheat,165489.1,728629.9,4.403,1826.5,54.4,2.72,162.4,0.72,0.609,11
DIST_188,STATE_08,2021,Wheat,85115.2,329880.0,3.876,1797.7,28.9,2.31,162.4,0.72,0.6,12
DIST_188,STATE_08,2022,Wheat,105580.0,346763.7,3.284,2069.1,45.9,3.09,162.4,0.72,0.583,13
DIST_188,STATE_08,2023,Wheat,55204.0,233678.6,4.233,1472.4,45.9,2.21,162.4,0.72,0.558,14
DIST_189,STATE_09,2009,Wheat,125687.1,520717.5,4.143,1542.0,43.7,1.89,102.5,0.86,0.614,0
DIST_189,STATE_09,2010,Wheat,47508.3,207332.8,4.364,2072.5,17.8,2.19,102.5,0.86,0.633,1
DIST_189,STATE_09,2011,Wheat,100377.7,317198.3,3.16,1994.9,28.2,1.81,102.5,0.86,0.561,2
DIST_189,STATE_09,2012,Wheat,72502.5,135620.2,1.871,1867.5,62.2,2.8,102.5,0.86,0.531,3
DIST_189,STATE_09,2013,Wheat,137457.2,502994.1,3.659,1746.6,41.8,2.76,102.5,0.86,0.538,4
DIST_189,STATE_09,2014,Wheat,107676.0,386908.2,3.593,1478.4,5.5,2.09,102.5,0.86,0.558,5
DIST_189,STATE_09,2015,Wheat,107944.7,434964.1,4.03,1432.4,11.7,1.24,102.5,0.86,0.593,6
DIST_189,STATE_09,2016,Wheat,82524.4,347557.7,4.212,1780.5,3.4,1.9,102.5,0.86,0.634,7
DIST_189,STATE_09,2017,Wheat,62076.3,244788.2,3.943,1477.2,35.7,2.0,102.5,0.86,0.63,8
DIST_189,STATE_09,2018,Wheat,112150.5,520411.7,4.64,1750.9,24.9,2.05,102.5,0.86,0.549,9
DIST_189,STATE_09,2019,Wheat,95979.9,439138.3,4.575,1739.5,40.1,1.8,102.5,0.86,0.552,10
DIST_189,STATE_09,2020,Wheat,139008.8,681006.6,4.899,2084.1,52.0,2.33,102.5,0.86,0.636,11
DIST_189,STATE_09,2021,Wheat,175079.3,780137.6,4.456,1570.7,26.6,2.77,102.5,0.86,0.598,12
DIST_189,STATE_09,2022,Wheat,73625.9,271135.9,3.683,1830.1,49.8,2.84,102.5,0.86,0.618,13
DIST_189,STATE_09,2023,Wheat,95158.1,402332.3,4.228,1746.2,6.9,1.36,102.5,0.86,0.587,14
DIST_190,STATE_10,2009,Wheat,178447.9,902783.6,5.059,1897.0,0.0,2.03,182.7,0.64,0.654,0
DIST_190,STATE_10,2010,Wheat,57552.3,290329.3,5.045,1839.8,2.4,1.64,182.7,0.64,0.641,1
DIST_190,STATE_10,2011,Wheat,123090.4,583393.7,4.74,1708.6,11.4,2.02,182.7,0.64,0.635,2
DIST_190,STATE_10,2012,Wheat,53154.3,204005.0,3.838,1839.8,79.1,2.02,182.7,0.64,0.614,3
DIST_190,STATE_10,2013,Wheat,172778.6,832595.6,4.819,1470.2,38.4,1.98,182.7,0.64,0.587,4
DIST_190,STATE_10,2014,Wheat,149136.3,760806.4,5.101,1863.8,25.7,1.99,182.7,0.64,0.636,5
DIST_190,STATE_10,2015,Wheat,118044.6,581836.5,4.929,1651.6,33.8,2.44,182.7,0.64,0.629,6
DIST_190,STATE_10,2016,Wheat,153753.9,799527.3,5.2,1783.9,34.4,2.02,182.7,0.64,0.642,7
DIST_190,STATE_10,2017,Wheat,80266.6,449359.0,5.598,1667.4,19.3,2.69,182.7,0.64,0.691,8
DIST_190,STATE_10,2018,Wheat,118411.7,645231.0,5.449,2125.0,32.8,1.71,182.7,0.64,0.657,9
DIST_190,STATE_10,2019,Wheat,97355.8,474599.8,4.875,1561.7,47.0,2.57,182.7,0.64,0.644,10
DIST_190,STATE_10,2020,Wheat,50961.1,291038.5,5.711,1565.3,11.9,1.59,182.7,0.64,0.619,11
DIST_190,STATE_10,2021,Wheat,81898.1,433095.4,5.288,2017.2,14.0,1.21,182.7,0.64,0.679,12
DIST_190,STATE_10,2022,Wheat,73224.6,311971.1,4.26,2161.2,83.7,2.94,182.7,0.64,0.583,13
DIST_190,STATE_10,2023,Wheat,118680.0,677007.2,5.704,1927.7,47.3,1.33,182.7,0.64,0.692,14
DIST_191,STATE_11,2009,Wheat,94461.8,332809.4,3.523,1745.4,21.8,1.3,133.4,0.99,0.556,0
DIST_191,STATE_11,2010,Wheat,126513.1,476107.7,3.763,1775.8,41.9,1.45,133.4,0.99,0.596,1
DIST_191,STATE_11,2011,Wheat,129865.2,448857.8,3.456,2052.2,38.8,1.71,133.4,0.99,0.568,2
DIST_191,STATE_11,2012,Wheat,53400.1,141492.7,2.65,1476.3,66.9,2.39,133.4,0.99,0.579,3
DIST_191,STATE_11,2013,Wheat,162482.6,569975.6,3.508,1969.3,10.8,2.34,133.4,0.99,0.581,4
DIST_191,STATE_11,2014,Wheat,158733.0,576588.4,3.632,1661.8,21.5,1.55,133.4,0.99,0.547,5
DIST_191,STATE_11,2015,Wheat,123249.9,432977.0,3.513,1943.4,27.1,2.72,133.4,0.99,0.559,6
DIST_191,STATE_11,2016,Wheat,173272.7,692956.9,3.999,1623.4,21.4,2.41,133.4,0.99,0.622,7
DIST_191,STATE_11,2017,Wheat,152651.7,568520.5,3.724,1613.0,38.0,1.77,133.4,0.99,0.605,8
DIST_191,STATE_11,2018,Wheat,57415.2,244273.5,4.255,1847.8,45.6,1.65,133.4,0.99,0.536,9
DIST_191,STATE_11,2019,Wheat,107572.7,431987.7,4.016,1815.4,6.2,2.72,133.4,0.99,0.646,10
DIST_191,STATE_11,2020,Wheat,179526.0,777102.8,4.329,1996.0,48.2,2.6,133.4,0.99,0.613,11
DIST_191,STATE_11,2021,Wheat,115481.3,399410.1,3.459,1595.9,34.2,1.46,133.4,0.99,0.585,12
DIST_191,STATE_11,2022,Wheat,144659.6,523036.2,3.616,1656.2,92.2,2.22,133.4,0.99,0.611,13
DIST_191,STATE_11,2023,Wheat,162314.9,692260.7,4.265,2004.3,44.9,2.59,133.4,0.99,0.605,14
DIST_192,STATE_12,2009,Wheat,89169.1,405087.2,4.543,1637.7,22.4,2.46,136.8,1.87,0.647,0
DIST_192,STATE_12,2010,Wheat,57084.6,295715.4,5.18,1749.9,31.5,2.64,136.8,1.87,0.629,1
DIST_192,STATE_12,2011,Wheat,68255.7,299880.0,4.393,1921.0,17.2,2.26,136.8,1.87,0.582,2
DIST_192,STATE_12,2012,Wheat,144707.1,510435.6,3.527,2087.8,75.3,2.07,136.8,1.87,0.56,3
DIST_192,STATE_12,2013,Wheat,63347.5,305733.9,4.826,1643.8,23.8,1.75,136.8,1.87,0.639,4
DIST_192,STATE_12,2014,Wheat,176244.7,897894.5,5.095,1844.4,13.5,1.71,136.8,1.87,0.607,5
DIST_192,STATE_12,2015,Wheat,116659.1,621333.7,5.326,1699.8,7.1,1.44,136.8,1.87,0.657,6
DIST_192,STATE_12,2016,Wheat,60187.2,301126.3,5.003,1942.0,14.8,2.5,136.8,1.87,0.633,7
DIST_192,STATE_12,2017,Wheat,165782.0,787274.4,4.749,1471.7,31.7,1.52,136.8,1.87,0.653,8
DIST_192,STATE_12,2018,Wheat,53373.4,292412.4,5.479,2045.7,40.0,1.7,136.8,1.87,0.659,9
DIST_192,STATE_12,2019,Wheat,167880.7,815317.9,4.857,1480.5,31.1,1.88,136.8,1.87,0.677,10
DIST_192,STATE_12,2020,Wheat,175386.3,1008566.7,5.751,1615.4,14.6,2.12,136.8,1.87,0.725,11
DIST_192,STATE_12,2021,Wheat,169185.7,931265.9,5.504,1758.8,36.1,1.67,136.8,1.87,0.625,12
DIST_192,STATE_12,2022,Wheat,101698.1,456233.2,4.486,1572.1,97.2,2.45,136.8,1.87,0.647,13
DIST_192,STATE_12,2023,Wheat,111599.0,618848.6,5.545,1585.7,45.6,1.86,136.8,1.87,0.648,14
DIST_193,STATE_01,2009,Wheat,54053.9,214442.9,3.967,1752.1,26.9,2.0,140.7,0.96,0.627,0
DIST_193,STATE_01,2010,Wheat,143251.9,657904.5,4.593,1691.7,41.5,1.87,140.7,0.96,0.678,1
DIST_193,STATE_01,2011,Wheat,71040.7,324488.7,4.568,2044.0,26.9,1.29,140.7,0.96,0.587,2
DIST_193,STATE_01,2012,Wheat,62715.4,188844.9,3.011,2032.6,54.9,3.03,140.7,0.96,0.541,3
DIST_193,STATE_01,2013,Wheat,170949.1,859962.2,5.031,2001.5,53.6,2.11,140.7,0.96,0.639,4
DIST_193,STATE_01,2014,Wheat,107381.4,442593.3,4.122,1479.7,38.6,1.77,140.7,0.96,0.609,5
DIST_193,STATE_01,2015,Wheat,175013.7,809381.2,4.625,1819.0,6.8,2.31,140.7,0.96,0.635,6
DIST_193,STATE_01,2016,Wheat,135229.1,622383.1,4.602,1652.2,19.6,1.28,140.7,0.96,0.607,7
DIST_193,STATE_01,2017,Wheat,53519.2,263171.3,4.917,1492.4,14.2,2.44,140.7,0.96,0.618,8
DIST_193,STATE_01,2018,Wheat,153633.9,778315.8,5.066,1566.7,54.6,2.24,140.7,0.96,0.638,9
DIST_193,STATE_01,2019,Wheat,75850.9,376321.7,4.961,1795.6,27.6,2.61,140.7,0.96,0.656,10
DIST_193,STATE_01,2020,Wheat,70682.4,362693.9,5.131,1776.2,5.7,2.18,140.7,0.96,0.618,11
DIST_193,STATE_01,2021,Wheat,127830.5,589476.0,4.611,2122.0,41.3,1.79,140.7,0.96,0.643,12
DIST_193,STATE_01,2022,Wheat,106326.1,452313.0,4.254,2030.0,87.8,3.28,140.7,0.96,0.604,13
DIST_193,STATE_01,2023,Wheat,62690.7,305680.1,4.876,2079.5,9.3,1.24,140.7,0.96,0.604,14
DIST_194,STATE_02,2009,Wheat,176264.4,829852.4,4.708,1748.0,14.6,1.56,156.9,1.97,0.608,0
DIST_194,STATE_02,2010,Wheat,131677.7,648849.5,4.928,1870.7,16.7,1.8,156.9,1.97,0.64,1
DIST_194,STATE_02,2011,Wheat,59237.9,313106.6,5.286,1968.0,20.8,1.43,156.9,1.97,0.576,2
DIST_194,STATE_02,2012,Wheat,83360.2,290507.4,3.485,1963.1,84.4,2.01,156.9,1.97,0.628,3
DIST_194,STATE_02,2013,Wheat,157474.6,763361.4,4.848,1676.5,6.7,2.41,156.9,1.97,0.675,4
DIST_194,STATE_02,2014,Wheat,176796.7,883621.3,4.998,1592.9,30.0,2.51,156.9,1.97,0.667,5
DIST_194,STATE_02,2015,Wheat,75790.1,370329.2,4.886,1479.0,52.9,2.06,156.9,1.97,0.663,6
DIST_194,STATE_02,2016,Wheat,148812.8,749469.7,5.036,1632.1,9.3,2.47,156.9,1.97,0.61,7
DIST_194,STATE_02,2017,Wheat,115976.0,563079.4,4.855,1603.5,33.7,2.49,156.9,1.97,0.666,8
DIST_194,STATE_02,2018,Wheat,156260.2,876155.5,5.607,1678.3,19.3,1.9,156.9,1.97,0.642,9
DIST_194,STATE_02,2019,Wheat,173008.0,924503.3,5.344,1851.5,43.7,2.59,156.9,1.97,0.653,10
DIST_194,STATE_02,2020,Wheat,170180.4,979097.4,5.753,1500.3,28.5,1.77,156.9,1.97,0.64,11
DIST_194,STATE_02,2021,Wheat,99637.9,487094.8,4.889,2035.9,18.7,2.15,156.9,1.97,0.605,12
DIST_194,STATE_02,2022,Wheat,158840.0,751765.6,4.733,1484.1,56.4,2.07,156.9,1.97,0.635,13
DIST_194,STATE_02,2023,Wheat,75624.4,428424.8,5.665,1623.4,17.4,2.54,156.9,1.97,0.618,14
DIST_195,STATE_03,2009,Wheat,66150.7,293108.6,4.431,1896.1,34.3,2.06,171.4,1.38,0.601,0
DIST_195,STATE_03,2010,Wheat,133405.5,632664.1,4.742,1433.1,47.7,1.79,171.4,1.38,0.651,1
DIST_195,STATE_03,2011,Wheat,157480.8,729929.7,4.635,1636.5,2.8,1.6,171.4,1.38,0.645,2
DIST_195,STATE_03,2012,Wheat,177962.1,676529.9,3.802,1840.6,84.9,2.5,171.4,1.38,0.615,3
DIST_195,STATE_03,2013,Wheat,77935.1,359697.3,4.615,1620.0,30.0,2.15,171.4,1.38,0.608,4
DIST_195,STATE_03,2014,Wheat,132907.7,583474.7,4.39,1960.8,32.7,1.77,171.4,1.38,0.597,5
DIST_195,STATE_03,2015,Wheat,147348.7,743632.3,5.047,1453.6,32.1,2.77,171.4,1.38,0.641,6
DIST_195,STATE_03,2016,Wheat,53502.0,251227.7,4.696,2046.3,0.0,2.11,171.4,1.38,0.599,7
DIST_195,STATE_03,2017,Wheat,172813.6,827865.6,4.791,1811.2,11.4,1.63,171.4,1.38,0.59,8
DIST_195,STATE_03,2018,Wheat,170545.1,911041.6,5.342,2044.7,44.3,1.88,171.4,1.38,0.647,9
DIST_195,STATE_03,2019,Wheat,178608.5,835683.5,4.679,1543.7,7.2,2.42,171.4,1.38,0.626,10
DIST_195,STATE_03,2020,Wheat,95633.0,496547.8,5.192,1533.1,36.1,1.87,171.4,1.38,0.637,11
DIST_195,STATE_03,2021,Wheat,103309.9,556832.7,5.39,1849.8,41.4,1.69,171.4,1.38,0.661,12
DIST_195,STATE_03,2022,Wheat,121401.1,496313.4,4.088,1675.4,55.9,2.7,171.4,1.38,0.56,13
DIST_195,STATE_03,2023,Wheat,122613.2,630681.5,5.144,2114.0,24.3,1.27,171.4,1.38,0.664,14
DIST_196,STATE_04,2009,Wheat,101273.5,281065.1,2.775,1987.2,46.1,1.76,133.6,0.78,0.571,0
DIST_196,STATE_04,2010,Wheat,101942.8,301131.2,2.954,1703.5,28.6,2.67,133.6,0.78,0.607,1
DIST_196,STATE_04,2011,Wheat,101299.8,316845.5,3.128,1566.6,35.9,2.0,133.6,0.78,0.608,2
DIST_196,STATE_04,2012,Wheat,73118.6,108513.3,1.484,1970.8,56.7,2.99,133.6,0.78,0.447,3
DIST_196,STATE_04,2013,Wheat,170096.7,568168.7,3.34,1795.2,58.3,2.02,133.6,0.78,0.547,4
DIST_196,STATE_04,2014,Wheat,159127.2,397761.7,2.5,1851.5,1.8,2.53,133.6,0.78,0.563,5
DIST_196,STATE_04,2015,Wheat,83112.0,249135.2,2.998,1899.4,12.8,1.55,133.6,0.78,0.539,6
DIST_196,STATE_04,2016,Wheat,64872.3,211677.0,3.263,1791.2,26.1,2.28,133.6,0.78,0.576,7
DIST_196,STATE_04,2017,Wheat,64861.2,233455.6,3.599,1820.6,46.9,1.82,133.6,0.78,0.615,8
DIST_196,STATE_04,2018,Wheat,93530.8,330809.2,3.537,1489.4,0.0,2.77,133.6,0.78,0.569,9
DIST_196,STATE_04,2019,Wheat,165324.5,528304.3,3.196,1787.9,20.3,1.39,133.6,0.78,0.536,10
DIST_196,STATE_04,2020,Wheat,52024.0,190180.5,3.656,1761.8,30.4,2.17,133.6,0.78,0.623,11
DIST_196,STATE_04,2021,Wheat,159107.7,521191.4,3.276,1521.5,8.3,2.57,133.6,0.78,0.607,12
DIST_196,STATE_04,2022,Wheat,90743.8,251790.2,2.775,1991.1,69.1,2.96,133.6,0.78,0.596,13
DIST_196,STATE_04,2023,Wheat,174719.6,642657.4,3.678,1753.5,26.1,1.66,133.6,0.78,0.575,14
DIST_197,STATE_05,2009,Wheat,141193.5,434303.3,3.076,1852.0,17.3,1.5,138.8,0.7,0.541,0
DIST_197,STATE_05,2010,Wheat,69158.3,249151.1,3.603,1865.0,3.1,1.7,138.8,0.7,0.634,1
DIST_197,STATE_05,2011,Wheat,148966.5,503002.6,3.377,1502.7,24.6,2.42,138.8,0.7,0.567,2
DIST_197,STATE_05,2012,Wheat,178044.2,372741.4,2.094,2070.7,72.4,2.49,138.8,0.7,0.536,3
DIST_197,STATE_05,2013,Wheat,101691.1,361556.6,3.555,1564.2,52.4,1.31,138.8,0.7,0.555,4
DIST_197,STATE_05,2014,Wheat,53460.7,222439.2,4.161,2100.3,44.5,1.24,138.8,0.7,0.646,5
DIST_197,STATE_05,2015,Wheat,151366.0,626121.8,4.136,1454.0,12.9,1.27,138.8,0.7,0.686,6
DIST_197,STATE_05,2016,Wheat,149328.9,531497.3,3.559,1717.7,45.8,2.29,138.8,0.7,0.623,7
DIST_197,STATE_05,2017,Wheat,127405.5,530356.7,4.163,1842.5,8.0,1.78,138.8,0.7,0.643,8
DIST_197,STATE_05,2018,Wheat,141134.7,632733.9,4.483,1558.1,25.5,2.71,138.8,0.7,0.612,9
DIST_197,STATE_05,2019,Wheat,135826.7,615588.4,4.532,1798.2,32.6,2.35,138.8,0.7,0.604,10
DIST_197,STATE_05,2020,Wheat,75203.0,344575.2,4.582,1771.5,34.2,2.62,138.8,0.7,0.585,11
DIST_197,STATE_05,2021,Wheat,161149.6,631711.6,3.92,1820.8,41.9,1.98,138.8,0.7,0.598,12
DIST_197,STATE_05,2022,Wheat,56562.0,193925.7,3.429,1590.0,67.9,3.25,138.8,0.7,0.498,13
DIST_197,STATE_05,2023,Wheat,138061.0,607407.0,4.4,1745.1,24.6,2.32,138.8,0.7,0.628,14
DIST_198,STATE_06,2009,Wheat,130263.0,503199.4,3.863,1678.7,19.5,2.77,140.1,1.96,0.572,0
DIST_198,STATE_06,2010,Wheat,112310.7,377066.9,3.357,2023.9,0.0,2.17,140.1,1.96,0.546,1
DIST_198,STATE_06,2011,Wheat,48926.8,199688.3,4.081,2061.7,38.1,2.16,140.1,1.96,0.615,2
DIST_198,STATE_06,2012,Wheat,97814.5,265642.7,2.716,2094.9,83.4,1.85,140.1,1.96,0.536,3
DIST_198,STATE_06,2013,Wheat,51966.3,180886.8,3.481,1503.4,4.9,1.51,140.1,1.96,0.605,4
DIST_198,STATE_06,2014,Wheat,132072.6,554956.3,4.202,1687.1,35.1,2.5,140.1,1.96,0.579,5
DIST_198,STATE_06,2015,Wheat,78576.6,303373.6,3.861,1547.7,7.9,2.37,140.1,1.96,0.548,6
DIST_198,STATE_06,2016,Wheat,86850.0,344437.5,3.966,2111.7,58.1,1.8,140.1,1.96,0.575,7
DIST_198,STATE_06,2017,Wheat,125187.4,490511.8,3.918,1641.0,14.0,2.56,140.1,1.96,0.583,8
DIST_198,STATE_06,2018,Wheat,99652.3,424139.3,4.256,1472.8,9.8,1.64,140.1,1.96,0.592,9
DIST_198,STATE_06,2019,Wheat,118399.0,406683.4,3.435,1642.5,43.9,1.71,140.1,1.96,0.672,10
DIST_198,STATE_06,2020,Wheat,118661.6,549202.3,4.628,1687.6,3.2,2.26,140.1,1.96,0.599,11
DIST_198,STATE_06,2021,Wheat,164018.0,680792.7,4.151,1690.4,27.2,1.85,140.1,1.96,0.61,12
DIST_198,STATE_06,2022,Wheat,149593.2,463347.2,3.097,1779.0,75.0,2.55,140.1,1.96,0.565,13
DIST_198,STATE_06,2023,Wheat,79478.6,354508.2,4.46,1774.9,11.1,2.39,140.1,1.96,0.618,14
DIST_199,STATE_07,2009,Wheat,91154.0,304956.6,3.346,2070.3,23.3,1.54,130.5,1.81,0.548,0
DIST_199,STATE_07,2010,Wheat,177940.1,582801.5,3.275,1756.6,25.1,1.95,130.5,1.81,0.588,1
DIST_199,STATE_07,2011,Wheat,117049.7,308777.9,2.638,1726.8,15.9,1.26,130.5,1.81,0.519,2
DIST_199,STATE_07,2012,Wheat,125847.4,172716.0,1.372,1949.6,59.6,3.23,130.5,1.81,0.464,3
DIST_199,STATE_07,2013,Wheat,99446.8,305979.4,3.077,1749.6,27.1,1.67,130.5,1.81,0.589,4
DIST_199,STATE_07,2014,Wheat,66887.8,219110.6,3.276,1828.8,50.5,2.66,130.5,1.81,0.578,5
DIST_199,STATE_07,2015,Wheat,95906.2,344882.3,3.596,1490.9,49.5,1.78,130.5,1.81,0.576,6
DIST_199,STATE_07,2016,Wheat,63465.8,220450.3,3.474,1536.4,41.5,1.37,130.5,1.81,0.55,7
DIST_199,STATE_07,2017,Wheat,158754.7,550614.7,3.468,2135.1,14.0,2.34,130.5,1.81,0.513,8
DIST_199,STATE_07,2018,Wheat,165702.7,666197.6,4.02,1485.3,32.8,2.3,130.5,1.81,0.579,9
DIST_199,STATE_07,2019,Wheat,150410.0,525253.5,3.492,1603.1,8.3,2.59,130.5,1.81,0.531,10
DIST_199,STATE_07,2020,Wheat,150619.4,606085.1,4.024,2108.7,39.5,1.79,130.5,1.81,0.626,11
DIST_199,STATE_07,2021,Wheat,115902.8,461944.4,3.986,2083.3,5.4,2.65,130.5,1.81,0.602,12
DIST_199,STATE_07,2022,Wheat,109514.2,299742.7,2.737,2035.3,101.5,1.7,130.5,1.81,0.495,13
DIST_199,STATE_07,2023,Wheat,138108.0,473906.8,3.431,1805.3,19.7,1.68,130.5,1.81,0.532,14
DIST_200,STATE_08,2009,Wheat,114033.4,546771.4,4.795,1833.3,34.8,2.79,95.4,1.9,0.582,0
DIST_200,STATE_08,2010,Wheat,178700.6,876474.6,4.905,1896.0,40.4,1.53,95.4,1.9,0.583,1
DIST_200,STATE_08,2011,Wheat,91441.9,428118.4,4.682,1942.3,17.6,2.6,95.4,1.9,0.628,2
DIST_200,STATE_08,2012,Wheat,179605.1,585044.2,3.257,2082.9,72.6,2.06,95.4,1.9,0.523,3
DIST_200,STATE_08,2013,Wheat,50512.5,261772.7,5.182,2098.6,3.3,2.67,95.4,1.9,0.654,4
DIST_200,STATE_08,2014,Wheat,107926.1,482236.1,4.468,2042.5,8.2,1.91,95.4,1.9,0.645,5
DIST_200,STATE_08,2015,Wheat,68667.0,359726.1,5.239,1492.7,23.8,2.61,95.4,1.9,0.711,6
DIST_200,STATE_08,2016,Wheat,121054.0,627879.0,5.187,1483.6,22.3,1.72,95.4,1.9,0.647,7
DIST_200,STATE_08,2017,Wheat,171876.6,884835.6,5.148,1615.1,31.2,1.7,95.4,1.9,0.683,8
DIST_200,STATE_08,2018,Wheat,164085.6,925565.2,5.641,1473.2,34.7,2.68,95.4,1.9,0.67,9
DIST_200,STATE_08,2019,Wheat,99116.5,519430.0,5.241,2032.9,10.2,2.67,95.4,1.9,0.663,10
DIST_200,STATE_08,2020,Wheat,77958.9,438783.8,5.628,2024.9,21.7,2.01,95.4,1.9,0.654,11
DIST_200,STATE_08,2021,Wheat,118935.2,631279.0,5.308,1957.9,28.8,2.58,95.4,1.9,0.625,12
DIST_200,STATE_08,2022,Wheat,140814.5,683362.2,4.853,2159.9,98.8,2.88,95.4,1.9,0.632,13
DIST_200,STATE_08,2023,Wheat,127977.3,687628.1,5.373,1952.8,31.8,1.56,95.4,1.9,0.704,14
DIST_201,STATE_09,2009,Wheat,164810.5,825643.6,5.01,1683.6,21.5,1.26,159.7,0.96,0.674,0
DIST_201,STATE_09,2010,Wheat,130566.8,701426.7,5.372,1907.1,9.9,1.32,159.7,0.96,0.641,1
DIST_201,STATE_09,2011,Wheat,146604.6,768274.5,5.24,1981.9,32.4,2.27,159.7,0.96,0.62,2
DIST_201,STATE_09,2012,Wheat,69727.4,239518.4,3.435,1565.1,84.0,2.16,159.7,0.96,0.591,3
DIST_201,STATE_09,2013,Wheat,115208.4,617149.7,5.357,2099.4,29.7,1.71,159.7,0.96,0.656,4
DIST_201,STATE_09,2014,Wheat,65230.4,347123.0,5.321,2087.1,18.7,2.01,159.7,0.96,0.644,5
DIST_201,STATE_09,2015,Wheat,141654.5,748443.5,5.284,1768.0,26.2,2.75,159.7,0.96,0.72,6
DIST_201,STATE_09,2016,Wheat,167806.4,825301.7,4.918,1640.8,37.5,1.79,159.7,0.96,0.605,7
DIST_201,STATE_09,2017,Wheat,169235.5,848367.1,5.013,2003.9,30.9,2.66,159.7,0.96,0.623,8
DIST_201,STATE_09,2018,Wheat,156404.0,861668.2,5.509,1828.2,23.7,2.32,159.7,0.96,0.721,9
DIST_201,STATE_09,2019,Wheat,65380.3,347217.5,5.311,2026.5,17.4,1.7,159.7,0.96,0.583,10
DIST_201,STATE_09,2020,Wheat,109954.5,646185.2,5.877,2007.3,3.4,1.32,159.7,0.96,0.68,11
DIST_201,STATE_09,2021,Wheat,172856.9,877241.0,5.075,1512.3,7.0,2.52,159.7,0.96,0.691,12
DIST_201,STATE_09,2022,Wheat,71515.9,351477.9,4.915,1675.0,92.2,1.9,159.7,0.96,0.665,13
DIST_201,STATE_09,2023,Wheat,141277.8,771649.8,5.462,1836.9,31.9,1.56,159.7,0.96,0.667,14
DIST_202,STATE_10,2009,Wheat,138130.0,519715.2,3.763,1616.3,18.5,1.22,148.9,0.99,0.604,0
DIST_202,STATE_10,2010,Wheat,113618.7,399127.1,3.513,1547.6,15.9,2.42,148.9,0.99,0.603,1
DIST_202,STATE_10,2011,Wheat,123093.6,432164.1,3.511,2100.4,16.0,2.41,148.9,0.99,0.62,2
DIST_202,STATE_10,2012,Wheat,48156.0,103543.6,2.15,1791.5,74.5,2.45,148.9,0.99,0.48,3
DIST_202,STATE_10,2013,Wheat,174614.5,736040.5,4.215,1806.5,57.5,2.55,148.9,0.99,0.587,4
DIST_202,STATE_10,2014,Wheat,108505.8,372377.2,3.432,1620.1,45.6,2.13,148.9,0.99,0.525,5
DIST_202,STATE_10,2015,Wheat,87637.3,314672.6,3.591,1858.1,44.4,1.41,148.9,0.99,0.58,6
DIST_202,STATE_10,2016,Wheat,47636.5,188780.9,3.963,1606.8,17.4,1.9,148.9,0.99,0.602,7
DIST_202,STATE_10,2017,Wheat,89502.3,371407.0,4.15,1490.8,21.7,2.79,148.9,0.99,0.601,8
DIST_202,STATE_10,2018,Wheat,135615.8,616090.2,4.543,1581.1,41.3,1.52,148.9,0.99,0.646,9
DIST_202,STATE_10,2019,Wheat,46349.2,190273.2,4.105,1997.8,24.5,2.22,148.9,0.99,0.581,10
DIST_202,STATE_10,2020,Wheat,52894.7,245487.6,4.641,1748.0,14.7,1.42,148.9,0.99,0.628,11
DIST_202,STATE_10,2021,Wheat,66846.9,286128.3,4.28,1834.7,56.3,2.66,148.9,0.99,0.602,12
DIST_202,STATE_10,2022,Wheat,83041.0,271955.4,3.275,1903.0,53.0,2.36,148.9,0.99,0.572,13
DIST_202,STATE_10,2023,Wheat,152657.7,596093.9,3.905,2052.7,18.4,2.47,148.9,0.99,0.622,14
DIST_203,STATE_11,2009,Wheat,132449.1,431532.0,3.258,1891.2,20.7,1.48,163.8,2.02,0.571,0
DIST_203,STATE_11,2010,Wheat,67186.0,227996.0,3.394,1419.4,28.4,2.17,163.8,2.02,0.541,1
DIST_203,STATE_11,2011,Wheat,149476.3,467778.7,3.129,2092.1,48.9,1.63,163.8,2.02,0.576,2
DIST_203,STATE_11,2012,Wheat,136949.8,288277.3,2.105,1571.6,73.0,2.56,163.8,2.02,0.576,3
DIST_203,STATE_11,2013,Wheat,179570.9,643903.4,3.586,1443.6,15.9,2.2,163.8,2.02,0.594,4
DIST_203,STATE_11,2014,Wheat,74114.5,249944.3,3.372,2031.3,0.0,2.14,163.8,2.02,0.576,5
DIST_203,STATE_11,2015,Wheat,61727.6,228116.3,3.696,1549.6,26.3,1.86,163.8,2.02,0.58,6
DIST_203,STATE_11,2016,Wheat,158387.0,533910.2,3.371,1479.7,17.9,1.66,163.8,2.02,0.547,7
DIST_203,STATE_11,2017,Wheat,113605.0,398017.0,3.504,1448.2,30.9,1.7,163.8,2.02,0.573,8
DIST_203,STATE_11,2018,Wheat,108877.3,437248.6,4.016,1838.2,17.2,2.59,163.8,2.02,0.614,9
DIST_203,STATE_11,2019,Wheat,56718.6,222309.5,3.92,1465.1,39.1,2.15,163.8,2.02,0.602,10
DIST_203,STATE_11,2020,Wheat,57220.2,231575.0,4.047,1944.7,40.8,2.35,163.8,2.02,0.647,11
DIST_203,STATE_11,2021,Wheat,140310.3,472528.0,3.368,2027.0,11.7,2.29,163.8,2.02,0.58,12
DIST_203,STATE_11,2022,Wheat,167253.9,461836.0,2.761,2075.2,85.8,3.06,163.8,2.02,0.524,13
DIST_203,STATE_11,2023,Wheat,173767.6,627712.3,3.612,1785.6,37.2,1.41,163.8,2.02,0.592,14
DIST_204,STATE_12,2009,Wheat,152908.9,544956.4,3.564,1907.8,34.5,1.22,99.4,1.71,0.551,0
DIST_204,STATE_12,2010,Wheat,157758.3,567768.5,3.599,1678.3,0.8,1.22,99.4,1.71,0.581,1
DIST_204,STATE_12,2011,Wheat,173115.6,571415.4,3.301,2068.7,18.0,1.46,99.4,1.71,0.556,2
DIST_204,STATE_12,2012,Wheat,45813.0,74740.1,1.631,1504.0,45.7,1.85,99.4,1.71,0.511,3
DIST_204,STATE_12,2013,Wheat,113999.1,410988.6,3.605,2105.5,12.4,1.4,99.4,1.71,0.601,4
DIST_204,STATE_12,2014,Wheat,163377.9,644078.1,3.942,1701.0,17.0,2.34,99.4,1.71,0.603,5
DIST_204,STATE_12,2015,Wheat,112296.2,453904.6,4.042,1561.1,31.9,2.21,99.4,1.71,0.652,6
DIST_204,STATE_12,2016,Wheat,48521.2,210519.6,4.339,1819.1,5.1,1.53,99.4,1.71,0.624,7
DIST_204,STATE_12,2017,Wheat,126845.9,553314.4,4.362,2032.0,9.8,1.67,99.4,1.71,0.619,8
DIST_204,STATE_12,2018,Wheat,57860.4,261874.1,4.526,1624.9,30.4,2.73,99.4,1.71,0.586,9
DIST_204,STATE_12,2019,Wheat,70594.5,275834.8,3.907,2014.8,11.3,1.86,99.4,1.71,0.558,10
DIST_204,STATE_12,2020,Wheat,100531.0,465604.6,4.631,1807.6,32.1,2.48,99.4,1.71,0.637,11
DIST_204,STATE_12,2021,Wheat,61234.0,264347.6,4.317,1547.3,23.9,2.72,99.4,1.71,0.617,12
DIST_204,STATE_12,2022,Wheat,178564.2,593365.2,3.323,1892.4,89.5,2.68,99.4,1.71,0.547,13
DIST_204,STATE_12,2023,Wheat,67561.9,309594.9,4.582,2001.7,11.7,1.7,99.4,1.71,0.61,14
DIST_205,STATE_01,2009,Wheat,166923.9,619846.2,3.713,1758.4,25.5,2.65,186.5,1.65,0.544,0
DIST_205,STATE_01,2010,Wheat,76411.6,268128.9,3.509,1868.6,57.1,2.3,186.5,1.65,0.579,1
DIST_205,STATE_01,2011,Wheat,130392.1,434990.0,3.336,1796.5,27.2,2.14,186.5,1.65,0.601,2
DIST_205,STATE_01,2012,Wheat,179739.6,447217.5,2.488,2001.9,49.1,2.59,186.5,1.65,0.555,3
DIST_205,STATE_01,2013,Wheat,171583.3,603711.2,3.518,1568.3,15.2,2.38,186.5,1.65,0.565,4
DIST_205,STATE_01,2014,Wheat,163118.2,595481.7,3.651,1815.4,22.9,1.73,186.5,1.65,0.545,5
DIST_205,STATE_01,2015,Wheat,106489.8,385353.5,3.619,1665.9,47.7,2.28,186.5,1.65,0.591,6
DIST_205,STATE_01,2016,Wheat,158417.0,628745.8,3.969,1482.7,0.0,1.33,186.5,1.65,0.658,7
DIST_205,STATE_01,2017,Wheat,73540.8,305517.1,4.154,1961.7,34.4,1.47,186.5,1.65,0.611,8
DIST_205,STATE_01,2018,Wheat,56291.8,253006.4,4.495,1840.7,0.0,2.55,186.5,1.65,0.648,9
DIST_205,STATE_01,2019,Wheat,74315.7,300296.1,4.041,1970.4,22.3,1.27,186.5,1.65,0.61,10
DIST_205,STATE_01,2020,Wheat,65596.8,302869.9,4.617,1896.3,29.9,1.22,186.5,1.65,0.637,11
DIST_205,STATE_01,2021,Wheat,116705.8,503321.8,4.313,1971.4,26.0,1.67,186.5,1.65,0.583,12
DIST_205,STATE_01,2022,Wheat,160710.9,496665.8,3.09,1978.3,67.1,3.14,186.5,1.65,0.578,13
DIST_205,STATE_01,2023,Wheat,144416.3,651765.3,4.513,1482.8,11.8,1.78,186.5,1.65,0.622,14
DIST_206,STATE_02,2009,Wheat,127002.9,543474.8,4.279,1512.1,14.2,1.54,110.1,1.33,0.639,0
DIST_206,STATE_02,2010,Wheat,169238.6,687719.0,4.064,2021.0,45.3,1.97,110.1,1.33,0.559,1
DIST_206,STATE_02,2011,Wheat,81121.1,352719.8,4.348,1791.2,15.9,1.5,110.1,1.33,0.641,2
DIST_206,STATE_02,2012,Wheat,54319.6,162201.9,2.986,1905.9,59.5,2.18,110.1,1.33,0.664,3
DIST_206,STATE_02,2013,Wheat,163884.2,760476.9,4.64,1930.1,39.2,1.37,110.1,1.33,0.639,4
DIST_206,STATE_02,2014,Wheat,49360.8,246589.6,4.996,1518.6,46.4,2.39,110.1,1.33,0.673,5
DIST_206,STATE_02,2015,Wheat,148442.3,747867.8,5.038,1832.6,44.0,1.62,110.1,1.33,0.681,6
DIST_206,STATE_02,2016,Wheat,102666.1,477758.5,4.654,1452.4,27.9,2.74,110.1,1.33,0.607,7
DIST_206,STATE_02,2017,Wheat,87973.9,439543.3,4.996,1619.7,69.7,1.23,110.1,1.33,0.626,8
DIST_206,STATE_02,2018,Wheat,56792.0,296647.4,5.223,1947.4,0.0,2.63,110.1,1.33,0.652,9
DIST_206,STATE_02,2019,Wheat,52124.6,268016.5,5.142,1968.6,29.8,2.45,110.1,1.33,0.622,10
DIST_206,STATE_02,2020,Wheat,173504.3,958536.7,5.525,1971.7,8.7,2.68,110.1,1.33,0.685,11
DIST_206,STATE_02,2021,Wheat,156602.2,765183.5,4.886,1461.7,19.1,2.53,110.1,1.33,0.65,12
DIST_206,STATE_02,2022,Wheat,134934.7,567985.7,4.209,1720.7,65.0,1.8,110.1,1.33,0.595,13
DIST_206,STATE_02,2023,Wheat,95254.9,501330.2,5.263,1890.2,3.7,1.42,110.1,1.33,0.646,14
DIST_207,STATE_03,2009,Wheat,55798.1,173957.5,3.118,1821.7,10.9,2.56,176.3,0.65,0.529,0
DIST_207,STATE_03,2010,Wheat,68773.0,208386.1,3.03,2048.1,16.7,1.94,176.3,0.65,0.561,1
DIST_207,STATE_03,2011,Wheat,110985.6,366910.0,3.306,2012.0,37.2,1.39,176.3,0.65,0.597,2
DIST_207,STATE_03,2012,Wheat,136146.9,286289.2,2.103,1807.4,78.6,2.27,176.3,0.65,0.474,3
DIST_207,STATE_03,2013,Wheat,104437.7,351343.3,3.364,1616.5,19.5,2.56,176.3,0.65,0.549,4
DIST_207,STATE_03,2014,Wheat,68651.7,250214.5,3.645,1722.1,15.0,1.38,176.3,0.65,0.594,5
DIST_207,STATE_03,2015,Wheat,127010.0,392716.3,3.092,1579.4,41.8,1.48,176.3,0.65,0.559,6
DIST_207,STATE_03,2016,Wheat,103049.0,332583.0,3.227,1836.1,60.3,1.34,176.3,0.65,0.573,7
DIST_207,STATE_03,2017,Wheat,69837.1,250728.2,3.59,1833.8,46.7,2.13,176.3,0.65,0.62,8
DIST_207,STATE_03,2018,Wheat,126463.0,474177.6,3.75,1484.6,40.8,2.25,176.3,0.65,0.652,9
DIST_207,STATE_03,2019,Wheat,55176.9,199838.0,3.622,1484.3,34.7,2.54,176.3,0.65,0.624,10
DIST_207,STATE_03,2020,Wheat,98682.7,384005.0,3.891,1945.1,24.3,2.66,176.3,0.65,0.574,11
DIST_207,STATE_03,2021,Wheat,92954.2,359514.0,3.868,1492.5,24.8,1.35,176.3,0.65,0.582,12
DIST_207,STATE_03,2022,Wheat,159313.6,484272.0,3.04,1864.7,52.9,3.03,176.3,0.65,0.574,13
DIST_207,STATE_03,2023,Wheat,168195.3,625451.0,3.719,2061.4,41.5,2.37,176.3,0.65,0.572,14
DIST_208,STATE_04,2009,Wheat,66371.8,230352.3,3.471,2016.3,3.6,2.0,96.7,0.61,0.593,0
DIST_208,STATE_04,2010,Wheat,56121.5,193545.1,3.449,1874.4,26.0,2.24,96.7,0.61,0.597,1
DIST_208,STATE_04,2011,Wheat,56753.7,186990.8,3.295,1752.6,15.2,1.75,96.7,0.61,0.584,2
DIST_208,STATE_04,2012,Wheat,148493.4,299717.3,2.018,1456.2,54.0,2.28,96.7,0.61,0.538,3
DIST_208,STATE_04,2013,Wheat,135269.5,565745.9,4.182,1808.0,17.1,1.76,96.7,0.61,0.651,4
DIST_208,STATE_04,2014,Wheat,53217.8,190212.4,3.574,1918.7,32.8,1.22,96.7,0.61,0.612,5
DIST_208,STATE_04,2015,Wheat,76548.2,270768.6,3.537,2103.9,9.4,2.24,96.7,0.61,0.592,6
DIST_208,STATE_04,2016,Wheat,144980.2,531020.4,3.663,1634.2,6.7,2.75,96.7,0.61,0.57,7
DIST_208,STATE_04,2017,Wheat,91777.5,366788.0,3.996,2042.6,25.6,1.29,96.7,0.61,0.635,8
DIST_208,STATE_04,2018,Wheat,166669.4,716968.8,4.302,1660.1,15.7,1.94,96.7,0.61,0.621,9
DIST_208,STATE_04,2019,Wheat,98118.0,388729.4,3.962,2042.0,15.0,1.99,96.7,0.61,0.569,10
DIST_208,STATE_04,2020,Wheat,115277.0,492317.1,4.271,1836.3,10.1,2.43,96.7,0.61,0.593,11
DIST_208,STATE_04,2021,Wheat,132034.1,524544.2,3.973,2096.7,0.0,2.33,96.7,0.61,0.596,12
DIST_208,STATE_04,2022,Wheat,118889.4,344670.4,2.899,1786.7,74.2,2.23,96.7,0.61,0.518,13
DIST_208,STATE_04,2023,Wheat,59166.1,248400.8,4.198,1489.1,13.2,2.08,96.7,0.61,0.559,14
DIST_209,STATE_05,2009,Wheat,80184.6,257541.7,3.212,1433.8,22.9,2.1,188.4,1.04,0.544,0
DIST_209,STATE_05,2010,Wheat,94668.0,344966.7,3.644,1416.6,31.8,1.3,188.4,1.04,0.6,1
DIST_209,STATE_05,2011,Wheat,97923.7,356715.5,3.643,1778.3,23.1,1.77,188.4,1.04,0.593,2
DIST_209,STATE_05,2012,Wheat,149586.5,335549.9,2.243,1698.0,70.9,2.49,188.4,1.04,0.515,3
DIST_209,STATE_05,2013,Wheat,46635.6,189872.5,4.071,1784.3,25.3,1.49,188.4,1.04,0.611,4
DIST_209,STATE_05,2014,Wheat,168960.8,619152.2,3.664,2122.6,24.1,2.71,188.4,1.04,0.597,5
DIST_209,STATE_05,2015,Wheat,124742.6,515587.8,4.133,1807.3,15.1,2.27,188.4,1.04,0.654,6
DIST_209,STATE_05,2016,Wheat,157860.4,579227.8,3.669,2067.6,16.3,2.06,188.4,1.04,0.563,7
DIST_209,STATE_05,2017,Wheat,125781.2,530972.0,4.221,1740.8,40.0,1.46,188.4,1.04,0.604,8
DIST_209,STATE_05,2018,Wheat,45368.4,185580.1,4.091,1664.8,19.0,1.22,188.4,1.04,0.586,9
DIST_209,STATE_05,2019,Wheat,49261.6,183225.8,3.719,1875.5,7.9,2.11,188.4,1.04,0.593,10
DIST_209,STATE_05,2020,Wheat,172503.3,782908.2,4.539,1456.9,12.3,2.47,188.4,1.04,0.603,11
DIST_209,STATE_05,2021,Wheat,84957.7,334587.1,3.938,1685.2,56.5,2.4,188.4,1.04,0.605,12
DIST_209,STATE_05,2022,Wheat,88439.0,299057.3,3.382,1680.9,58.0,2.32,188.4,1.04,0.623,13
DIST_209,STATE_05,2023,Wheat,156824.0,535126.2,3.412,1795.5,19.5,1.67,188.4,1.04,0.59,14
DIST_210,STATE_06,2009,Wheat,116477.8,445638.8,3.826,1431.5,26.3,1.69,156.8,0.69,0.581,0
DIST_210,STATE_06,2010,Wheat,63817.8,247980.8,3.886,1912.2,29.3,2.02,156.8,0.69,0.603,1
DIST_210,STATE_06,2011,Wheat,127278.0,460213.6,3.616,1770.9,25.6,2.78,156.8,0.69,0.606,2
DIST_210,STATE_06,2012,Wheat,60640.0,160515.5,2.647,1744.3,75.6,2.81,156.8,0.69,0.507,3
DIST_210,STATE_06,2013,Wheat,108266.6,397789.2,3.674,1477.0,23.9,2.29,156.8,0.69,0.588,4
DIST_210,STATE_06,2014,Wheat,121617.5,444610.2,3.656,2070.7,10.0,1.9,156.8,0.69,0.595,5
DIST_210,STATE_06,2015,Wheat,161515.0,697968.9,4.321,1556.4,40.1,2.72,156.8,0.69,0.623,6
DIST_210,STATE_06,2016,Wheat,144224.4,615118.3,4.265,1485.9,26.5,1.54,156.8,0.69,0.583,7
DIST_210,STATE_06,2017,Wheat,138893.9,561553.1,4.043,1897.0,41.7,1.71,156.8,0.69,0.577,8
DIST_210,STATE_06,2018,Wheat,124147.4,577112.4,4.649,1622.5,6.8,2.51,156.8,0.69,0.628,9
DIST_210,STATE_06,2019,Wheat,104278.6,427865.6,4.103,1961.9,26.5,1.91,156.8,0.69,0.607,10
DIST_210,STATE_06,2020,Wheat,153857.4,689332.5,4.48,1777.5,27.9,1.67,156.8,0.69,0.606,11
DIST_210,STATE_06,2021,Wheat,141712.2,540328.5,3.813,2080.1,22.9,1.2,156.8,0.69,0.623,12
DIST_210,STATE_06,2022,Wheat,111099.2,409288.1,3.684,1527.5,81.3,2.89,156.8,0.69,0.602,13
DIST_210,STATE_06,2023,Wheat,91833.3,414773.8,4.517,1953.2,57.1,2.26,156.8,0.69,0.646,14
DIST_211,STATE_07,2009,Wheat,68101.5,277680.9,4.077,2039.5,37.6,2.29,175.7,1.51,0.597,0
DIST_211,STATE_07,2010,Wheat,77277.9,300583.7,3.89,1846.3,46.9,2.67,175.7,1.51,0.587,1
DIST_211,STATE_07,2011,Wheat,127060.3,489066.3,3.849,2089.0,36.8,2.78,175.7,1.51,0.617,2
DIST_211,STATE_07,2012,Wheat,78220.6,258838.9,3.309,2082.0,74.5,1.92,175.7,1.51,0.56,3
DIST_211,STATE_07,2013,Wheat,124593.9,484710.9,3.89,1842.7,31.8,2.66,175.7,1.51,0.587,4
DIST_211,STATE_07,2014,Wheat,139837.1,553066.7,3.955,1889.1,0.0,1.81,175.7,1.51,0.543,5
DIST_211,STATE_07,2015,Wheat,76777.0,311167.8,4.053,1750.7,41.7,2.45,175.7,1.51,0.626,6
DIST_211,STATE_07,2016,Wheat,45879.7,214745.3,4.681,1768.9,15.6,2.47,175.7,1.51,0.612,7
DIST_211,STATE_07,2017,Wheat,132026.7,654840.7,4.96,2074.9,45.5,2.77,175.7,1.51,0.645,8
DIST_211,STATE_07,2018,Wheat,122399.0,602477.0,4.922,1471.2,40.6,2.48,175.7,1.51,0.575,9
DIST_211,STATE_07,2019,Wheat,81692.2,377423.6,4.62,1971.2,23.9,1.87,175.7,1.51,0.665,10
DIST_211,STATE_07,2020,Wheat,58069.6,281550.5,4.848,1819.2,24.0,2.05,175.7,1.51,0.636,11
DIST_211,STATE_07,2021,Wheat,136972.6,605826.2,4.423,2150.1,26.8,2.03,175.7,1.51,0.622,12
DIST_211,STATE_07,2022,Wheat,96863.8,389692.7,4.023,1874.6,82.4,2.84,175.7,1.51,0.64,13
DIST_211,STATE_07,2023,Wheat,64405.1,326912.5,5.076,1583.8,17.3,1.46,175.7,1.51,0.623,14
DIST_212,STATE_08,2009,Wheat,73365.9,293844.3,4.005,1598.9,23.0,2.14,181.6,1.48,0.622,0
DIST_212,STATE_08,2010,Wheat,75142.7,249565.8,3.321,1885.3,14.0,2.35,181.6,1.48,0.597,1
DIST_212,STATE_08,2011,Wheat,160362.3,601228.1,3.749,2054.5,17.6,2.58,181.6,1.48,0.562,2
DIST_212,STATE_08,2012,Wheat,45468.2,142494.7,3.134,2024.6,57.1,2.41,181.6,1.48,0.511,3
DIST_212,STATE_08,2013,Wheat,165457.8,645653.5,3.902,1851.9,39.0,2.04,181.6,1.48,0.56,4
DIST_212,STATE_08,2014,Wheat,129247.9,499034.5,3.861,1737.8,24.7,2.02,181.6,1.48,0.619,5
DIST_212,STATE_08,2015,Wheat,102353.3,454737.7,4.443,1618.5,19.1,2.58,181.6,1.48,0.663,6
DIST_212,STATE_08,2016,Wheat,127461.0,581662.3,4.563,1938.2,20.8,2.35,181.6,1.48,0.628,7
DIST_212,STATE_08,2017,Wheat,53508.5,221395.1,4.138,1805.5,14.4,2.25,181.6,1.48,0.591,8
DIST_212,STATE_08,2018,Wheat,104722.5,503468.4,4.808,2006.8,8.5,2.68,181.6,1.48,0.634,9
DIST_212,STATE_08,2019,Wheat,154673.4,659999.8,4.267,2036.0,35.6,1.33,181.6,1.48,0.631,10
DIST_212,STATE_08,2020,Wheat,174905.3,807813.1,4.619,1805.5,41.8,1.34,181.6,1.48,0.613,11
DIST_212,STATE_08,2021,Wheat,92229.9,360964.6,3.914,1675.4,6.7,1.54,181.6,1.48,0.608,12
DIST_212,STATE_08,2022,Wheat,113695.0,382459.5,3.364,1673.6,53.9,1.95,181.6,1.48,0.533,13
DIST_212,STATE_08,2023,Wheat,126201.5,532875.5,4.222,2012.7,57.2,2.35,181.6,1.48,0.585,14
DIST_213,STATE_09,2009,Wheat,122275.9,646889.7,5.29,1740.7,14.1,2.32,106.5,2.1,0.621,0
DIST_213,STATE_09,2010,Wheat,111000.6,542874.0,4.891,1770.3,17.9,1.45,106.5,2.1,0.591,1
DIST_213,STATE_09,2011,Wheat,111051.8,502750.5,4.527,1567.2,30.3,1.29,106.5,2.1,0.638,2
DIST_213,STATE_09,2012,Wheat,51411.7,177994.2,3.462,2020.9,88.3,1.97,106.5,2.1,0.575,3
DIST_213,STATE_09,2013,Wheat,90952.2,480712.6,5.285,1939.2,20.4,1.85,106.5,2.1,0.676,4
DIST_213,STATE_09,2014,Wheat,138496.1,738690.1,5.334,1598.4,23.1,1.5,106.5,2.1,0.629,5
DIST_213,STATE_09,2015,Wheat,76074.8,377830.8,4.967,1891.0,21.0,2.2,106.5,2.1,0.61,6
DIST_213,STATE_09,2016,Wheat,56046.2,288248.6,5.143,1523.2,22.5,2.54,106.5,2.1,0.628,7
DIST_213,STATE_09,2017,Wheat,97794.3,520306.1,5.32,1635.0,36.3,1.97,106.5,2.1,0.728,8
DIST_213,STATE_09,2018,Wheat,63603.0,358982.0,5.644,1964.7,37.7,1.29,106.5,2.1,0.638,9
DIST_213,STATE_09,2019,Wheat,148802.8,744414.1,5.003,2054.3,44.0,1.78,106.5,2.1,0.607,10
DIST_213,STATE_09,2020,Wheat,93708.1,541170.2,5.775,1583.2,26.0,2.63,106.5,2.1,0.68,11
DIST_213,STATE_09,2021,Wheat,165169.3,859809.8,5.206,2098.4,16.8,2.51,106.5,2.1,0.661,12
DIST_213,STATE_09,2022,Wheat,169523.7,819200.4,4.832,1961.4,88.6,3.08,106.5,2.1,0.641,13
DIST_213,STATE_09,2023,Wheat,138607.3,772477.5,5.573,1545.1,17.9,1.28,106.5,2.1,0.645,14
DIST_214,STATE_10,2009,Wheat,124297.1,417505.9,3.359,1512.9,55.5,2.5,166.3,1.87,0.593,0
DIST_214,STATE_10,2010,Wheat,171897.7,485461.7,2.824,1786.7,22.3,2.18,166.3,1.87,0.499,1
DIST_214,STATE_10,2011,Wheat,179610.3,589095.1,3.28,1886.6,45.2,1.87,166.3,1.87,0.507,2
DIST_214,STATE_10,2012,Wheat,110137.4,191601.2,1.74,1991.5,75.1,2.86,166.3,1.87,0.518,3
DIST_214,STATE_10,2013,Wheat,60479.5,189509.0,3.133,2009.7,40.5,2.0,166.3,1.87,0.578,4
DIST_214,STATE_10,2014,Wheat,140965.7,436464.9,3.096,1567.7,17.9,2.47,166.3,1.87,0.584,5
DIST_214,STATE_10,2015,Wheat,96487.3,361200.3,3.743,1673.0,23.7,2.55,166.3,1.87,0.561,6
DIST_214,STATE_10,2016,Wheat,129787.4,497419.1,3.833,1520.9,30.2,1.58,166.3,1.87,0.592,7
DIST_214,STATE_10,2017,Wheat,133081.9,435508.2,3.272,1583.4,50.3,1.95,166.3,1.87,0.6,8
DIST_214,STATE_10,2018,Wheat,128041.6,495094.5,3.867,1796.6,53.3,1.23,166.3,1.87,0.583,9
DIST_214,STATE_10,2019,Wheat,149024.1,474248.4,3.182,2136.0,20.6,1.83,166.3,1.87,0.593,10
DIST_214,STATE_10,2020,Wheat,133583.7,522928.3,3.915,1637.6,0.0,2.42,166.3,1.87,0.58,11
DIST_214,STATE_10,2021,Wheat,104148.6,359607.5,3.453,1552.0,29.5,2.78,166.3,1.87,0.603,12
DIST_214,STATE_10,2022,Wheat,169283.2,449110.2,2.653,1993.9,43.5,2.78,166.3,1.87,0.614,13
DIST_214,STATE_10,2023,Wheat,57712.1,200670.8,3.477,2088.7,16.6,2.67,166.3,1.87,0.579,14
DIST_215,STATE_11,2009,Wheat,166363.8,666633.1,4.007,1720.6,19.7,1.9,176.9,1.89,0.58,0
DIST_215,STATE_11,2010,Wheat,134198.4,507412.9,3.781,1575.0,25.0,1.98,176.9,1.89,0.583,1
DIST_215,STATE_11,2011,Wheat,100574.2,398409.4,3.961,2033.2,6.1,1.21,176.9,1.89,0.598,2
DIST_215,STATE_11,2012,Wheat,51312.6,163731.0,3.191,1791.7,73.6,2.08,176.9,1.89,0.534,3
DIST_215,STATE_11,2013,Wheat,132773.3,511621.4,3.853,1807.5,25.8,2.47,176.9,1.89,0.568,4
DIST_215,STATE_11,2014,Wheat,64999.1,276149.0,4.249,2120.5,26.5,2.23,176.9,1.89,0.627,5
DIST_215,STATE_11,2015,Wheat,48193.3,232881.9,4.832,2087.7,14.3,1.23,176.9,1.89,0.639,6
DIST_215,STATE_11,2016,Wheat,127892.1,540288.8,4.225,1784.8,16.8,1.69,176.9,1.89,0.652,7
DIST_215,STATE_11,2017,Wheat,47621.1,236159.0,4.959,1637.7,35.6,2.16,176.9,1.89,0.625,8
DIST_215,STATE_11,2018,Wheat,75047.4,349924.5,4.663,1961.9,22.0,1.48,176.9,1.89,0.634,9
DIST_215,STATE_11,2019,Wheat,101694.0,418575.9,4.116,1719.0,39.6,2.56,176.9,1.89,0.617,10
DIST_215,STATE_11,2020,Wheat,171628.5,803469.7,4.681,1912.3,46.3,2.75,176.9,1.89,0.663,11
DIST_215,STATE_11,2021,Wheat,154769.2,695559.8,4.494,1696.1,43.5,2.1,176.9,1.89,0.578,12
DIST_215,STATE_11,2022,Wheat,161934.0,567507.5,3.505,1887.1,61.5,2.07,176.9,1.89,0.607,13
DIST_215,STATE_11,2023,Wheat,70278.3,348840.2,4.964,1946.2,14.3,1.83,176.9,1.89,0.672,14
DIST_216,STATE_12,2009,Wheat,167119.8,869594.1,5.203,1872.5,35.5,2.4,161.3,1.79,0.634,0
DIST_216,STATE_12,2010,Wheat,162138.0,865352.5,5.337,2088.0,15.9,2.72,161.3,1.79,0.627,1
DIST_216,STATE_12,2011,Wheat,59787.4,269820.5,4.513,1583.3,20.3,2.19,161.3,1.79,0.644,2
DIST_216,STATE_12,2012,Wheat,150547.0,557622.9,3.704,1543.0,62.7,2.28,161.3,1.79,0.531,3
DIST_216,STATE_12,2013,Wheat,91933.1,488335.3,5.312,1970.1,24.2,1.56,161.3,1.79,0.643,4
DIST_216,STATE_12,2014,Wheat,59512.4,325884.0,5.476,1616.3,47.1,1.32,161.3,1.79,0.64,5
DIST_216,STATE_12,2015,Wheat,133279.4,727325.3,5.457,1962.5,39.1,1.49,161.3,1.79,0.675,6
DIST_216,STATE_12,2016,Wheat,127455.9,664887.4,5.217,1862.9,12.2,2.32,161.3,1.79,0.683,7
DIST_216,STATE_12,2017,Wheat,106549.6,548565.9,5.148,2036.6,31.4,2.52,161.3,1.79,0.704,8
DIST_216,STATE_12,2018,Wheat,92346.8,520027.6,5.631,1747.1,14.9,2.39,161.3,1.79,0.704,9
DIST_216,STATE_12,2019,Wheat,145604.5,774852.1,5.322,1464.3,10.4,1.93,161.3,1.79,0.711,10
DIST_216,STATE_12,2020,Wheat,118927.1,700766.8,5.892,2074.9,31.6,2.41,161.3,1.79,0.727,11
DIST_216,STATE_12,2021,Wheat,76785.8,413060.9,5.379,2149.0,12.7,2.07,161.3,1.79,0.616,12
DIST_216,STATE_12,2022,Wheat,90287.4,429946.6,4.762,1954.1,83.8,2.46,161.3,1.79,0.705,13
DIST_216,STATE_12,2023,Wheat,148789.6,836523.0,5.622,1533.3,30.0,2.27,161.3,1.79,0.707,14
DIST_217,STATE_01,2009,Wheat,179470.4,631730.6,3.52,1742.9,31.2,1.55,130.9,0.95,0.562,0
DIST_217,STATE_01,2010,Wheat,167143.9,596358.9,3.568,1978.0,35.9,2.13,130.9,0.95,0.625,1
DIST_217,STATE_01,2011,Wheat,176743.9,656307.0,3.713,1989.5,46.2,2.8,130.9,0.95,0.547,2
DIST_217,STATE_01,2012,Wheat,141000.0,311418.6,2.209,1957.1,76.0,1.7,130.9,0.95,0.479,3
DIST_217,STATE_01,2013,Wheat,163113.1,604852.9,3.708,1527.0,6.8,1.77,130.9,0.95,0.612,4
DIST_217,STATE_01,2014,Wheat,89184.6,384085.1,4.307,1908.2,26.1,1.3,130.9,0.95,0.619,5
DIST_217,STATE_01,2015,Wheat,178042.0,689221.8,3.871,2085.6,7.4,2.39,130.9,0.95,0.543,6
DIST_217,STATE_01,2016,Wheat,61003.0,227845.2,3.735,1753.4,13.1,2.08,130.9,0.95,0.565,7
DIST_217,STATE_01,2017,Wheat,53056.0,231046.3,4.355,1770.5,42.5,2.37,130.9,0.95,0.614,8
DIST_217,STATE_01,2018,Wheat,73237.0,304470.6,4.157,1663.3,23.3,2.77,130.9,0.95,0.574,9
DIST_217,STATE_01,2019,Wheat,137196.6,603031.1,4.395,2044.9,26.5,1.55,130.9,0.95,0.629,10
DIST_217,STATE_01,2020,Wheat,91818.3,393369.6,4.284,2134.1,29.9,2.45,130.9,0.95,0.624,11
DIST_217,STATE_01,2021,Wheat,99584.0,361878.2,3.634,1803.0,5.0,2.28,130.9,0.95,0.557,12
DIST_217,STATE_01,2022,Wheat,162984.2,511524.1,3.138,1573.7,61.7,2.38,130.9,0.95,0.585,13
DIST_217,STATE_01,2023,Wheat,71603.6,295337.4,4.125,1581.9,38.8,1.96,130.9,0.95,0.614,14
DIST_218,STATE_02,2009,Wheat,170540.8,770023.0,4.515,1677.5,39.8,2.8,179.5,0.71,0.646,0
DIST_218,STATE_02,2010,Wheat,120228.6,522285.6,4.344,1661.6,45.1,1.51,179.5,0.71,0.588,1
DIST_218,STATE_02,2011,Wheat,119090.1,518661.7,4.355,2044.3,22.9,1.61,179.5,0.71,0.605,2
DIST_218,STATE_02,2012,Wheat,97442.6,371437.4,3.812,1826.4,89.1,2.24,179.5,0.71,0.659,3
DIST_218,STATE_02,2013,Wheat,91747.0,444046.2,4.84,1479.9,33.1,1.67,179.5,0.71,0.629,4
DIST_218,STATE_02,2014,Wheat,66051.2,289949.7,4.39,1749.0,35.8,1.24,179.5,0.71,0.588,5
DIST_218,STATE_02,2015,Wheat,45133.9,198728.4,4.403,2038.4,28.1,2.27,179.5,0.71,0.623,6
DIST_218,STATE_02,2016,Wheat,127572.4,584938.9,4.585,1766.3,39.2,1.59,179.5,0.71,0.615,7
DIST_218,STATE_02,2017,Wheat,149112.1,654996.3,4.393,2081.5,10.3,2.56,179.5,0.71,0.645,8
DIST_218,STATE_02,2018,Wheat,45943.8,250088.0,5.443,1888.8,37.4,2.38,179.5,0.71,0.649,9
DIST_218,STATE_02,2019,Wheat,46492.3,227775.7,4.899,1831.2,0.7,1.84,179.5,0.71,0.569,10
DIST_218,STATE_02,2020,Wheat,93488.0,514868.5,5.507,2054.4,25.0,1.92,179.5,0.71,0.686,11
DIST_218,STATE_02,2021,Wheat,89352.2,463142.1,5.183,1531.8,39.9,1.62,179.5,0.71,0.633,12
DIST_218,STATE_02,2022,Wheat,131091.0,573279.3,4.373,2133.1,59.2,2.8,179.5,0.71,0.595,13
DIST_218,STATE_02,2023,Wheat,88847.3,486173.5,5.472,2062.4,23.4,1.21,179.5,0.71,0.684,14
DIST_219,STATE_03,2009,Wheat,137503.5,627507.3,4.564,2040.3,46.0,2.07,118.5,0.61,0.565,0
DIST_219,STATE_03,2010,Wheat,86201.2,396153.5,4.596,1962.6,6.6,1.35,118.5,0.61,0.616,1
DIST_219,STATE_03,2011,Wheat,133216.9,535211.6,4.018,1739.7,0.0,1.43,118.5,0.61,0.626,2
DIST_219,STATE_03,2012,Wheat,138116.9,475925.4,3.446,1830.7,70.3,2.9,118.5,0.61,0.607,3
DIST_219,STATE_03,2013,Wheat,78291.9,376964.5,4.815,1937.6,17.6,1.81,118.5,0.61,0.671,4
DIST_219,STATE_03,2014,Wheat,144309.3,663282.9,4.596,1455.0,29.0,1.5,118.5,0.61,0.601,5
DIST_219,STATE_03,2015,Wheat,176198.7,860691.5,4.885,2037.9,42.1,2.62,118.5,0.61,0.647,6
DIST_219,STATE_03,2016,Wheat,71297.2,358308.8,5.026,1724.3,18.1,2.09,118.5,0.61,0.663,7
DIST_219,STATE_03,2017,Wheat,93244.8,421354.9,4.519,1982.5,6.7,1.43,118.5,0.61,0.64,8
DIST_219,STATE_03,2018,Wheat,105813.1,571410.5,5.4,1563.3,6.9,1.37,118.5,0.61,0.622,9
DIST_219,STATE_03,2019,Wheat,122688.0,660375.3,5.383,2028.4,29.2,1.4,118.5,0.61,0.714,10
DIST_219,STATE_03,2020,Wheat,138931.2,765367.4,5.509,1965.3,7.2,2.24,118.5,0.61,0.667,11
DIST_219,STATE_03,2021,Wheat,142845.7,705348.4,4.938,2155.4,41.4,2.02,118.5,0.61,0.669,12
DIST_219,STATE_03,2022,Wheat,179572.7,737651.3,4.108,2010.3,59.3,2.86,118.5,0.61,0.608,13
DIST_219,STATE_03,2023,Wheat,61815.0,334781.5,5.416,1927.6,36.0,1.67,118.5,0.61,0.631,14
DIST_220,STATE_04,2009,Wheat,130503.3,587404.2,4.501,1479.3,33.7,2.75,119.5,0.61,0.625,0
DIST_220,STATE_04,2010,Wheat,92729.7,419378.6,4.523,2035.3,16.1,2.46,119.5,0.61,0.614,1
DIST_220,STATE_04,2011,Wheat,90537.9,381533.5,4.214,1959.6,50.5,2.16,119.5,0.61,0.582,2
DIST_220,STATE_04,2012,Wheat,171601.0,404401.8,2.357,1714.4,81.8,3.14,119.5,0.61,0.548,3
DIST_220,STATE_04,2013,Wheat,88231.1,391536.9,4.438,1724.1,18.8,1.47,119.5,0.61,0.679,4
DIST_220,STATE_04,2014,Wheat,112144.1,506606.6,4.517,1891.1,27.4,2.61,119.5,0.61,0.637,5
DIST_220,STATE_04,2015,Wheat,61085.0,283915.4,4.648,1715.6,19.6,1.72,119.5,0.61,0.573,6
DIST_220,STATE_04,2016,Wheat,131037.3,629118.5,4.801,1692.2,30.3,1.54,119.5,0.61,0.659,7
DIST_220,STATE_04,2017,Wheat,97174.8,475859.5,4.897,1815.1,18.4,2.24,119.5,0.61,0.594,8
DIST_220,STATE_04,2018,Wheat,74008.9,377434.8,5.1,1643.9,10.4,1.3,119.5,0.61,0.61,9
DIST_220,STATE_04,2019,Wheat,174847.5,780056.2,4.461,1862.8,7.2,1.85,119.5,0.61,0.631,10
DIST_220,STATE_04,2020,Wheat,158887.3,828632.7,5.215,1497.3,48.6,2.76,119.5,0.61,0.668,11
DIST_220,STATE_04,2021,Wheat,140793.2,660396.0,4.691,1994.3,37.7,2.37,119.5,0.61,0.606,12
DIST_220,STATE_04,2022,Wheat,99165.9,431830.8,4.355,2038.9,81.7,1.9,119.5,0.61,0.603,13
DIST_220,STATE_04,2023,Wheat,56286.3,266617.4,4.737,2062.1,30.9,1.59,119.5,0.61,0.644,14
DIST_221,STATE_05,2009,Wheat,57778.3,253295.5,4.384,1607.7,26.8,2.68,108.4,1.02,0.634,0
DIST_221,STATE_05,2010,Wheat,178839.1,709779.1,3.969,1773.7,38.9,1.45,108.4,1.02,0.576,1
DIST_221,STATE_05,2011,Wheat,103542.2,439114.1,4.241,1551.1,14.6,2.24,108.4,1.02,0.59,2
DIST_221,STATE_05,2012,Wheat,74872.4,194824.5,2.602,1680.9,75.6,2.92,108.4,1.02,0.571,3
DIST_221,STATE_05,2013,Wheat,45848.5,203795.6,4.445,1519.5,14.0,1.43,108.4,1.02,0.589,4
DIST_221,STATE_05,2014,Wheat,146253.0,583893.2,3.992,1976.4,22.7,2.12,108.4,1.02,0.622,5
DIST_221,STATE_05,2015,Wheat,117878.9,512001.4,4.343,1656.3,50.8,1.84,108.4,1.02,0.521,6
DIST_221,STATE_05,2016,Wheat,77575.7,333014.9,4.293,1844.9,27.8,2.3,108.4,1.02,0.599,7
DIST_221,STATE_05,2017,Wheat,167249.0,681585.9,4.075,1837.0,19.2,2.03,108.4,1.02,0.592,8
DIST_221,STATE_05,2018,Wheat,90146.0,430466.6,4.775,1886.3,14.4,2.61,108.4,1.02,0.631,9
DIST_221,STATE_05,2019,Wheat,97812.5,440704.8,4.506,1729.9,12.1,2.42,108.4,1.02,0.672,10
DIST_221,STATE_05,2020,Wheat,125042.2,606232.2,4.848,1987.5,24.9,2.17,108.4,1.02,0.67,11
DIST_221,STATE_05,2021,Wheat,173126.7,799642.3,4.619,1723.7,12.8,1.77,108.4,1.02,0.627,12
DIST_221,STATE_05,2022,Wheat,157757.0,597727.9,3.789,1824.4,83.9,2.06,108.4,1.02,0.587,13
DIST_221,STATE_05,2023,Wheat,140098.3,639496.0,4.565,1788.1,18.0,1.94,108.4,1.02,0.585,14
DIST_222,STATE_06,2009,Wheat,133561.1,622169.5,4.658,1979.9,35.1,1.77,105.3,1.19,0.651,0
DIST_222,STATE_06,2010,Wheat,161752.6,716115.9,4.427,2005.1,19.2,2.72,105.3,1.19,0.617,1
DIST_222,STATE_06,2011,Wheat,132572.2,575923.8,4.344,1907.5,43.6,1.78,105.3,1.19,0.632,2
DIST_222,STATE_06,2012,Wheat,72618.8,230784.0,3.178,1423.4,59.5,2.21,105.3,1.19,0.557,3
DIST_222,STATE_06,2013,Wheat,158346.7,766350.2,4.84,1596.9,29.0,1.41,105.3,1.19,0.592,4
DIST_222,STATE_06,2014,Wheat,158500.7,749763.5,4.73,1701.6,20.9,1.83,105.3,1.19,0.641,5
DIST_222,STATE_06,2015,Wheat,162282.3,806535.0,4.97,1832.0,25.2,1.55,105.3,1.19,0.647,6
DIST_222,STATE_06,2016,Wheat,127049.4,603737.4,4.752,1981.8,48.6,1.89,105.3,1.19,0.554,7
DIST_222,STATE_06,2017,Wheat,113494.1,568826.2,5.012,1776.6,31.9,1.74,105.3,1.19,0.669,8
DIST_222,STATE_06,2018,Wheat,151773.9,811276.3,5.345,2100.7,15.7,2.2,105.3,1.19,0.691,9
DIST_222,STATE_06,2019,Wheat,81671.6,412832.0,5.055,1968.5,33.7,1.7,105.3,1.19,0.655,10
DIST_222,STATE_06,2020,Wheat,86074.2,466677.1,5.422,1972.3,60.1,1.87,105.3,1.19,0.628,11
DIST_222,STATE_06,2021,Wheat,55471.8,272022.2,4.904,1892.7,19.3,2.56,105.3,1.19,0.685,12
DIST_222,STATE_06,2022,Wheat,81672.9,362998.0,4.445,1627.4,65.5,2.34,105.3,1.19,0.596,13
DIST_222,STATE_06,2023,Wheat,143353.3,685448.9,4.782,1897.7,28.3,1.96,105.3,1.19,0.609,14
DIST_223,STATE_07,2009,Wheat,166935.2,774085.7,4.637,1743.8,35.9,2.29,118.9,1.69,0.61,0
DIST_223,STATE_07,2010,Wheat,124124.5,588298.1,4.74,1628.3,0.0,2.22,118.9,1.69,0.627,1
DIST_223,STATE_07,2011,Wheat,132706.9,650107.4,4.899,1705.5,24.9,1.75,118.9,1.69,0.63,2
DIST_223,STATE_07,2012,Wheat,171274.9,632779.7,3.695,1717.8,67.0,1.77,118.9,1.69,0.548,3
DIST_223,STATE_07,2013,Wheat,112305.3,575603.0,5.125,1679.0,16.0,1.93,118.9,1.69,0.674,4
DIST_223,STATE_07,2014,Wheat,152084.1,753480.9,4.954,1888.2,50.2,1.86,118.9,1.69,0.652,5
DIST_223,STATE_07,2015,Wheat,134317.6,688666.8,5.127,2063.5,24.0,2.65,118.9,1.69,0.603,6
DIST_223,STATE_07,2016,Wheat,163735.4,815090.7,4.978,1611.4,23.5,1.24,118.9,1.69,0.649,7
DIST_223,STATE_07,2017,Wheat,177004.6,884405.0,4.997,1518.0,5.2,2.39,118.9,1.69,0.633,8
DIST_223,STATE_07,2018,Wheat,77378.6,426222.3,5.508,1582.5,40.8,2.02,118.9,1.69,0.663,9
DIST_223,STATE_07,2019,Wheat,152665.3,813704.3,5.33,1542.5,15.0,1.32,118.9,1.69,0.669,10
DIST_223,STATE_07,2020,Wheat,117980.3,682836.4,5.788,1629.6,13.7,1.73,118.9,1.69,0.675,11
DIST_223,STATE_07,2021,Wheat,61645.0,346131.9,5.615,1787.1,23.4,2.58,118.9,1.69,0.681,12
DIST_223,STATE_07,2022,Wheat,122074.5,584393.4,4.787,2055.7,69.6,2.72,118.9,1.69,0.654,13
DIST_223,STATE_07,2023,Wheat,82758.8,443918.2,5.364,1694.8,21.0,2.75,118.9,1.69,0.628,14
DIST_224,STATE_08,2009,Wheat,132353.4,718855.9,5.431,1438.9,16.9,1.42,105.3,1.31,0.664,0
DIST_224,STATE_08,2010,Wheat,119991.6,635427.0,5.296,1610.0,44.6,2.19,105.3,1.31,0.617,1
DIST_224,STATE_08,2011,Wheat,138095.6,689795.7,4.995,1500.7,32.4,2.26,105.3,1.31,0.623,2
DIST_224,STATE_08,2012,Wheat,101457.4,320355.4,3.158,1692.4,86.5,2.52,105.3,1.31,0.59,3
DIST_224,STATE_08,2013,Wheat,118341.2,646373.4,5.462,1778.2,19.9,1.29,105.3,1.31,0.683,4
DIST_224,STATE_08,2014,Wheat,150318.1,787640.3,5.24,1975.4,18.6,1.57,105.3,1.31,0.617,5
DIST_224,STATE_08,2015,Wheat,94245.8,512064.0,5.433,1822.5,0.0,1.9,105.3,1.31,0.639,6
DIST_224,STATE_08,2016,Wheat,165398.2,863234.8,5.219,1443.0,2.3,1.22,105.3,1.31,0.658,7
DIST_224,STATE_08,2017,Wheat,47947.3,256428.2,5.348,2135.5,21.3,1.49,105.3,1.31,0.628,8
DIST_224,STATE_08,2018,Wheat,55882.5,323825.7,5.795,1981.7,32.2,2.14,105.3,1.31,0.694,9
DIST_224,STATE_08,2019,Wheat,168744.2,919012.7,5.446,2094.4,24.9,1.58,105.3,1.31,0.665,10
DIST_224,STATE_08,2020,Wheat,80678.5,482182.0,5.977,1964.1,31.8,1.64,105.3,1.31,0.693,11
DIST_224,STATE_08,2021,Wheat,111321.8,571213.2,5.131,1577.2,0.0,1.92,105.3,1.31,0.737,12
DIST_224,STATE_08,2022,Wheat,114840.2,524449.7,4.567,1626.5,85.9,2.76,105.3,1.31,0.602,13
DIST_224,STATE_08,2023,Wheat,132116.3,774345.1,5.861,1572.9,35.1,2.66,105.3,1.31,0.665,14
DIST_225,STATE_09,2009,Wheat,120812.7,490798.7,4.062,1690.9,33.8,1.32,160.2,1.88,0.642,0
DIST_225,STATE_09,2010,Wheat,153659.5,617586.0,4.019,2029.7,25.6,1.37,160.2,1.88,0.579,1
DIST_225,STATE_09,2011,Wheat,112066.8,466763.7,4.165,1941.0,24.6,1.3,160.2,1.88,0.657,2
DIST_225,STATE_09,2012,Wheat,88985.4,294494.2,3.309,1460.2,57.4,2.74,160.2,1.88,0.578,3
DIST_225,STATE_09,2013,Wheat,114964.1,519823.9,4.522,1704.4,18.1,1.29,160.2,1.88,0.633,4
DIST_225,STATE_09,2014,Wheat,155413.1,714059.8,4.595,1596.8,9.2,2.43,160.2,1.88,0.603,5
DIST_225,STATE_09,2015,Wheat,50660.1,229177.1,4.524,1572.9,13.5,2.62,160.2,1.88,0.662,6
DIST_225,STATE_09,2016,Wheat,131267.4,564976.1,4.304,2049.2,0.6,2.04,160.2,1.88,0.639,7
DIST_225,STATE_09,2017,Wheat,86883.3,377400.1,4.344,1495.6,46.7,1.25,160.2,1.88,0.603,8
DIST_225,STATE_09,2018,Wheat,125252.6,614372.6,4.905,2095.0,9.9,1.9,160.2,1.88,0.605,9
DIST_225,STATE_09,2019,Wheat,131636.5,637797.2,4.845,1981.2,13.0,2.51,160.2,1.88,0.628,10
DIST_225,STATE_09,2020,Wheat,74114.2,382028.6,5.155,1955.1,36.6,2.05,160.2,1.88,0.641,11
DIST_225,STATE_09,2021,Wheat,150831.7,745329.8,4.941,2111.1,38.1,1.31,160.2,1.88,0.658,12
DIST_225,STATE_09,2022,Wheat,176531.0,711020.9,4.028,1950.2,39.8,1.77,160.2,1.88,0.627,13
DIST_225,STATE_09,2023,Wheat,73547.0,345002.2,4.691,1591.2,0.0,2.01,160.2,1.88,0.581,14
DIST_226,STATE_10,2009,Wheat,160747.7,677376.5,4.214,2049.1,62.7,1.88,180.0,1.31,0.586,0
DIST_226,STATE_10,2010,Wheat,45281.0,200145.7,4.42,2082.7,4.1,1.57,180.0,1.31,0.592,1
DIST_226,STATE_10,2011,Wheat,179480.6,716444.1,3.992,1413.2,38.6,2.28,180.0,1.31,0.608,2
DIST_226,STATE_10,2012,Wheat,174371.8,570810.0,3.274,2040.5,98.4,3.25,180.0,1.31,0.518,3
DIST_226,STATE_10,2013,Wheat,159392.3,679534.0,4.263,1631.4,30.2,1.79,180.0,1.31,0.595,4
DIST_226,STATE_10,2014,Wheat,133677.9,559681.7,4.187,1782.5,17.4,1.8,180.0,1.31,0.563,5
DIST_226,STATE_10,2015,Wheat,91255.8,415342.0,4.551,1897.5,21.9,2.75,180.0,1.31,0.668,6
DIST_226,STATE_10,2016,Wheat,84949.7,353834.6,4.165,1621.4,30.2,1.93,180.0,1.31,0.606,7
DIST_226,STATE_10,2017,Wheat,131845.8,567562.4,4.305,1802.6,2.8,1.35,180.0,1.31,0.671,8
DIST_226,STATE_10,2018,Wheat,111865.7,529380.6,4.732,2096.6,8.9,2.63,180.0,1.31,0.639,9
DIST_226,STATE_10,2019,Wheat,139146.8,560231.5,4.026,1688.0,25.1,2.16,180.0,1.31,0.577,10
DIST_226,STATE_10,2020,Wheat,57902.7,277330.3,4.79,1600.1,33.4,1.67,180.0,1.31,0.567,11
DIST_226,STATE_10,2021,Wheat,64581.8,309729.1,4.796,1806.8,19.0,2.72,180.0,1.31,0.673,12
DIST_226,STATE_10,2022,Wheat,47690.8,186877.3,3.919,1917.3,82.4,2.71,180.0,1.31,0.592,13
DIST_226,STATE_10,2023,Wheat,168569.4,754516.3,4.476,1613.6,0.0,2.5,180.0,1.31,0.554,14
DIST_227,STATE_11,2009,Wheat,136771.8,623998.3,4.562,1891.9,16.2,2.74,165.9,1.15,0.684,0
DIST_227,STATE_11,2010,Wheat,117790.8,526860.3,4.473,1510.4,58.1,2.72,165.9,1.15,0.56,1
DIST_227,STATE_11,2011,Wheat,118210.5,559389.5,4.732,1579.7,24.5,1.51,165.9,1.15,0.623,2
DIST_227,STATE_11,2012,Wheat,105081.1,417492.1,3.973,2106.9,53.1,2.77,165.9,1.15,0.583,3
DIST_227,STATE_11,2013,Wheat,108868.6,530646.7,4.874,1620.4,59.8,2.02,165.9,1.15,0.6,4
DIST_227,STATE_11,2014,Wheat,95947.8,452153.6,4.712,1979.5,34.3,2.04,165.9,1.15,0.615,5
DIST_227,STATE_11,2015,Wheat,146707.0,713557.6,4.864,2110.5,40.2,2.03,165.9,1.15,0.643,6
DIST_227,STATE_11,2016,Wheat,150583.2,738563.6,4.905,1921.3,57.6,2.78,165.9,1.15,0.552,7
DIST_227,STATE_11,2017,Wheat,83709.9,424502.8,5.071,1773.8,0.0,1.56,165.9,1.15,0.67,8
DIST_227,STATE_11,2018,Wheat,51764.2,275885.9,5.33,1777.6,26.5,1.8,165.9,1.15,0.645,9
DIST_227,STATE_11,2019,Wheat,176457.5,902777.5,5.116,1936.6,4.1,1.99,165.9,1.15,0.665,10
DIST_227,STATE_11,2020,Wheat,72630.3,411506.0,5.666,2056.2,37.8,1.68,165.9,1.15,0.661,11
DIST_227,STATE_11,2021,Wheat,170124.6,886291.3,5.21,2134.7,27.4,1.98,165.9,1.15,0.646,12
DIST_227,STATE_11,2022,Wheat,138747.4,606162.5,4.369,2142.8,59.9,2.18,165.9,1.15,0.634,13
DIST_227,STATE_11,2023,Wheat,69399.9,368578.0,5.311,1650.2,13.8,2.62,165.9,1.15,0.672,14
DIST_228,STATE_12,2009,Wheat,100089.2,321297.8,3.21,2027.0,9.3,2.45,97.4,1.14,0.521,0
DIST_228,STATE_12,2010,Wheat,173759.0,678172.7,3.903,1961.9,34.5,1.85,97.4,1.14,0.595,1
DIST_228,STATE_12,2011,Wheat,82491.4,337938.1,4.097,1622.0,17.3,1.5,97.4,1.14,0.59,2
DIST_228,STATE_12,2012,Wheat,164940.9,401519.8,2.434,2066.7,87.3,1.99,97.4,1.14,0.544,3
DIST_228,STATE_12,2013,Wheat,54067.3,208610.4,3.858,1518.9,39.0,1.69,97.4,1.14,0.59,4
DIST_228,STATE_12,2014,Wheat,53090.6,204501.4,3.852,1590.2,13.5,2.3,97.4,1.14,0.569,5
DIST_228,STATE_12,2015,Wheat,163208.4,630778.7,3.865,1668.1,40.2,1.52,97.4,1.14,0.623,6
DIST_228,STATE_12,2016,Wheat,94564.3,339442.8,3.59,1906.0,36.7,1.76,97.4,1.14,0.551,7
DIST_228,STATE_12,2017,Wheat,137640.4,631265.7,4.586,1607.1,0.0,2.54,97.4,1.14,0.594,8
DIST_228,STATE_12,2018,Wheat,134747.6,629222.1,4.67,1761.7,36.6,1.45,97.4,1.14,0.587,9
DIST_228,STATE_12,2019,Wheat,102981.4,427952.7,4.156,1736.1,12.1,2.51,97.4,1.14,0.623,10
DIST_228,STATE_12,2020,Wheat,104938.5,472233.4,4.5,1995.6,2.8,1.82,97.4,1.14,0.647,11
DIST_228,STATE_12,2021,Wheat,89904.3,396970.2,4.415,1968.0,0.3,2.13,97.4,1.14,0.601,12
DIST_228,STATE_12,2022,Wheat,97692.3,354308.1,3.627,1826.2,57.6,2.51,97.4,1.14,0.561,13
DIST_228,STATE_12,2023,Wheat,172773.8,769330.7,4.453,1710.0,40.9,2.49,97.4,1.14,0.582,14
DIST_229,STATE_01,2009,Wheat,135354.2,508939.7,3.76,1932.0,34.1,2.77,164.7,1.93,0.567,0
DIST_229,STATE_01,2010,Wheat,107220.1,391256.5,3.649,1437.5,35.5,1.7,164.7,1.93,0.534,1
DIST_229,STATE_01,2011,Wheat,101759.3,402840.0,3.959,2040.1,33.2,1.33,164.7,1.93,0.606,2
DIST_229,STATE_01,2012,Wheat,85326.6,235175.5,2.756,1628.6,75.1,3.0,164.7,1.93,0.533,3
DIST_229,STATE_01,2013,Wheat,124999.7,506702.0,4.054,1517.3,25.6,1.45,164.7,1.93,0.6,4
DIST_229,STATE_01,2014,Wheat,69038.8,281089.0,4.071,1978.8,45.0,1.68,164.7,1.93,0.594,5
DIST_229,STATE_01,2015,Wheat,57280.9,208389.5,3.638,1614.3,40.1,2.47,164.7,1.93,0.572,6
DIST_229,STATE_01,2016,Wheat,121767.7,532428.4,4.372,1673.6,18.5,2.36,164.7,1.93,0.643,7
DIST_229,STATE_01,2017,Wheat,128424.0,561721.9,4.374,1918.1,39.5,1.46,164.7,1.93,0.604,8
DIST_229,STATE_01,2018,Wheat,91208.0,418753.7,4.591,1532.5,0.0,2.5,164.7,1.93,0.662,9
DIST_229,STATE_01,2019,Wheat,86614.8,393866.3,4.547,1596.6,13.6,1.82,164.7,1.93,0.669,10
DIST_229,STATE_01,2020,Wheat,178387.5,813254.5,4.559,1938.8,41.6,2.69,164.7,1.93,0.597,11
DIST_229,STATE_01,2021,Wheat,115992.3,472044.9,4.07,1823.3,48.4,2.75,164.7,1.93,0.615,12
DIST_229,STATE_01,2022,Wheat,60979.6,194566.5,3.191,1702.0,59.0,2.57,164.7,1.93,0.549,13
DIST_229,STATE_01,2023,Wheat,141106.1,548417.1,3.887,1983.0,29.4,1.23,164.7,1.93,0.62,14
DIST_230,STATE_02,2009,Wheat,77852.9,302462.0,3.885,1469.8,24.2,2.45,124.8,0.98,0.593,0
DIST_230,STATE_02,2010,Wheat,122395.1,487271.8,3.981,1691.7,23.8,1.65,124.8,0.98,0.623,1
DIST_230,STATE_02,2011,Wheat,176487.0,683307.3,3.872,1653.6,29.7,2.45,124.8,0.98,0.64,2
DIST_230,STATE_02,2012,Wheat,167513.4,396231.2,2.365,2035.1,68.1,2.19,124.8,0.98,0.577,3
DIST_230,STATE_02,2013,Wheat,127387.2,562448.4,4.415,1550.3,84.1,2.25,124.8,0.98,0.681,4
DIST_230,STATE_02,2014,Wheat,77346.7,307173.5,3.971,1729.1,30.5,1.98,124.8,0.98,0.588,5
DIST_230,STATE_02,2015,Wheat,178593.6,704624.8,3.945,1803.6,35.0,1.66,124.8,0.98,0.558,6
DIST_230,STATE_02,2016,Wheat,155737.0,698014.2,4.482,1650.8,25.2,2.55,124.8,0.98,0.619,7
DIST_230,STATE_02,2017,Wheat,144560.8,614718.4,4.252,1898.5,16.1,1.51,124.8,0.98,0.569,8
DIST_230,STATE_02,2018,Wheat,91516.7,438827.1,4.795,1661.3,13.0,1.53,124.8,0.98,0.591,9
DIST_230,STATE_02,2019,Wheat,174946.9,751982.2,4.298,1558.2,22.9,1.8,124.8,0.98,0.635,10
DIST_230,STATE_02,2020,Wheat,130827.1,619103.8,4.732,1934.9,14.8,2.67,124.8,0.98,0.626,11
DIST_230,STATE_02,2021,Wheat,127844.2,571771.4,4.472,1775.2,30.1,1.72,124.8,0.98,0.614,12
DIST_230,STATE_02,2022,Wheat,47299.2,167376.4,3.539,1872.5,58.0,3.11,124.8,0.98,0.561,13
DIST_230,STATE_02,2023,Wheat,149257.3,662695.8,4.44,1648.6,17.9,1.83,124.8,0.98,0.58,14
DIST_231,STATE_03,2009,Wheat,60284.0,293924.1,4.876,1545.4,25.7,2.74,151.8,1.21,0.626,0
DIST_231,STATE_03,2010,Wheat,51712.0,232316.0,4.492,1863.4,33.9,1.88,151.8,1.21,0.617,1
DIST_231,STATE_03,2011,Wheat,97091.2,412532.7,4.249,1546.5,33.7,2.02,151.8,1.21,0.558,2
DIST_231,STATE_03,2012,Wheat,87017.2,338933.0,3.895,1771.1,63.3,1.79,151.8,1.21,0.572,3
DIST_231,STATE_03,2013,Wheat,138566.8,681845.4,4.921,1463.3,38.2,2.24,151.8,1.21,0.66,4
DIST_231,STATE_03,2014,Wheat,143115.4,693438.9,4.845,1520.7,28.5,1.74,151.8,1.21,0.632,5
DIST_231,STATE_03,2015,Wheat,175602.6,907403.3,5.167,1492.2,14.1,2.21,151.8,1.21,0.644,6
DIST_231,STATE_03,2016,Wheat,67134.9,352823.6,5.255,2027.6,12.4,1.41,151.8,1.21,0.645,7
DIST_231,STATE_03,2017,Wheat,177224.6,881855.0,4.976,1517.2,28.9,1.7,151.8,1.21,0.625,8
DIST_231,STATE_03,2018,Wheat,72001.4,404283.3,5.615,1767.1,19.8,2.43,151.8,1.21,0.612,9
DIST_231,STATE_03,2019,Wheat,170330.2,885230.0,5.197,1634.6,49.0,1.58,151.8,1.21,0.692,10
DIST_231,STATE_03,2020,Wheat,127050.0,690724.9,5.437,1717.1,46.5,2.4,151.8,1.21,0.662,11
DIST_231,STATE_03,2021,Wheat,45230.2,253334.8,5.601,1905.5,12.5,1.94,151.8,1.21,0.687,12
DIST_231,STATE_03,2022,Wheat,85245.6,360468.4,4.229,1621.2,74.3,3.22,151.8,1.21,0.564,13
DIST_231,STATE_03,2023,Wheat,131206.9,651003.3,4.962,1907.4,38.0,2.16,151.8,1.21,0.649,14
DIST_232,STATE_04,2009,Wheat,178551.0,622580.5,3.487,1644.8,16.7,1.64,91.9,1.41,0.587,0
DIST_232,STATE_04,2010,Wheat,149653.5,639121.8,4.271,1835.7,47.0,2.15,91.9,1.41,0.606,1
DIST_232,STATE_04,2011,Wheat,75410.9,305458.4,4.051,1523.3,48.6,1.27,91.9,1.41,0.578,2
DIST_232,STATE_04,2012,Wheat,59325.3,138387.0,2.333,1824.7,60.2,2.65,91.9,1.41,0.516,3
DIST_232,STATE_04,2013,Wheat,123057.6,460222.2,3.74,1488.7,42.4,2.7,91.9,1.41,0.589,4
DIST_232,STATE_04,2014,Wheat,56722.9,219843.2,3.876,2051.6,32.4,2.03,91.9,1.41,0.665,5
DIST_232,STATE_04,2015,Wheat,130780.7,504363.3,3.857,2083.1,0.0,2.15,91.9,1.41,0.528,6
DIST_232,STATE_04,2016,Wheat,131342.5,542169.6,4.128,1747.1,21.9,2.79,91.9,1.41,0.582,7
DIST_232,STATE_04,2017,Wheat,158560.5,655008.8,4.131,1894.1,21.6,2.11,91.9,1.41,0.586,8
DIST_232,STATE_04,2018,Wheat,174920.2,767533.4,4.388,1747.6,50.8,2.26,91.9,1.41,0.593,9
DIST_232,STATE_04,2019,Wheat,173620.8,730625.4,4.208,2004.8,22.0,2.18,91.9,1.41,0.658,10
DIST_232,STATE_04,2020,Wheat,120655.6,541026.3,4.484,1506.6,57.1,2.6,91.9,1.41,0.672,11
DIST_232,STATE_04,2021,Wheat,164937.5,668411.4,4.053,1861.3,37.6,2.17,91.9,1.41,0.607,12
DIST_232,STATE_04,2022,Wheat,149623.7,489686.0,3.273,2123.5,66.7,2.18,91.9,1.41,0.568,13
DIST_232,STATE_04,2023,Wheat,67128.8,312903.5,4.661,1938.2,7.8,1.24,91.9,1.41,0.654,14
DIST_233,STATE_05,2009,Wheat,174841.2,547210.6,3.13,1935.0,6.4,1.71,130.0,0.85,0.567,0
DIST_233,STATE_05,2010,Wheat,106485.7,361361.1,3.394,1732.8,3.4,1.82,130.0,0.85,0.559,1
DIST_233,STATE_05,2011,Wheat,147834.5,575688.3,3.894,1661.2,58.7,2.35,130.0,0.85,0.609,2
DIST_233,STATE_05,2012,Wheat,166664.2,338623.9,2.032,1989.4,71.3,2.72,130.0,0.85,0.5,3
DIST_233,STATE_05,2013,Wheat,173280.3,603054.5,3.48,1494.9,0.0,1.89,130.0,0.85,0.598,4
DIST_233,STATE_05,2014,Wheat,106771.6,390942.0,3.661,2116.4,28.2,2.15,130.0,0.85,0.573,5
DIST_233,STATE_05,2015,Wheat,141675.0,482067.0,3.403,1465.3,7.3,1.89,130.0,0.85,0.572,6
DIST_233,STATE_05,2016,Wheat,67065.9,233900.0,3.488,1611.3,49.4,1.79,130.0,0.85,0.582,7
DIST_233,STATE_05,2017,Wheat,127017.1,434664.3,3.422,1483.5,2.0,1.73,130.0,0.85,0.523,8
DIST_233,STATE_05,2018,Wheat,91704.3,373030.9,4.068,1736.5,17.7,2.19,130.0,0.85,0.614,9
DIST_233,STATE_05,2019,Wheat,143217.2,458967.0,3.205,1835.8,25.8,1.96,130.0,0.85,0.598,10
DIST_233,STATE_05,2020,Wheat,129962.3,561922.1,4.324,2067.1,33.8,1.2,130.0,0.85,0.566,11
DIST_233,STATE_05,2021,Wheat,57716.0,220412.9,3.819,1832.4,16.9,2.27,130.0,0.85,0.636,12
DIST_233,STATE_05,2022,Wheat,104006.6,315226.6,3.031,1668.2,46.8,2.73,130.0,0.85,0.523,13
DIST_233,STATE_05,2023,Wheat,103077.0,413891.4,4.015,1576.7,55.2,1.86,130.0,0.85,0.607,14
DIST_234,STATE_06,2009,Wheat,77533.1,340895.8,4.397,1620.7,33.9,2.24,96.0,1.61,0.594,0
DIST_234,STATE_06,2010,Wheat,76964.3,368436.5,4.787,1716.3,40.8,2.21,96.0,1.61,0.666,1
DIST_234,STATE_06,2011,Wheat,83759.0,383294.0,4.576,1949.2,53.6,1.93,96.0,1.61,0.601,2
DIST_234,STATE_06,2012,Wheat,69205.8,133074.7,1.923,1887.5,51.6,1.81,96.0,1.61,0.524,3
DIST_234,STATE_06,2013,Wheat,70178.4,309467.0,4.41,2104.9,31.1,2.35,96.0,1.61,0.631,4
DIST_234,STATE_06,2014,Wheat,117105.1,491490.0,4.197,2016.1,36.4,1.54,96.0,1.61,0.622,5
DIST_234,STATE_06,2015,Wheat,54307.0,245505.3,4.521,1929.5,26.7,1.24,96.0,1.61,0.654,6
DIST_234,STATE_06,2016,Wheat,96292.1,455355.6,4.729,1466.4,30.4,2.35,96.0,1.61,0.633,7
DIST_234,STATE_06,2017,Wheat,47075.7,204371.8,4.341,1926.3,31.4,1.57,96.0,1.61,0.608,8
DIST_234,STATE_06,2018,Wheat,146781.4,757821.2,5.163,1990.6,42.1,2.23,96.0,1.61,0.674,9
DIST_234,STATE_06,2019,Wheat,59006.3,301513.9,5.11,1640.0,8.0,2.64,96.0,1.61,0.637,10
DIST_234,STATE_06,2020,Wheat,54667.6,293179.5,5.363,1629.2,32.4,2.71,96.0,1.61,0.668,11
DIST_234,STATE_06,2021,Wheat,147385.4,664885.5,4.511,1669.5,16.9,2.49,96.0,1.61,0.662,12
DIST_234,STATE_06,2022,Wheat,113583.7,484450.4,4.265,1859.8,72.5,3.21,96.0,1.61,0.614,13
DIST_234,STATE_06,2023,Wheat,153656.0,760965.5,4.952,1981.6,32.3,1.59,96.0,1.61,0.676,14
DIST_235,STATE_07,2009,Wheat,105418.8,352737.8,3.346,1511.1,5.7,2.05,176.6,1.69,0.556,0
DIST_235,STATE_07,2010,Wheat,108039.4,344900.1,3.192,1818.1,23.3,1.61,176.6,1.69,0.55,1
DIST_235,STATE_07,2011,Wheat,153456.0,497357.2,3.241,1717.6,20.5,1.44,176.6,1.69,0.559,2
DIST_235,STATE_07,2012,Wheat,94202.1,194931.9,2.069,1526.9,61.1,2.35,176.6,1.69,0.507,3
DIST_235,STATE_07,2013,Wheat,129731.6,442446.2,3.41,1696.6,38.0,1.75,176.6,1.69,0.617,4
DIST_235,STATE_07,2014,Wheat,139583.9,398993.4,2.858,1833.5,34.2,1.33,176.6,1.69,0.594,5
DIST_235,STATE_07,2015,Wheat,95044.8,356438.0,3.75,2043.1,20.1,2.65,176.6,1.69,0.598,6
DIST_235,STATE_07,2016,Wheat,154903.1,612822.5,3.956,1788.6,18.3,1.84,176.6,1.69,0.593,7
DIST_235,STATE_07,2017,Wheat,79691.0,288393.2,3.619,1693.1,31.9,1.61,176.6,1.69,0.572,8
DIST_235,STATE_07,2018,Wheat,125650.1,529005.0,4.21,1450.0,33.6,1.56,176.6,1.69,0.586,9
DIST_235,STATE_07,2019,Wheat,138489.9,510771.7,3.688,1602.5,29.4,2.63,176.6,1.69,0.611,10
DIST_235,STATE_07,2020,Wheat,61961.5,266092.6,4.294,1522.6,30.9,2.49,176.6,1.69,0.617,11
DIST_235,STATE_07,2021,Wheat,94410.1,379302.4,4.018,1916.8,9.2,1.98,176.6,1.69,0.575,12
DIST_235,STATE_07,2022,Wheat,110300.0,349893.2,3.172,2134.6,62.0,3.0,176.6,1.69,0.599,13
DIST_235,STATE_07,2023,Wheat,50363.4,180633.1,3.587,1573.0,34.9,2.74,176.6,1.69,0.616,14
DIST_236,STATE_08,2009,Wheat,78731.8,298573.4,3.792,1705.4,8.6,2.42,156.1,0.64,0.603,0
DIST_236,STATE_08,2010,Wheat,58225.8,241520.1,4.148,1880.8,17.8,1.67,156.1,0.64,0.591,1
DIST_236,STATE_08,2011,Wheat,134822.2,571643.5,4.24,2064.0,35.0,1.67,156.1,0.64,0.644,2
DIST_236,STATE_08,2012,Wheat,50661.3,139405.6,2.752,1549.7,88.0,2.47,156.1,0.64,0.54,3
DIST_236,STATE_08,2013,Wheat,86690.6,368771.3,4.254,1910.5,28.5,2.58,156.1,0.64,0.591,4
DIST_236,STATE_08,2014,Wheat,177274.4,666205.7,3.758,2113.3,14.8,1.91,156.1,0.64,0.543,5
DIST_236,STATE_08,2015,Wheat,89597.0,385048.7,4.298,2025.0,28.6,1.35,156.1,0.64,0.61,6
DIST_236,STATE_08,2016,Wheat,53054.4,211701.0,3.99,1709.7,21.2,2.33,156.1,0.64,0.609,7
DIST_236,STATE_08,2017,Wheat,120153.2,497763.0,4.143,2024.4,23.9,1.86,156.1,0.64,0.628,8
DIST_236,STATE_08,2018,Wheat,71173.3,337644.4,4.744,1958.4,28.6,2.0,156.1,0.64,0.627,9
DIST_236,STATE_08,2019,Wheat,62274.4,292319.0,4.694,1848.9,74.5,2.61,156.1,0.64,0.582,10
DIST_236,STATE_08,2020,Wheat,106227.5,517968.7,4.876,1774.0,66.1,2.72,156.1,0.64,0.697,11
DIST_236,STATE_08,2021,Wheat,116757.5,471152.7,4.035,1899.1,38.2,2.22,156.1,0.64,0.562,12
DIST_236,STATE_08,2022,Wheat,90608.8,352281.7,3.888,1764.3,74.9,1.8,156.1,0.64,0.578,13
DIST_236,STATE_08,2023,Wheat,168340.4,794425.0,4.719,1578.1,24.6,1.5,156.1,0.64,0.606,14
DIST_237,STATE_09,2009,Wheat,57569.8,277280.8,4.816,1612.0,35.2,2.0,91.0,1.22,0.626,0
DIST_237,STATE_09,2010,Wheat,157906.3,721820.4,4.571,2015.8,34.9,1.78,91.0,1.22,0.574,1
DIST_237,STATE_09,2011,Wheat,58561.6,297109.4,5.073,1847.2,36.5,1.38,91.0,1.22,0.619,2
DIST_237,STATE_09,2012,Wheat,128213.4,432538.2,3.374,1809.5,61.6,1.98,91.0,1.22,0.572,3
DIST_237,STATE_09,2013,Wheat,58104.4,295428.8,5.084,1504.4,29.9,2.12,91.0,1.22,0.643,4
DIST_237,STATE_09,2014,Wheat,103838.5,526230.5,5.068,1775.0,34.4,2.32,91.0,1.22,0.669,5
DIST_237,STATE_09,2015,Wheat,48953.0,247009.5,5.046,1737.8,62.0,1.64,91.0,1.22,0.647,6
DIST_237,STATE_09,2016,Wheat,137732.8,693242.4,5.033,1976.5,0.0,2.38,91.0,1.22,0.625,7
DIST_237,STATE_09,2017,Wheat,71339.3,384546.7,5.39,1659.8,42.5,2.45,91.0,1.22,0.649,8
DIST_237,STATE_09,2018,Wheat,81714.2,474577.9,5.808,1860.4,16.2,2.29,91.0,1.22,0.661,9
DIST_237,STATE_09,2019,Wheat,132475.2,717460.0,5.416,2017.2,11.8,1.42,91.0,1.22,0.668,10
DIST_237,STATE_09,2020,Wheat,101940.5,593512.3,5.822,1966.4,34.3,2.36,91.0,1.22,0.707,11
DIST_237,STATE_09,2021,Wheat,105583.1,584488.4,5.536,1544.9,0.2,1.82,91.0,1.22,0.672,12
DIST_237,STATE_09,2022,Wheat,96676.7,477276.5,4.937,2031.2,66.2,2.45,91.0,1.22,0.636,13
DIST_237,STATE_09,2023,Wheat,99633.5,542245.7,5.442,2122.4,0.0,1.27,91.0,1.22,0.681,14
DIST_238,STATE_10,2009,Wheat,50884.6,255549.6,5.022,1749.4,25.5,2.03,107.8,1.4,0.608,0
DIST_238,STATE_10,2010,Wheat,83858.4,416649.0,4.968,1573.6,27.4,1.41,107.8,1.4,0.661,1
DIST_238,STATE_10,2011,Wheat,127333.4,670877.7,5.269,1438.6,35.2,2.74,107.8,1.4,0.687,2
DIST_238,STATE_10,2012,Wheat,86033.5,274406.2,3.19,1682.1,78.3,2.83,107.8,1.4,0.541,3
DIST_238,STATE_10,2013,Wheat,55395.7,275521.3,4.974,2058.4,18.9,1.57,107.8,1.4,0.598,4
DIST_238,STATE_10,2014,Wheat,100839.3,494874.7,4.908,1924.8,22.0,2.3,107.8,1.4,0.641,5
DIST_238,STATE_10,2015,Wheat,51006.7,248992.4,4.882,1918.8,25.8,2.37,107.8,1.4,0.692,6
DIST_238,STATE_10,2016,Wheat,117662.3,601968.3,5.116,1875.9,50.4,1.52,107.8,1.4,0.672,7
DIST_238,STATE_10,2017,Wheat,105227.3,543223.6,5.162,1982.1,0.0,1.79,107.8,1.4,0.63,8
DIST_238,STATE_10,2018,Wheat,143774.1,805310.1,5.601,1774.2,14.9,2.33,107.8,1.4,0.69,9
DIST_238,STATE_10,2019,Wheat,177775.2,944041.3,5.31,1918.9,25.4,2.7,107.8,1.4,0.684,10
DIST_238,STATE_10,2020,Wheat,178890.1,1062242.2,5.938,1891.2,28.4,1.61,107.8,1.4,0.72,11
DIST_238,STATE_10,2021,Wheat,52553.0,296730.8,5.646,1874.0,20.7,1.8,107.8,1.4,0.691,12
DIST_238,STATE_10,2022,Wheat,125843.7,564161.4,4.483,1656.0,66.0,2.46,107.8,1.4,0.565,13
DIST_238,STATE_10,2023,Wheat,58876.1,310080.1,5.267,1850.2,40.5,1.71,107.8,1.4,0.61,14
DIST_239,STATE_11,2009,Wheat,118066.1,429437.5,3.637,2009.2,25.1,2.44,95.2,2.09,0.561,0
DIST_239,STATE_11,2010,Wheat,133794.5,521818.9,3.9,1941.4,39.0,1.64,95.2,2.09,0.599,1
DIST_239,STATE_11,2011,Wheat,129428.8,513931.6,3.971,1411.0,19.5,1.77,95.2,2.09,0.68,2
DIST_239,STATE_11,2012,Wheat,77904.4,165256.8,2.121,1985.7,84.7,1.87,95.2,2.09,0.591,3
DIST_239,STATE_11,2013,Wheat,58996.8,228610.5,3.875,1783.7,48.5,1.58,95.2,2.09,0.608,4
DIST_239,STATE_11,2014,Wheat,177722.1,731998.4,4.119,1577.2,0.0,2.78,95.2,2.09,0.628,5
DIST_239,STATE_11,2015,Wheat,57101.6,237274.3,4.155,1640.3,22.6,2.77,95.2,2.09,0.588,6
DIST_239,STATE_11,2016,Wheat,45819.5,187883.1,4.101,1933.9,11.0,1.52,95.2,2.09,0.591,7
DIST_239,STATE_11,2017,Wheat,149091.0,581169.8,3.898,1514.6,26.2,2.35,95.2,2.09,0.607,8
DIST_239,STATE_11,2018,Wheat,64489.2,297560.5,4.614,1861.5,21.0,2.11,95.2,2.09,0.592,9
DIST_239,STATE_11,2019,Wheat,49648.9,195939.5,3.947,2008.8,27.3,2.36,95.2,2.09,0.603,10
DIST_239,STATE_11,2020,Wheat,79288.3,383915.9,4.842,1796.5,30.5,1.58,95.2,2.09,0.605,11
DIST_239,STATE_11,2021,Wheat,62177.8,271026.9,4.359,1510.3,24.1,2.19,95.2,2.09,0.671,12
DIST_239,STATE_11,2022,Wheat,144944.3,479183.0,3.306,1788.2,69.6,1.88,95.2,2.09,0.58,13
DIST_239,STATE_11,2023,Wheat,112979.5,441985.9,3.912,1861.1,32.3,1.58,95.2,2.09,0.642,14
DIST_240,STATE_12,2009,Wheat,155775.6,541067.2,3.473,1907.5,23.4,1.32,128.3,1.0,0.581,0
DIST_240,STATE_12,2010,Wheat,93226.8,331038.7,3.551,2076.0,25.5,1.26,128.3,1.0,0.577,1
DIST_240,STATE_12,2011,Wheat,96397.3,288703.3,2.995,1877.3,26.1,2.35,128.3,1.0,0.567,2
DIST_240,STATE_12,2012,Wheat,129754.7,318311.0,2.453,1732.7,66.1,2.79,128.3,1.0,0.563,3
DIST_240,STATE_12,2013,Wheat,95776.5,323612.5,3.379,1632.8,12.3,1.61,128.3,1.0,0.576,4
DIST_240,STATE_12,2014,Wheat,111316.7,482031.1,4.33,1827.2,39.4,2.0,128.3,1.0,0.574,5
DIST_240,STATE_12,2015,Wheat,143242.3,559441.7,3.906,1705.5,17.4,2.56,128.3,1.0,0.596,6
DIST_240,STATE_12,2016,Wheat,74018.6,289163.3,3.907,2076.1,42.9,2.68,128.3,1.0,0.567,7
DIST_240,STATE_12,2017,Wheat,57470.1,221873.1,3.861,1482.5,27.1,2.17,128.3,1.0,0.593,8
DIST_240,STATE_12,2018,Wheat,74864.5,300351.0,4.012,1616.4,32.9,1.74,128.3,1.0,0.66,9
DIST_240,STATE_12,2019,Wheat,54068.3,209958.4,3.883,1487.9,39.1,2.05,128.3,1.0,0.6,10
DIST_240,STATE_12,2020,Wheat,154483.8,684741.7,4.432,1508.1,33.8,1.91,128.3,1.0,0.582,11
DIST_240,STATE_12,2021,Wheat,105102.0,395628.2,3.764,2097.4,0.0,1.37,128.3,1.0,0.598,12
DIST_240,STATE_12,2022,Wheat,130136.0,397220.7,3.052,2124.1,43.5,2.97,128.3,1.0,0.517,13
DIST_240,STATE_12,2023,Wheat,105868.0,432840.1,4.088,1955.4,34.2,1.23,128.3,1.0,0.673,14
DIST_241,STATE_01,2009,Wheat,131042.8,332761.0,2.539,1775.0,9.7,2.15,105.6,0.68,0.486,0
DIST_241,STATE_01,2010,Wheat,173631.4,511791.9,2.948,1465.5,22.5,2.02,105.6,0.68,0.568,1
DIST_241,STATE_01,2011,Wheat,81364.2,280400.6,3.446,1803.6,18.0,1.65,105.6,0.68,0.6,2
DIST_241,STATE_01,2012,Wheat,114662.4,126128.6,1.1,1581.7,66.7,2.01,105.6,0.68,0.467,3
DIST_241,STATE_01,2013,Wheat,178064.1,610750.8,3.43,1677.7,44.4,2.74,105.6,0.68,0.533,4
DIST_241,STATE_01,2014,Wheat,147029.7,482351.1,3.281,2026.8,48.4,1.98,105.6,0.68,0.59,5
DIST_241,STATE_01,2015,Wheat,120933.5,458319.0,3.79,2053.0,7.4,1.93,105.6,0.68,0.572,6
DIST_241,STATE_01,2016,Wheat,166973.6,546272.2,3.272,1867.2,3.0,2.57,105.6,0.68,0.557,7
DIST_241,STATE_01,2017,Wheat,130471.1,435841.7,3.341,2106.0,27.3,2.66,105.6,0.68,0.549,8
DIST_241,STATE_01,2018,Wheat,130173.2,464392.5,3.567,1777.4,43.4,1.28,105.6,0.68,0.536,9
DIST_241,STATE_01,2019,Wheat,95898.0,327838.4,3.419,1665.2,0.0,2.53,105.6,0.68,0.605,10
DIST_241,STATE_01,2020,Wheat,100247.2,403190.4,4.022,1653.4,25.9,1.36,105.6,0.68,0.619,11
DIST_241,STATE_01,2021,Wheat,120722.5,421414.4,3.491,1927.3,34.4,1.78,105.6,0.68,0.576,12
DIST_241,STATE_01,2022,Wheat,61239.0,154146.3,2.517,1896.9,85.6,1.71,105.6,0.68,0.547,13
DIST_241,STATE_01,2023,Wheat,173245.4,597124.4,3.447,1577.6,15.6,1.26,105.6,0.68,0.635,14
DIST_242,STATE_02,2009,Wheat,170549.2,896232.4,5.255,1907.6,28.9,2.27,184.9,1.41,0.644,0
DIST_242,STATE_02,2010,Wheat,99177.2,509210.6,5.134,1484.9,12.6,2.35,184.9,1.41,0.66,1
DIST_242,STATE_02,2011,Wheat,75930.5,375353.4,4.943,2079.6,50.8,2.61,184.9,1.41,0.596,2
DIST_242,STATE_02,2012,Wheat,154092.1,529449.3,3.436,1743.1,81.2,2.44,184.9,1.41,0.59,3
DIST_242,STATE_02,2013,Wheat,97177.0,467826.7,4.814,1788.3,47.4,2.28,184.9,1.41,0.605,4
DIST_242,STATE_02,2014,Wheat,122128.2,636952.0,5.215,2061.9,33.8,1.86,184.9,1.41,0.616,5
DIST_242,STATE_02,2015,Wheat,153910.5,757849.6,4.924,1988.2,24.5,1.99,184.9,1.41,0.711,6
DIST_242,STATE_02,2016,Wheat,74618.6,354754.8,4.754,1803.2,24.8,1.74,184.9,1.41,0.619,7
DIST_242,STATE_02,2017,Wheat,96412.8,510572.1,5.296,1445.1,46.1,1.6,184.9,1.41,0.631,8
DIST_242,STATE_02,2018,Wheat,132349.7,702110.1,5.305,1974.0,28.0,1.71,184.9,1.41,0.671,9
DIST_242,STATE_02,2019,Wheat,172648.4,881021.5,5.103,1665.3,30.7,2.76,184.9,1.41,0.68,10
DIST_242,STATE_02,2020,Wheat,149585.4,829144.4,5.543,1992.7,46.7,1.62,184.9,1.41,0.659,11
DIST_242,STATE_02,2021,Wheat,172390.1,887335.0,5.147,1810.5,10.0,2.22,184.9,1.41,0.615,12
DIST_242,STATE_02,2022,Wheat,140436.8,633050.3,4.508,2145.4,74.8,1.97,184.9,1.41,0.593,13
DIST_242,STATE_02,2023,Wheat,77720.8,407272.6,5.24,1733.7,1.9,1.56,184.9,1.41,0.655,14
DIST_243,STATE_03,2009,Wheat,170273.6,721094.4,4.235,1871.0,37.9,2.48,186.3,1.09,0.611,0
DIST_243,STATE_03,2010,Wheat,116227.7,513442.6,4.418,1610.1,33.0,2.33,186.3,1.09,0.567,1
DIST_243,STATE_03,2011,Wheat,68012.0,314112.4,4.618,1508.3,17.8,2.2,186.3,1.09,0.606,2
DIST_243,STATE_03,2012,Wheat,132525.4,493821.9,3.726,1744.1,42.5,3.24,186.3,1.09,0.626,3
DIST_243,STATE_03,2013,Wheat,79734.5,358260.0,4.493,1776.1,0.0,1.95,186.3,1.09,0.636,4
DIST_243,STATE_03,2014,Wheat,149080.0,731930.5,4.91,1621.1,10.2,1.85,186.3,1.09,0.65,5
DIST_243,STATE_03,2015,Wheat,72779.0,372395.0,5.117,1610.2,17.1,1.73,186.3,1.09,0.66,6
DIST_243,STATE_03,2016,Wheat,107217.5,536580.4,5.005,2064.8,53.8,1.55,186.3,1.09,0.617,7
DIST_243,STATE_03,2017,Wheat,128124.1,639815.3,4.994,2049.4,51.1,2.51,186.3,1.09,0.628,8
DIST_243,STATE_03,2018,Wheat,140286.6,725371.2,5.171,2088.9,5.7,1.4,186.3,1.09,0.654,9
DIST_243,STATE_03,2019,Wheat,114308.2,553671.2,4.844,1498.8,20.7,1.56,186.3,1.09,0.598,10
DIST_243,STATE_03,2020,Wheat,140258.0,761935.6,5.432,1488.1,0.0,1.33,186.3,1.09,0.652,11
DIST_243,STATE_03,2021,Wheat,50649.5,247393.3,4.884,1982.3,0.0,2.45,186.3,1.09,0.612,12
DIST_243,STATE_03,2022,Wheat,126986.7,529323.0,4.168,2119.6,89.6,2.31,186.3,1.09,0.595,13
DIST_243,STATE_03,2023,Wheat,84051.1,421623.3,5.016,1944.5,35.5,1.54,186.3,1.09,0.616,14
DIST_244,STATE_04,2009,Wheat,156754.9,632566.6,4.035,1780.5,0.0,1.55,178.9,1.61,0.618,0
DIST_244,STATE_04,2010,Wheat,96973.9,470109.1,4.848,1966.8,18.8,2.38,178.9,1.61,0.661,1
DIST_244,STATE_04,2011,Wheat,160489.6,649090.0,4.044,1815.7,19.0,2.14,178.9,1.61,0.641,2
DIST_244,STATE_04,2012,Wheat,178078.6,656272.2,3.685,1975.0,76.0,2.0,178.9,1.61,0.608,3
DIST_244,STATE_04,2013,Wheat,120825.8,495521.6,4.101,1714.6,15.2,2.24,178.9,1.61,0.66,4
DIST_244,STATE_04,2014,Wheat,160212.1,717625.7,4.479,1561.9,14.5,2.74,178.9,1.61,0.561,5
DIST_244,STATE_04,2015,Wheat,133218.8,563359.0,4.229,1723.4,2.2,2.72,178.9,1.61,0.608,6
DIST_244,STATE_04,2016,Wheat,132044.7,640635.1,4.852,1475.6,41.3,1.77,178.9,1.61,0.663,7
DIST_244,STATE_04,2017,Wheat,49499.4,253537.7,5.122,1729.8,11.6,2.51,178.9,1.61,0.687,8
DIST_244,STATE_04,2018,Wheat,101231.0,504391.9,4.983,2094.3,0.9,2.11,178.9,1.61,0.632,9
DIST_244,STATE_04,2019,Wheat,128808.6,595744.1,4.625,1731.6,24.7,1.91,178.9,1.61,0.609,10
DIST_244,STATE_04,2020,Wheat,82747.7,437850.0,5.291,1607.3,12.1,2.16,178.9,1.61,0.618,11
DIST_244,STATE_04,2021,Wheat,95532.4,412301.9,4.316,1719.6,19.6,2.76,178.9,1.61,0.63,12
DIST_244,STATE_04,2022,Wheat,45752.0,180890.3,3.954,2160.2,61.7,2.91,178.9,1.61,0.57,13
DIST_244,STATE_04,2023,Wheat,119952.4,640794.6,5.342,1647.3,35.4,1.49,178.9,1.61,0.676,14
DIST_245,STATE_05,2009,Wheat,151135.7,621246.9,4.111,1503.6,30.5,2.04,132.3,1.74,0.59,0
DIST_245,STATE_05,2010,Wheat,102390.8,407769.4,3.982,1968.1,21.3,1.35,132.3,1.74,0.592,1
DIST_245,STATE_05,2011,Wheat,171190.2,610368.4,3.565,1771.5,35.2,1.94,132.3,1.74,0.634,2
DIST_245,STATE_05,2012,Wheat,62361.0,154634.4,2.48,2031.1,60.8,2.39,132.3,1.74,0.539,3
DIST_245,STATE_05,2013,Wheat,132391.8,491156.2,3.71,1612.9,34.0,2.24,132.3,1.74,0.618,4
DIST_245,STATE_05,2014,Wheat,82015.5,334494.0,4.078,1829.4,23.7,1.69,132.3,1.74,0.544,5
DIST_245,STATE_05,2015,Wheat,127016.1,482717.2,3.8,1921.3,16.8,2.73,132.3,1.74,0.574,6
DIST_245,STATE_05,2016,Wheat,153194.6,552752.5,3.608,1802.6,46.3,1.59,132.3,1.74,0.569,7
DIST_245,STATE_05,2017,Wheat,161085.9,606144.6,3.763,1483.0,29.5,1.39,132.3,1.74,0.582,8
DIST_245,STATE_05,2018,Wheat,73824.0,338473.9,4.585,1869.1,12.6,2.13,132.3,1.74,0.614,9
DIST_245,STATE_05,2019,Wheat,130999.6,584824.4,4.464,1800.2,42.4,2.03,132.3,1.74,0.659,10
DIST_245,STATE_05,2020,Wheat,124237.7,582050.2,4.685,1564.1,40.2,1.54,132.3,1.74,0.635,11
DIST_245,STATE_05,2021,Wheat,147518.3,622873.8,4.222,1847.0,17.8,2.64,132.3,1.74,0.598,12
DIST_245,STATE_05,2022,Wheat,59943.9,196461.6,3.277,2023.1,41.3,2.88,132.3,1.74,0.552,13
DIST_245,STATE_05,2023,Wheat,55034.4,257902.5,4.686,1693.0,33.0,1.71,132.3,1.74,0.626,14
DIST_246,STATE_06,2009,Wheat,144265.0,418906.7,2.904,1822.5,7.8,1.72,134.4,1.15,0.572,0
DIST_246,STATE_06,2010,Wheat,126355.4,432039.8,3.419,2103.7,23.4,1.36,134.4,1.15,0.572,1
DIST_246,STATE_06,2011,Wheat,135438.4,478146.9,3.53,1860.2,16.0,1.85,134.4,1.15,0.571,2
DIST_246,STATE_06,2012,Wheat,150505.6,265796.4,1.766,1921.0,85.3,2.42,134.4,1.15,0.511,3
DIST_246,STATE_06,2013,Wheat,82751.2,302871.6,3.66,1457.5,21.4,1.4,134.4,1.15,0.63,4
DIST_246,STATE_06,2014,Wheat,80124.7,323386.5,4.036,1934.0,46.0,2.4,134.4,1.15,0.612,5
DIST_246,STATE_06,2015,Wheat,109595.1,381143.9,3.478,1443.3,8.5,1.68,134.4,1.15,0.548,6
DIST_246,STATE_06,2016,Wheat,62047.2,230896.4,3.721,1759.3,36.3,2.07,134.4,1.15,0.602,7
DIST_246,STATE_06,2017,Wheat,71048.1,227097.3,3.196,1542.6,17.3,2.47,134.4,1.15,0.609,8
DIST_246,STATE_06,2018,Wheat,71175.9,306715.9,4.309,1802.2,22.4,1.91,134.4,1.15,0.649,9
DIST_246,STATE_06,2019,Wheat,177581.1,585300.5,3.296,2019.0,18.9,2.23,134.4,1.15,0.52,10
DIST_246,STATE_06,2020,Wheat,166929.8,720796.8,4.318,2112.9,28.4,1.97,134.4,1.15,0.604,11
DIST_246,STATE_06,2021,Wheat,57574.0,249195.3,4.328,2077.7,21.4,2.27,134.4,1.15,0.584,12
DIST_246,STATE_06,2022,Wheat,88688.5,302225.1,3.408,1537.5,70.6,3.0,134.4,1.15,0.548,13
DIST_246,STATE_06,2023,Wheat,109265.8,457588.3,4.188,1796.8,72.5,1.25,134.4,1.15,0.586,14
DIST_247,STATE_07,2009,Wheat,51537.1,214882.3,4.169,1892.3,34.9,2.76,138.7,1.79,0.555,0
DIST_247,STATE_07,2010,Wheat,66150.7,282046.9,4.264,1606.2,13.0,2.25,138.7,1.79,0.554,1
DIST_247,STATE_07,2011,Wheat,112277.5,522035.3,4.65,2085.3,19.7,2.01,138.7,1.79,0.599,2
DIST_247,STATE_07,2012,Wheat,117411.5,341163.6,2.906,1837.8,60.7,2.91,138.7,1.79,0.559,3
DIST_247,STATE_07,2013,Wheat,97880.7,473755.1,4.84,1796.3,9.2,1.87,138.7,1.79,0.642,4
DIST_247,STATE_07,2014,Wheat,57330.2,242615.7,4.232,1536.9,5.0,1.46,138.7,1.79,0.632,5
DIST_247,STATE_07,2015,Wheat,72813.7,328648.7,4.514,1721.3,40.4,1.28,138.7,1.79,0.598,6
DIST_247,STATE_07,2016,Wheat,179050.0,802161.8,4.48,1834.5,15.9,1.42,138.7,1.79,0.594,7
DIST_247,STATE_07,2017,Wheat,61821.6,280569.6,4.538,1998.0,59.7,1.73,138.7,1.79,0.617,8
DIST_247,STATE_07,2018,Wheat,79771.8,409735.2,5.136,1660.6,10.7,2.19,138.7,1.79,0.656,9
DIST_247,STATE_07,2019,Wheat,120521.0,608925.3,5.052,1517.5,1.0,2.48,138.7,1.79,0.644,10
DIST_247,STATE_07,2020,Wheat,68771.6,369938.7,5.379,2009.4,39.1,1.3,138.7,1.79,0.663,11
DIST_247,STATE_07,2021,Wheat,94984.4,478601.6,5.039,1593.3,30.9,1.78,138.7,1.79,0.676,12
DIST_247,STATE_07,2022,Wheat,156583.3,646463.5,4.129,1702.2,46.2,2.03,138.7,1.79,0.568,13
DIST_247,STATE_07,2023,Wheat,130950.8,640866.2,4.894,2086.5,28.9,1.26,138.7,1.79,0.624,14
DIST_248,STATE_08,2009,Wheat,79329.8,360660.3,4.546,1415.4,19.1,1.83,127.2,1.64,0.631,0
DIST_248,STATE_08,2010,Wheat,161870.5,674728.0,4.168,1753.4,33.2,1.79,127.2,1.64,0.567,1
DIST_248,STATE_08,2011,Wheat,91883.9,427757.9,4.655,1923.5,10.2,2.49,127.2,1.64,0.605,2
DIST_248,STATE_08,2012,Wheat,112174.1,291066.3,2.595,1783.7,71.4,2.37,127.2,1.64,0.6,3
DIST_248,STATE_08,2013,Wheat,137774.0,642196.6,4.661,2036.6,28.4,1.74,127.2,1.64,0.646,4
DIST_248,STATE_08,2014,Wheat,98205.5,427972.8,4.358,1921.8,31.6,2.08,127.2,1.64,0.594,5
DIST_248,STATE_08,2015,Wheat,139087.4,626884.1,4.507,1438.3,0.0,2.22,127.2,1.64,0.573,6
DIST_248,STATE_08,2016,Wheat,146652.4,677249.6,4.618,1647.4,21.6,2.28,127.2,1.64,0.57,7
DIST_248,STATE_08,2017,Wheat,147404.4,654752.9,4.442,1753.4,22.6,2.33,127.2,1.64,0.643,8
DIST_248,STATE_08,2018,Wheat,172387.1,873394.8,5.066,1500.2,18.1,2.02,127.2,1.64,0.657,9
DIST_248,STATE_08,2019,Wheat,48131.2,243006.0,5.049,2130.6,9.5,1.98,127.2,1.64,0.615,10
DIST_248,STATE_08,2020,Wheat,148448.9,765908.3,5.159,1730.3,46.2,1.83,127.2,1.64,0.572,11
DIST_248,STATE_08,2021,Wheat,69275.1,320937.7,4.633,2022.0,18.2,2.13,127.2,1.64,0.636,12
DIST_248,STATE_08,2022,Wheat,143363.1,550038.1,3.837,1597.3,69.8,2.93,127.2,1.64,0.604,13
DIST_248,STATE_08,2023,Wheat,127236.8,553181.7,4.348,1896.6,38.3,1.31,127.2,1.64,0.649,14
DIST_249,STATE_09,2009,Wheat,101513.0,367325.9,3.619,2090.8,19.4,1.66,156.4,1.04,0.633,0
DIST_249,STATE_09,2010,Wheat,46822.1,182852.3,3.905,2035.3,39.6,1.26,156.4,1.04,0.585,1
DIST_249,STATE_09,2011,Wheat,91637.3,347141.4,3.788,2003.5,12.1,1.22,156.4,1.04,0.562,2
DIST_249,STATE_09,2012,Wheat,150107.4,371118.4,2.472,1764.9,75.2,2.04,156.4,1.04,0.506,3
DIST_249,STATE_09,2013,Wheat,70653.2,288726.5,4.087,1858.7,39.5,2.8,156.4,1.04,0.672,4
DIST_249,STATE_09,2014,Wheat,167790.0,582780.8,3.473,1588.9,44.9,1.36,156.4,1.04,0.554,5
DIST_249,STATE_09,2015,Wheat,95375.1,394782.4,4.139,1726.5,28.3,1.55,156.4,1.04,0.604,6
DIST_249,STATE_09,2016,Wheat,127027.8,493227.8,3.883,1944.4,20.2,1.97,156.4,1.04,0.613,7
DIST_249,STATE_09,2017,Wheat,117786.3,450400.7,3.824,1559.8,4.4,2.77,156.4,1.04,0.531,8
DIST_249,STATE_09,2018,Wheat,144140.1,684791.8,4.751,2067.1,31.8,1.29,156.4,1.04,0.636,9
DIST_249,STATE_09,2019,Wheat,123744.9,577280.6,4.665,1572.6,20.6,1.74,156.4,1.04,0.591,10
DIST_249,STATE_09,2020,Wheat,114505.2,531122.9,4.638,2053.4,12.0,2.39,156.4,1.04,0.57,11
DIST_249,STATE_09,2021,Wheat,52779.2,216466.8,4.101,2111.3,26.2,1.8,156.4,1.04,0.598,12
DIST_249,STATE_09,2022,Wheat,101646.3,337658.2,3.322,2036.6,55.3,2.65,156.4,1.04,0.539,13
DIST_249,STATE_09,2023,Wheat,171401.7,760542.6,4.437,2020.4,26.8,2.47,156.4,1.04,0.555,14
DIST_250,STATE_10,2009,Wheat,145854.1,428403.9,2.937,1607.4,9.6,2.53,186.4,2.04,0.501,0
DIST_250,STATE_10,2010,Wheat,173523.3,556039.3,3.204,1894.3,14.4,2.41,186.4,2.04,0.565,1
DIST_250,STATE_10,2011,Wheat,94700.3,279501.6,2.951,1697.6,22.9,2.55,186.4,2.04,0.536,2
DIST_250,STATE_10,2012,Wheat,119873.9,309661.3,2.583,1890.0,71.1,3.16,186.4,2.04,0.494,3
DIST_250,STATE_10,2013,Wheat,129754.9,401636.5,3.095,1834.5,25.7,1.24,186.4,2.04,0.55,4
DIST_250,STATE_10,2014,Wheat,106304.2,350054.6,3.293,1685.2,28.8,2.6,186.4,2.04,0.596,5
DIST_250,STATE_10,2015,Wheat,107543.8,351815.3,3.271,2005.4,25.9,1.51,186.4,2.04,0.561,6
DIST_250,STATE_10,2016,Wheat,97501.2,329222.9,3.377,1649.4,19.0,2.29,186.4,2.04,0.556,7
DIST_250,STATE_10,2017,Wheat,117401.0,466160.2,3.971,1824.3,4.9,1.6,186.4,2.04,0.584,8
DIST_250,STATE_10,2018,Wheat,122304.1,489207.2,4.0,1572.4,25.3,1.61,186.4,2.04,0.581,9
DIST_250,STATE_10,2019,Wheat,133166.8,418750.6,3.145,1903.9,33.7,2.62,186.4,2.04,0.524,10
DIST_250,STATE_10,2020,Wheat,176951.8,737337.3,4.167,1525.2,30.8,1.81,186.4,2.04,0.603,11
DIST_250,STATE_10,2021,Wheat,96665.3,373395.9,3.863,1474.9,27.7,1.24,186.4,2.04,0.602,12
DIST_250,STATE_10,2022,Wheat,52369.7,169846.2,3.243,2028.4,78.4,3.0,186.4,2.04,0.557,13
DIST_250,STATE_10,2023,Wheat,150303.5,552794.0,3.678,1837.8,24.6,2.28,186.4,2.04,0.603,14
DIST_251,STATE_11,2009,Wheat,160124.7,599154.6,3.742,1748.6,8.2,1.77,184.3,1.2,0.555,0
DIST_251,STATE_11,2010,Wheat,45723.5,182870.1,3.999,1601.4,48.3,2.52,184.3,1.2,0.621,1
DIST_251,STATE_11,2011,Wheat,144969.8,576120.3,3.974,1462.3,35.9,1.29,184.3,1.2,0.593,2
DIST_251,STATE_11,2012,Wheat,83734.9,270329.1,3.228,1868.5,54.3,2.27,184.3,1.2,0.504,3
DIST_251,STATE_11,2013,Wheat,67810.8,301355.4,4.444,1471.8,43.7,1.74,184.3,1.2,0.631,4
DIST_251,STATE_11,2014,Wheat,75052.7,333511.6,4.444,1508.4,18.6,2.0,184.3,1.2,0.65,5
DIST_251,STATE_11,2015,Wheat,141372.9,652099.2,4.613,1469.7,2.4,2.41,184.3,1.2,0.61,6
DIST_251,STATE_11,2016,Wheat,57854.4,239511.3,4.14,1612.4,34.9,1.37,184.3,1.2,0.616,7
DIST_251,STATE_11,2017,Wheat,176446.9,668670.2,3.79,1719.6,16.4,1.48,184.3,1.2,0.575,8
DIST_251,STATE_11,2018,Wheat,147906.0,680894.7,4.604,1487.7,25.1,2.07,184.3,1.2,0.626,9
DIST_251,STATE_11,2019,Wheat,108646.6,512454.3,4.717,1680.3,9.5,1.62,184.3,1.2,0.621,10
DIST_251,STATE_11,2020,Wheat,92296.1,442198.0,4.791,1515.3,31.2,1.5,184.3,1.2,0.647,11
DIST_251,STATE_11,2021,Wheat,99889.0,421980.5,4.224,2007.4,11.5,2.1,184.3,1.2,0.625,12
DIST_251,STATE_11,2022,Wheat,130460.8,464541.9,3.561,1885.0,56.2,2.61,184.3,1.2,0.609,13
DIST_251,STATE_11,2023,Wheat,109875.5,517642.0,4.711,1920.1,17.7,2.47,184.3,1.2,0.635,14
DIST_252,STATE_12,2009,Wheat,127275.7,414203.9,3.254,2044.9,12.7,2.02,175.5,1.53,0.544,0
DIST_252,STATE_12,2010,Wheat,130575.3,403240.4,3.088,1721.8,49.0,2.18,175.5,1.53,0.548,1
DIST_252,STATE_12,2011,Wheat,138876.1,462155.6,3.328,1961.2,0.0,1.22,175.5,1.53,0.554,2
DIST_252,STATE_12,2012,Wheat,89271.7,176018.6,1.972,1665.1,69.8,2.82,175.5,1.53,0.454,3
DIST_252,STATE_12,2013,Wheat,134518.8,426783.1,3.173,1924.5,45.4,1.68,175.5,1.53,0.599,4
DIST_252,STATE_12,2014,Wheat,52951.8,195363.4,3.689,1997.5,42.3,2.76,175.5,1.53,0.592,5
DIST_252,STATE_12,2015,Wheat,50139.2,179794.6,3.586,1969.8,2.4,1.38,175.5,1.53,0.619,6
DIST_252,STATE_12,2016,Wheat,138872.1,465906.0,3.355,1439.2,17.5,2.28,175.5,1.53,0.569,7
DIST_252,STATE_12,2017,Wheat,75290.3,263861.1,3.505,1688.7,28.1,2.76,175.5,1.53,0.588,8
DIST_252,STATE_12,2018,Wheat,148722.6,578898.5,3.892,2052.2,2.9,1.75,175.5,1.53,0.612,9
DIST_252,STATE_12,2019,Wheat,82590.0,336720.0,4.077,1640.4,7.1,2.5,175.5,1.53,0.605,10
DIST_252,STATE_12,2020,Wheat,57767.6,222398.9,3.85,1694.6,24.0,1.84,175.5,1.53,0.561,11
DIST_252,STATE_12,2021,Wheat,171295.4,598029.4,3.491,1734.5,33.4,1.96,175.5,1.53,0.528,12
DIST_252,STATE_12,2022,Wheat,89852.2,240378.5,2.675,1870.0,61.2,2.08,175.5,1.53,0.564,13
DIST_252,STATE_12,2023,Wheat,85002.1,333763.2,3.927,1947.1,33.1,2.16,175.5,1.53,0.648,14
DIST_253,STATE_01,2009,Wheat,161099.9,552765.8,3.431,1416.3,6.4,1.6,98.2,1.61,0.602,0
DIST_253,STATE_01,2010,Wheat,60970.4,231733.1,3.801,1826.3,0.0,2.28,98.2,1.61,0.614,1
DIST_253,STATE_01,2011,Wheat,106089.6,432623.4,4.078,1633.4,29.8,1.65,98.2,1.61,0.594,2
DIST_253,STATE_01,2012,Wheat,126473.9,313705.9,2.48,1568.6,86.1,2.07,98.2,1.61,0.461,3
DIST_253,STATE_01,2013,Wheat,84822.6,371975.2,4.385,1457.8,45.2,2.56,98.2,1.61,0.616,4
DIST_253,STATE_01,2014,Wheat,160544.0,709905.6,4.422,1711.1,3.8,2.69,98.2,1.61,0.612,5
DIST_253,STATE_01,2015,Wheat,79960.3,348791.0,4.362,1556.3,45.7,1.82,98.2,1.61,0.673,6
DIST_253,STATE_01,2016,Wheat,67984.4,306297.3,4.505,1519.3,27.2,1.25,98.2,1.61,0.576,7
DIST_253,STATE_01,2017,Wheat,103160.7,425653.5,4.126,1792.3,16.2,1.73,98.2,1.61,0.645,8
DIST_253,STATE_01,2018,Wheat,159722.6,798541.2,5.0,1607.9,39.0,1.33,98.2,1.61,0.622,9
DIST_253,STATE_01,2019,Wheat,70254.7,307065.2,4.371,1575.9,0.0,1.88,98.2,1.61,0.632,10
DIST_253,STATE_01,2020,Wheat,54987.8,283214.6,5.15,1606.7,32.2,2.41,98.2,1.61,0.585,11
DIST_253,STATE_01,2021,Wheat,72754.6,343447.8,4.721,1656.3,6.1,2.74,98.2,1.61,0.619,12
DIST_253,STATE_01,2022,Wheat,178053.0,727212.3,4.084,2054.3,93.7,2.77,98.2,1.61,0.586,13
DIST_253,STATE_01,2023,Wheat,114271.5,518261.4,4.535,1916.5,8.1,2.07,98.2,1.61,0.541,14
DIST_254,STATE_02,2009,Wheat,164878.0,591459.5,3.587,1843.0,35.2,2.23,133.4,1.41,0.628,0
DIST_254,STATE_02,2010,Wheat,179945.8,691072.1,3.84,1428.5,26.0,1.83,133.4,1.41,0.581,1
DIST_254,STATE_02,2011,Wheat,153153.7,663093.4,4.33,1601.0,12.1,2.19,133.4,1.41,0.586,2
DIST_254,STATE_02,2012,Wheat,106055.2,245763.5,2.317,1680.5,31.4,1.86,133.4,1.41,0.519,3
DIST_254,STATE_02,2013,Wheat,155027.5,642434.0,4.144,1785.1,39.2,2.16,133.4,1.41,0.62,4
DIST_254,STATE_02,2014,Wheat,57386.5,240402.4,4.189,1656.7,21.5,2.71,133.4,1.41,0.6,5
DIST_254,STATE_02,2015,Wheat,171075.5,655369.6,3.831,1503.2,20.6,2.37,133.4,1.41,0.569,6
DIST_254,STATE_02,2016,Wheat,90731.1,387172.4,4.267,1540.0,17.0,1.21,133.4,1.41,0.681,7
DIST_254,STATE_02,2017,Wheat,79857.6,339329.8,4.249,1595.7,26.3,1.45,133.4,1.41,0.638,8
DIST_254,STATE_02,2018,Wheat,94773.7,450927.5,4.758,2073.8,21.2,2.4,133.4,1.41,0.648,9
DIST_254,STATE_02,2019,Wheat,169523.8,684566.2,4.038,1797.5,15.4,1.59,133.4,1.41,0.609,10
DIST_254,STATE_02,2020,Wheat,82200.0,396962.1,4.829,2125.3,9.5,2.32,133.4,1.41,0.563,11
DIST_254,STATE_02,2021,Wheat,55346.1,213175.5,3.852,1877.5,32.2,2.59,133.4,1.41,0.563,12
DIST_254,STATE_02,2022,Wheat,155205.7,606007.7,3.905,2124.2,92.9,2.32,133.4,1.41,0.576,13
DIST_254,STATE_02,2023,Wheat,112806.0,554902.7,4.919,2055.5,25.9,1.54,133.4,1.41,0.609,14
DIST_255,STATE_03,2009,Wheat,135380.4,426455.5,3.15,1499.1,35.3,2.38,154.4,0.64,0.571,0
DIST_255,STATE_03,2010,Wheat,168016.8,606507.9,3.61,1603.3,25.7,2.16,154.4,0.64,0.578,1
DIST_255,STATE_03,2011,Wheat,167377.5,642971.7,3.841,1516.0,27.5,1.82,154.4,0.64,0.59,2
DIST_255,STATE_03,2012,Wheat,151646.3,341559.9,2.252,1764.3,61.1,1.85,154.4,0.64,0.547,3
DIST_255,STATE_03,2013,Wheat,75997.7,279956.2,3.684,1643.8,37.8,2.66,154.4,0.64,0.612,4
DIST_255,STATE_03,2014,Wheat,108098.0,416340.2,3.852,2074.4,0.0,2.43,154.4,0.64,0.587,5
DIST_255,STATE_03,2015,Wheat,151899.3,585270.6,3.853,1733.1,9.1,2.59,154.4,0.64,0.636,6
DIST_255,STATE_03,2016,Wheat,102048.6,369172.2,3.618,1872.3,33.9,2.6,154.4,0.64,0.624,7
DIST_255,STATE_03,2017,Wheat,150700.4,581572.1,3.859,1730.2,53.7,1.25,154.4,0.64,0.593,8
DIST_255,STATE_03,2018,Wheat,148925.2,671488.4,4.509,1619.6,21.2,2.42,154.4,0.64,0.636,9
DIST_255,STATE_03,2019,Wheat,66030.7,291742.0,4.418,1638.7,20.3,1.36,154.4,0.64,0.602,10
DIST_255,STATE_03,2020,Wheat,155729.9,703955.6,4.52,2086.0,36.1,1.37,154.4,0.64,0.616,11
DIST_255,STATE_03,2021,Wheat,144481.8,595643.2,4.123,1970.2,0.0,2.67,154.4,0.64,0.595,12
DIST_255,STATE_03,2022,Wheat,171492.8,585944.4,3.417,1786.6,53.8,2.18,154.4,0.64,0.582,13
DIST_255,STATE_03,2023,Wheat,50289.8,228051.6,4.535,1841.7,36.7,2.1,154.4,0.64,0.619,14
DIST_256,STATE_04,2009,Wheat,122817.6,511332.7,4.163,1983.3,33.4,1.35,95.3,1.74,0.59,0
DIST_256,STATE_04,2010,Wheat,163262.8,668127.9,4.092,1898.4,18.8,1.24,95.3,1.74,0.612,1
DIST_256,STATE_04,2011,Wheat,134612.6,567277.7,4.214,2069.4,27.1,1.21,95.3,1.74,0.618,2
DIST_256,STATE_04,2012,Wheat,114274.1,309579.4,2.709,1764.4,77.0,3.12,95.3,1.74,0.55,3
DIST_256,STATE_04,2013,Wheat,157469.8,704253.8,4.472,1997.0,17.2,1.64,95.3,1.74,0.644,4
DIST_256,STATE_04,2014,Wheat,108925.7,533016.2,4.893,1566.0,29.9,1.47,95.3,1.74,0.655,5
DIST_256,STATE_04,2015,Wheat,164728.8,806876.0,4.898,1586.0,38.1,2.78,95.3,1.74,0.643,6
DIST_256,STATE_04,2016,Wheat,133718.8,589879.6,4.411,1728.3,39.8,2.23,95.3,1.74,0.613,7
DIST_256,STATE_04,2017,Wheat,45990.6,205032.8,4.458,1527.5,24.9,2.73,95.3,1.74,0.618,8
DIST_256,STATE_04,2018,Wheat,150577.6,751859.7,4.993,1711.7,23.2,1.35,95.3,1.74,0.587,9
DIST_256,STATE_04,2019,Wheat,134042.5,663597.6,4.951,1910.7,14.5,2.49,95.3,1.74,0.567,10
DIST_256,STATE_04,2020,Wheat,50029.7,264997.5,5.297,2045.2,0.9,1.4,95.3,1.74,0.639,11
DIST_256,STATE_04,2021,Wheat,47558.1,219621.2,4.618,1752.9,35.2,1.7,95.3,1.74,0.606,12
DIST_256,STATE_04,2022,Wheat,128224.7,519836.3,4.054,2121.1,41.7,2.53,95.3,1.74,0.556,13
DIST_256,STATE_04,2023,Wheat,146976.5,729746.8,4.965,1568.5,0.0,2.25,95.3,1.74,0.627,14
DIST_257,STATE_05,2009,Wheat,114967.8,576505.2,5.014,1717.1,16.0,2.34,184.7,0.85,0.65,0
DIST_257,STATE_05,2010,Wheat,123836.6,604848.0,4.884,1731.2,45.4,2.18,184.7,0.85,0.639,1
DIST_257,STATE_05,2011,Wheat,128483.4,637523.4,4.962,1676.2,26.0,2.31,184.7,0.85,0.687,2
DIST_257,STATE_05,2012,Wheat,150248.9,590615.6,3.931,1730.6,66.6,3.27,184.7,0.85,0.579,3
DIST_257,STATE_05,2013,Wheat,103051.6,508173.5,4.931,1799.2,6.4,2.28,184.7,0.85,0.613,4
DIST_257,STATE_05,2014,Wheat,150174.6,812892.8,5.413,1957.7,4.3,1.8,184.7,0.85,0.607,5
DIST_257,STATE_05,2015,Wheat,162558.7,914272.9,5.624,2045.1,14.7,1.47,184.7,0.85,0.655,6
DIST_257,STATE_05,2016,Wheat,133666.2,718314.2,5.374,1667.0,0.0,2.27,184.7,0.85,0.658,7
DIST_257,STATE_05,2017,Wheat,66406.3,352552.7,5.309,1845.8,41.1,1.76,184.7,0.85,0.654,8
DIST_257,STATE_05,2018,Wheat,125819.0,703698.7,5.593,1812.1,9.8,1.7,184.7,0.85,0.667,9
DIST_257,STATE_05,2019,Wheat,86693.6,436113.4,5.031,1942.1,31.7,2.24,184.7,0.85,0.644,10
DIST_257,STATE_05,2020,Wheat,79056.6,440556.5,5.573,1776.4,12.4,1.37,184.7,0.85,0.678,11
DIST_257,STATE_05,2021,Wheat,179252.6,982543.1,5.481,1760.1,23.8,1.3,184.7,0.85,0.618,12
DIST_257,STATE_05,2022,Wheat,123489.8,559573.5,4.531,1607.9,60.8,2.1,184.7,0.85,0.626,13
DIST_257,STATE_05,2023,Wheat,114008.5,593688.9,5.207,2110.7,39.6,1.28,184.7,0.85,0.692,14
DIST_258,STATE_06,2009,Wheat,103558.0,432275.2,4.174,1940.3,14.6,1.48,129.3,0.84,0.627,0
DIST_258,STATE_06,2010,Wheat,109892.4,489037.6,4.45,1613.9,21.9,1.87,129.3,0.84,0.583,1
DIST_258,STATE_06,2011,Wheat,93188.5,443679.2,4.761,1957.8,4.4,2.26,129.3,0.84,0.663,2
DIST_258,STATE_06,2012,Wheat,124985.6,365991.4,2.928,1582.6,78.3,1.82,129.3,0.84,0.582,3
DIST_258,STATE_06,2013,Wheat,97605.2,488326.8,5.003,1558.6,29.9,2.14,129.3,0.84,0.689,4
DIST_258,STATE_06,2014,Wheat,126319.6,635120.5,5.028,1880.0,11.1,1.58,129.3,0.84,0.649,5
DIST_258,STATE_06,2015,Wheat,130690.5,620115.3,4.745,1895.8,25.6,1.58,129.3,0.84,0.652,6
DIST_258,STATE_06,2016,Wheat,80193.4,434732.7,5.421,1759.1,22.7,2.21,129.3,0.84,0.68,7
DIST_258,STATE_06,2017,Wheat,145888.8,666990.9,4.572,1559.0,15.0,1.59,129.3,0.84,0.565,8
DIST_258,STATE_06,2018,Wheat,90608.5,485041.5,5.353,1720.1,13.6,2.58,129.3,0.84,0.658,9
DIST_258,STATE_06,2019,Wheat,132241.5,691854.5,5.232,1840.0,28.9,1.38,129.3,0.84,0.691,10
DIST_258,STATE_06,2020,Wheat,147679.0,817083.2,5.533,2029.2,15.9,1.67,129.3,0.84,0.635,11
DIST_258,STATE_06,2021,Wheat,97026.5,463307.0,4.775,1587.5,25.4,1.62,129.3,0.84,0.652,12
DIST_258,STATE_06,2022,Wheat,121396.1,556632.3,4.585,1490.2,76.7,1.84,129.3,0.84,0.652,13
DIST_258,STATE_06,2023,Wheat,154887.4,831615.6,5.369,1802.0,22.2,1.6,129.3,0.84,0.659,14
DIST_259,STATE_07,2009,Wheat,55406.1,176743.1,3.19,1431.4,9.2,1.37,169.8,0.94,0.523,0
DIST_259,STATE_07,2010,Wheat,76455.7,245931.8,3.217,1972.7,53.8,1.92,169.8,0.94,0.567,1
DIST_259,STATE_07,2011,Wheat,99822.2,291644.4,2.922,1640.5,27.8,1.54,169.8,0.94,0.538,2
DIST_259,STATE_07,2012,Wheat,73148.3,140651.3,1.923,1829.1,53.0,2.82,169.8,0.94,0.554,3
DIST_259,STATE_07,2013,Wheat,140404.4,494144.2,3.519,2095.4,37.5,1.23,169.8,0.94,0.569,4
DIST_259,STATE_07,2014,Wheat,132912.5,438167.4,3.297,1495.6,24.3,2.55,169.8,0.94,0.563,5
DIST_259,STATE_07,2015,Wheat,141494.9,478669.8,3.383,2033.4,22.6,2.57,169.8,0.94,0.575,6
DIST_259,STATE_07,2016,Wheat,89365.1,288187.7,3.225,1770.9,46.4,2.59,169.8,0.94,0.554,7
DIST_259,STATE_07,2017,Wheat,161725.9,548255.7,3.39,1458.4,21.0,2.01,169.8,0.94,0.59,8
DIST_259,STATE_07,2018,Wheat,166804.4,626154.3,3.754,1969.9,28.3,1.5,169.8,0.94,0.604,9
DIST_259,STATE_07,2019,Wheat,126979.9,446010.1,3.512,2098.5,0.0,1.81,169.8,0.94,0.626,10
DIST_259,STATE_07,2020,Wheat,90087.9,352092.2,3.908,1474.0,16.8,2.75,169.8,0.94,0.642,11
DIST_259,STATE_07,2021,Wheat,59368.6,200450.7,3.376,1802.2,3.3,1.68,169.8,0.94,0.564,12
DIST_259,STATE_07,2022,Wheat,83967.5,218368.8,2.601,1614.4,100.1,2.86,169.8,0.94,0.555,13
DIST_259,STATE_07,2023,Wheat,167155.0,679617.6,4.066,1891.5,17.1,1.28,169.8,0.94,0.579,14
DIST_260,STATE_08,2009,Wheat,101289.4,446070.2,4.404,1723.9,11.1,2.34,96.4,0.88,0.543,0
DIST_260,STATE_08,2010,Wheat,85954.8,402765.1,4.686,1652.5,0.0,2.18,96.4,0.88,0.679,1
DIST_260,STATE_08,2011,Wheat,120672.7,545159.0,4.518,1972.5,18.1,2.27,96.4,0.88,0.531,2
DIST_260,STATE_08,2012,Wheat,97100.5,289819.0,2.985,1852.4,69.1,2.66,96.4,0.88,0.544,3
DIST_260,STATE_08,2013,Wheat,52615.9,244227.3,4.642,1588.5,0.0,2.44,96.4,0.88,0.613,4
DIST_260,STATE_08,2014,Wheat,172445.7,781572.1,4.532,2001.7,31.8,2.4,96.4,0.88,0.63,5
DIST_260,STATE_08,2015,Wheat,104972.9,496334.9,4.728,1647.8,9.3,2.53,96.4,0.88,0.606,6
DIST_260,STATE_08,2016,Wheat,82120.4,389858.4,4.747,1595.0,29.6,2.1,96.4,0.88,0.652,7
DIST_260,STATE_08,2017,Wheat,146908.2,786617.0,5.354,1828.1,26.5,2.7,96.4,0.88,0.667,8
DIST_260,STATE_08,2018,Wheat,161045.0,839620.1,5.214,2081.4,28.0,2.65,96.4,0.88,0.637,9
DIST_260,STATE_08,2019,Wheat,66452.5,344974.9,5.191,1683.8,13.8,1.97,96.4,0.88,0.668,10
DIST_260,STATE_08,2020,Wheat,126520.9,679157.0,5.368,2110.0,41.9,2.13,96.4,0.88,0.672,11
DIST_260,STATE_08,2021,Wheat,73333.5,356186.8,4.857,2108.4,36.0,2.31,96.4,0.88,0.621,12
DIST_260,STATE_08,2022,Wheat,120018.3,516770.6,4.306,1549.4,100.2,2.43,96.4,0.88,0.667,13
DIST_260,STATE_08,2023,Wheat,130682.6,590939.8,4.522,2140.1,37.2,2.09,96.4,0.88,0.629,14
DIST_261,STATE_09,2009,Wheat,152839.4,568519.6,3.72,1780.2,46.1,2.61,97.0,0.8,0.636,0
DIST_261,STATE_09,2010,Wheat,86241.0,341850.3,3.964,1591.9,27.0,1.91,97.0,0.8,0.643,1
DIST_261,STATE_09,2011,Wheat,112889.9,424450.2,3.76,1552.4,57.6,2.65,97.0,0.8,0.612,2
DIST_261,STATE_09,2012,Wheat,83393.2,148517.0,1.781,1471.8,86.8,3.02,97.0,0.8,0.511,3
DIST_261,STATE_09,2013,Wheat,82466.9,343320.4,4.163,2060.5,39.0,1.68,97.0,0.8,0.601,4
DIST_261,STATE_09,2014,Wheat,72177.5,327847.9,4.542,1830.0,22.9,1.82,97.0,0.8,0.606,5
DIST_261,STATE_09,2015,Wheat,104024.0,471632.9,4.534,1919.3,15.6,2.33,97.0,0.8,0.615,6
DIST_261,STATE_09,2016,Wheat,127708.5,564299.7,4.419,2078.9,25.0,1.38,97.0,0.8,0.662,7
DIST_261,STATE_09,2017,Wheat,54554.4,256103.7,4.694,1455.8,46.7,1.46,97.0,0.8,0.62,8
DIST_261,STATE_09,2018,Wheat,133637.9,684078.7,5.119,1677.5,33.0,1.55,97.0,0.8,0.643,9
DIST_261,STATE_09,2019,Wheat,63632.0,332083.4,5.219,1480.5,24.9,1.22,97.0,0.8,0.631,10
DIST_261,STATE_09,2020,Wheat,179638.1,933354.7,5.196,1497.9,21.7,1.89,97.0,0.8,0.617,11
DIST_261,STATE_09,2021,Wheat,171870.7,741820.0,4.316,1737.1,0.3,1.2,97.0,0.8,0.61,12
DIST_261,STATE_09,2022,Wheat,56031.5,208697.2,3.725,2140.0,74.2,3.3,97.0,0.8,0.557,13
DIST_261,STATE_09,2023,Wheat,150357.2,714590.5,4.753,1492.5,8.9,2.3,97.0,0.8,0.625,14
DIST_262,STATE_10,2009,Wheat,50458.6,157019.6,3.112,1811.3,9.2,1.39,180.7,0.87,0.511,0
DIST_262,STATE_10,2010,Wheat,94169.3,315145.4,3.347,1525.1,46.9,2.15,180.7,0.87,0.551,1
DIST_262,STATE_10,2011,Wheat,48491.2,169901.9,3.504,1560.0,22.4,1.85,180.7,0.87,0.566,2
DIST_262,STATE_10,2012,Wheat,55875.7,108847.1,1.948,1959.0,88.4,2.52,180.7,0.87,0.504,3
DIST_262,STATE_10,2013,Wheat,163485.1,552076.7,3.377,1475.8,13.5,2.09,180.7,0.87,0.544,4
DIST_262,STATE_10,2014,Wheat,139442.0,504586.4,3.619,1919.0,36.9,1.34,180.7,0.87,0.596,5
DIST_262,STATE_10,2015,Wheat,173773.9,607272.1,3.495,1756.1,12.9,2.74,180.7,0.87,0.595,6
DIST_262,STATE_10,2016,Wheat,48295.1,178525.6,3.697,1527.6,6.1,2.47,180.7,0.87,0.619,7
DIST_262,STATE_10,2017,Wheat,164407.8,529951.8,3.223,1677.1,24.4,2.32,180.7,0.87,0.567,8
DIST_262,STATE_10,2018,Wheat,66164.9,270195.7,4.084,2129.1,0.0,1.31,180.7,0.87,0.627,9
DIST_262,STATE_10,2019,Wheat,172668.7,624970.2,3.619,1612.5,31.6,1.27,180.7,0.87,0.562,10
DIST_262,STATE_10,2020,Wheat,152508.0,616324.8,4.041,1847.2,24.1,2.67,180.7,0.87,0.559,11
DIST_262,STATE_10,2021,Wheat,90395.6,366958.4,4.059,1591.9,36.7,1.61,180.7,0.87,0.547,12
DIST_262,STATE_10,2022,Wheat,140551.9,409285.6,2.912,1979.1,74.0,1.96,180.7,0.87,0.578,13
DIST_262,STATE_10,2023,Wheat,46620.7,189855.0,4.072,1511.2,6.5,1.43,180.7,0.87,0.647,14
DIST_263,STATE_11,2009,Wheat,172108.0,507896.5,2.951,1833.4,51.3,2.36,105.9,2.04,0.576,0
DIST_263,STATE_11,2010,Wheat,64369.4,163526.7,2.54,1688.1,22.3,2.55,105.9,2.04,0.519,1
DIST_263,STATE_11,2011,Wheat,133627.3,436171.6,3.264,1766.7,18.9,1.58,105.9,2.04,0.598,2
DIST_263,STATE_11,2012,Wheat,77443.3,102129.4,1.319,1716.5,92.6,3.1,105.9,2.04,0.463,3
DIST_263,STATE_11,2013,Wheat,47528.0,127858.6,2.69,2080.1,10.8,2.65,105.9,2.04,0.495,4
DIST_263,STATE_11,2014,Wheat,68791.4,259349.5,3.77,1774.1,40.6,2.67,105.9,2.04,0.54,5
DIST_263,STATE_11,2015,Wheat,49209.4,160630.6,3.264,1665.4,16.8,2.18,105.9,2.04,0.571,6
DIST_263,STATE_11,2016,Wheat,48899.9,175402.6,3.587,1981.6,26.9,2.03,105.9,2.04,0.592,7
DIST_263,STATE_11,2017,Wheat,66616.1,215356.0,3.233,1818.9,29.6,2.08,105.9,2.04,0.508,8
DIST_263,STATE_11,2018,Wheat,134253.2,475048.6,3.538,1889.1,21.5,1.68,105.9,2.04,0.584,9
DIST_263,STATE_11,2019,Wheat,136475.8,425939.2,3.121,1491.3,30.6,1.74,105.9,2.04,0.576,10
DIST_263,STATE_11,2020,Wheat,162511.9,625764.5,3.851,1951.5,33.3,2.03,105.9,2.04,0.546,11
DIST_263,STATE_11,2021,Wheat,166825.7,644209.9,3.862,1667.0,20.1,2.52,105.9,2.04,0.571,12
DIST_263,STATE_11,2022,Wheat,67812.4,175753.0,2.592,2017.2,124.2,2.28,105.9,2.04,0.578,13
DIST_263,STATE_11,2023,Wheat,57708.9,197753.3,3.427,1681.9,37.2,2.34,105.9,2.04,0.543,14
DIST_264,STATE_12,2009,Wheat,94430.2,300364.7,3.181,1990.0,15.1,1.51,156.1,1.61,0.614,0
DIST_264,STATE_12,2010,Wheat,60007.5,196472.6,3.274,1433.7,33.9,1.73,156.1,1.61,0.606,1
DIST_264,STATE_12,2011,Wheat,118718.4,387975.0,3.268,1816.5,27.0,2.18,156.1,1.61,0.611,2
DIST_264,STATE_12,2012,Wheat,163861.9,320672.4,1.957,1579.9,61.0,3.01,156.1,1.61,0.505,3
DIST_264,STATE_12,2013,Wheat,177482.1,494070.9,2.784,2068.8,9.6,2.76,156.1,1.61,0.556,4
DIST_264,STATE_12,2014,Wheat,59609.8,158334.6,2.656,1801.4,18.4,1.76,156.1,1.61,0.579,5
DIST_264,STATE_12,2015,Wheat,51582.3,178636.0,3.463,1741.6,21.6,1.62,156.1,1.61,0.526,6
DIST_264,STATE_12,2016,Wheat,164933.2,488119.3,2.959,1585.8,11.3,2.73,156.1,1.61,0.567,7
DIST_264,STATE_12,2017,Wheat,103559.4,397605.6,3.839,1679.6,44.2,1.54,156.1,1.61,0.607,8
DIST_264,STATE_12,2018,Wheat,164226.2,623212.4,3.795,1549.1,26.8,2.7,156.1,1.61,0.553,9
DIST_264,STATE_12,2019,Wheat,107483.7,334775.2,3.115,1952.8,22.5,2.04,156.1,1.61,0.617,10
DIST_264,STATE_12,2020,Wheat,86080.1,323052.4,3.753,1697.2,53.3,2.34,156.1,1.61,0.645,11
DIST_264,STATE_12,2021,Wheat,148975.3,498760.7,3.348,1473.7,36.7,2.35,156.1,1.61,0.581,12
DIST_264,STATE_12,2022,Wheat,104029.4,292806.7,2.815,1948.5,62.4,1.76,156.1,1.61,0.567,13
DIST_264,STATE_12,2023,Wheat,159374.1,533364.6,3.347,1736.8,27.0,2.2,156.1,1.61,0.521,14
DIST_265,STATE_01,2009,Wheat,74666.6,312390.8,4.184,2083.4,18.1,1.71,177.7,1.39,0.594,0
DIST_265,STATE_01,2010,Wheat,164460.2,620944.8,3.776,1957.2,42.2,2.51,177.7,1.39,0.556,1
DIST_265,STATE_01,2011,Wheat,161677.1,630044.7,3.897,2106.2,27.9,1.49,177.7,1.39,0.623,2
DIST_265,STATE_01,2012,Wheat,117171.7,308184.0,2.63,1466.7,48.8,3.05,177.7,1.39,0.54,3
DIST_265,STATE_01,2013,Wheat,75349.7,303290.0,4.025,1433.5,36.7,2.66,177.7,1.39,0.568,4
DIST_265,STATE_01,2014,Wheat,138896.7,552554.8,3.978,1618.5,11.7,2.11,177.7,1.39,0.621,5
DIST_265,STATE_01,2015,Wheat,106087.5,437168.4,4.121,1953.5,10.2,1.5,177.7,1.39,0.582,6
DIST_265,STATE_01,2016,Wheat,83203.9,329157.0,3.956,1891.6,23.5,2.24,177.7,1.39,0.59,7
DIST_265,STATE_01,2017,Wheat,121890.3,485859.1,3.986,1663.0,49.8,1.21,177.7,1.39,0.578,8
DIST_265,STATE_01,2018,Wheat,64220.3,285124.1,4.44,1534.3,23.2,2.04,177.7,1.39,0.629,9
DIST_265,STATE_01,2019,Wheat,161368.7,699943.9,4.338,1711.1,17.4,1.8,177.7,1.39,0.587,10
DIST_265,STATE_01,2020,Wheat,79767.3,356245.8,4.466,1726.1,40.2,1.28,177.7,1.39,0.668,11
DIST_265,STATE_01,2021,Wheat,114355.6,483315.6,4.226,1510.3,51.3,1.29,177.7,1.39,0.592,12
DIST_265,STATE_01,2022,Wheat,95031.2,358582.9,3.773,1601.5,71.9,2.16,177.7,1.39,0.61,13
DIST_265,STATE_01,2023,Wheat,62835.6,259568.8,4.131,1636.1,46.9,2.23,177.7,1.39,0.585,14
DIST_266,STATE_02,2009,Wheat,132173.3,549033.3,4.154,2041.5,0.0,1.87,172.6,1.67,0.568,0
DIST_266,STATE_02,2010,Wheat,113741.1,481396.1,4.232,2054.6,19.2,1.83,172.6,1.67,0.577,1
DIST_266,STATE_02,2011,Wheat,88774.8,371741.3,4.187,1916.7,30.1,1.72,172.6,1.67,0.643,2
DIST_266,STATE_02,2012,Wheat,61781.6,215019.3,3.48,2068.3,66.5,2.76,172.6,1.67,0.579,3
DIST_266,STATE_02,2013,Wheat,155574.3,714622.3,4.593,1539.9,24.3,2.35,172.6,1.67,0.581,4
DIST_266,STATE_02,2014,Wheat,139329.9,628562.6,4.511,1808.2,26.1,2.22,172.6,1.67,0.611,5
DIST_266,STATE_02,2015,Wheat,124096.4,555088.4,4.473,1527.1,11.0,2.56,172.6,1.67,0.619,6
DIST_266,STATE_02,2016,Wheat,128715.4,561461.7,4.362,1717.6,38.3,1.31,172.6,1.67,0.594,7
DIST_266,STATE_02,2017,Wheat,155827.9,702175.8,4.506,1554.1,12.7,2.45,172.6,1.67,0.583,8
DIST_266,STATE_02,2018,Wheat,104998.8,538192.4,5.126,1534.9,42.9,2.65,172.6,1.67,0.673,9
DIST_266,STATE_02,2019,Wheat,156216.6,749489.0,4.798,1505.8,18.3,2.53,172.6,1.67,0.619,10
DIST_266,STATE_02,2020,Wheat,116276.2,621153.7,5.342,1527.9,28.9,2.69,172.6,1.67,0.643,11
DIST_266,STATE_02,2021,Wheat,156776.6,755835.7,4.821,1804.1,24.5,2.23,172.6,1.67,0.578,12
DIST_266,STATE_02,2022,Wheat,149021.9,633902.9,4.254,1951.9,54.8,2.28,172.6,1.67,0.613,13
DIST_266,STATE_02,2023,Wheat,114472.0,547379.0,4.782,1774.4,25.2,1.82,172.6,1.67,0.668,14
DIST_267,STATE_03,2009,Wheat,102384.6,329614.9,3.219,1968.0,14.4,2.67,172.1,1.46,0.612,0
DIST_267,STATE_03,2010,Wheat,52639.8,177092.9,3.364,1797.2,24.7,2.15,172.1,1.46,0.622,1
DIST_267,STATE_03,2011,Wheat,156084.6,517913.0,3.318,2005.3,15.7,2.23,172.1,1.46,0.586,2
DIST_267,STATE_03,2012,Wheat,147875.9,368730.8,2.494,1540.6,82.9,2.08,172.1,1.46,0.49,3
DIST_267,STATE_03,2013,Wheat,88423.0,274710.7,3.107,1538.5,48.4,2.58,172.1,1.46,0.558,4
DIST_267,STATE_03,2014,Wheat,143607.6,473731.2,3.299,1626.5,43.6,1.29,172.1,1.46,0.604,5
DIST_267,STATE_03,2015,Wheat,153220.0,576228.2,3.761,1861.3,27.7,2.2,172.1,1.46,0.583,6
DIST_267,STATE_03,2016,Wheat,85211.7,308134.4,3.616,1487.2,34.9,1.48,172.1,1.46,0.576,7
DIST_267,STATE_03,2017,Wheat,107036.9,367356.7,3.432,2074.8,30.8,1.24,172.1,1.46,0.595,8
DIST_267,STATE_03,2018,Wheat,137117.0,534251.8,3.896,1535.3,45.2,1.44,172.1,1.46,0.565,9
DIST_267,STATE_03,2019,Wheat,141099.8,525073.8,3.721,1898.8,13.4,1.96,172.1,1.46,0.62,10
DIST_267,STATE_03,2020,Wheat,164966.5,698857.1,4.236,2011.2,35.6,2.31,172.1,1.46,0.578,11
DIST_267,STATE_03,2021,Wheat,67350.2,252119.7,3.743,2034.2,32.0,1.9,172.1,1.46,0.625,12
DIST_267,STATE_03,2022,Wheat,89168.9,287493.4,3.224,1759.4,81.7,1.87,172.1,1.46,0.566,13
DIST_267,STATE_03,2023,Wheat,178663.2,574552.4,3.216,2073.3,29.9,1.9,172.1,1.46,0.567,14
DIST_268,STATE_04,2009,Wheat,130902.2,415608.7,3.175,2056.2,14.6,1.67,145.6,0.94,0.591,0
DIST_268,STATE_04,2010,Wheat,57504.3,182222.8,3.169,1754.6,19.7,2.33,145.6,0.94,0.527,1
DIST_268,STATE_04,2011,Wheat,59080.5,178296.0,3.018,1663.7,39.2,2.61,145.6,0.94,0.516,2
DIST_268,STATE_04,2012,Wheat,145799.8,297949.6,2.044,1517.2,69.4,2.2,145.6,0.94,0.519,3
DIST_268,STATE_04,2013,Wheat,152104.7,519499.3,3.415,1686.3,25.4,2.12,145.6,0.94,0.609,4
DIST_268,STATE_04,2014,Wheat,144421.0,505641.3,3.501,1823.5,42.8,1.41,145.6,0.94,0.602,5
DIST_268,STATE_04,2015,Wheat,159807.5,574383.2,3.594,1716.5,10.1,2.77,145.6,0.94,0.57,6
DIST_268,STATE_04,2016,Wheat,96100.6,301290.7,3.135,2086.2,21.3,1.5,145.6,0.94,0.509,7
DIST_268,STATE_04,2017,Wheat,86045.3,328357.7,3.816,2007.6,26.0,2.66,145.6,0.94,0.593,8
DIST_268,STATE_04,2018,Wheat,68669.2,266079.3,3.875,1865.8,23.4,2.33,145.6,0.94,0.579,9
DIST_268,STATE_04,2019,Wheat,167675.1,602167.7,3.591,1961.5,24.6,1.24,145.6,0.94,0.529,10
DIST_268,STATE_04,2020,Wheat,115542.3,461981.0,3.998,1817.1,34.6,1.68,145.6,0.94,0.578,11
DIST_268,STATE_04,2021,Wheat,102397.7,338539.9,3.306,1605.3,33.5,2.21,145.6,0.94,0.562,12
DIST_268,STATE_04,2022,Wheat,108603.1,351413.7,3.236,1593.3,69.3,2.64,145.6,0.94,0.62,13
DIST_268,STATE_04,2023,Wheat,173573.3,614300.9,3.539,1840.1,35.2,2.67,145.6,0.94,0.603,14
DIST_269,STATE_05,2009,Wheat,173524.8,498475.8,2.873,1839.3,11.2,1.81,172.7,1.96,0.533,0
DIST_269,STATE_05,2010,Wheat,68815.0,245163.8,3.563,1785.8,43.8,1.93,172.7,1.96,0.588,1
DIST_269,STATE_05,2011,Wheat,122674.7,394732.6,3.218,1555.9,39.3,1.82,172.7,1.96,0.555,2
DIST_269,STATE_05,2012,Wheat,83187.7,173476.1,2.085,1439.1,77.1,1.88,172.7,1.96,0.496,3
DIST_269,STATE_05,2013,Wheat,133309.7,489532.8,3.672,1909.4,19.8,1.85,172.7,1.96,0.521,4
DIST_269,STATE_05,2014,Wheat,69748.6,241352.5,3.46,1680.9,30.3,2.27,172.7,1.96,0.59,5
DIST_269,STATE_05,2015,Wheat,164036.9,589766.4,3.595,1631.8,49.5,2.67,172.7,1.96,0.573,6
DIST_269,STATE_05,2016,Wheat,166429.6,569035.1,3.419,1685.9,0.0,1.97,172.7,1.96,0.551,7
DIST_269,STATE_05,2017,Wheat,92649.4,310006.0,3.346,2078.9,20.8,2.32,172.7,1.96,0.572,8
DIST_269,STATE_05,2018,Wheat,130453.2,525932.9,4.032,1869.7,35.3,1.24,172.7,1.96,0.598,9
DIST_269,STATE_05,2019,Wheat,141361.7,501655.2,3.549,1922.7,49.3,1.22,172.7,1.96,0.554,10
DIST_269,STATE_05,2020,Wheat,143344.4,578055.3,4.033,1622.7,16.0,1.96,172.7,1.96,0.614,11
DIST_269,STATE_05,2021,Wheat,142277.5,488234.1,3.432,1691.8,42.7,1.35,172.7,1.96,0.586,12
DIST_269,STATE_05,2022,Wheat,88624.6,259620.1,2.929,1550.9,47.3,3.01,172.7,1.96,0.563,13
DIST_269,STATE_05,2023,Wheat,143534.7,650962.7,4.535,1651.5,34.0,2.55,172.7,1.96,0.619,14
DIST_270,STATE_06,2009,Wheat,89025.1,412187.1,4.63,1461.2,4.2,2.25,142.5,0.7,0.649,0
DIST_270,STATE_06,2010,Wheat,59959.6,280479.8,4.678,2031.6,15.3,2.54,142.5,0.7,0.611,1
DIST_270,STATE_06,2011,Wheat,73156.8,337415.6,4.612,2011.6,0.0,1.56,142.5,0.7,0.633,2
DIST_270,STATE_06,2012,Wheat,95297.9,306351.1,3.215,1513.4,35.6,2.88,142.5,0.7,0.588,3
DIST_270,STATE_06,2013,Wheat,103926.6,490098.3,4.716,1704.2,12.6,1.57,142.5,0.7,0.663,4
DIST_270,STATE_06,2014,Wheat,172924.3,762737.1,4.411,1820.5,2.4,2.69,142.5,0.7,0.594,5
DIST_270,STATE_06,2015,Wheat,102531.4,515350.9,5.026,2021.5,43.7,2.34,142.5,0.7,0.661,6
DIST_270,STATE_06,2016,Wheat,103076.2,453261.2,4.397,1439.6,21.2,2.02,142.5,0.7,0.62,7
DIST_270,STATE_06,2017,Wheat,109444.3,495257.4,4.525,2137.9,5.8,1.85,142.5,0.7,0.632,8
DIST_270,STATE_06,2018,Wheat,59249.1,306477.0,5.173,1480.1,7.3,1.24,142.5,0.7,0.59,9
DIST_270,STATE_06,2019,Wheat,70048.6,314489.0,4.49,1998.8,19.1,2.74,142.5,0.7,0.62,10
DIST_270,STATE_06,2020,Wheat,105746.6,559541.9,5.291,1654.0,23.3,1.41,142.5,0.7,0.703,11
DIST_270,STATE_06,2021,Wheat,77006.0,391863.2,5.089,1556.5,17.0,2.0,142.5,0.7,0.623,12
DIST_270,STATE_06,2022,Wheat,157574.0,692113.7,4.392,1568.5,83.0,2.69,142.5,0.7,0.608,13
DIST_270,STATE_06,2023,Wheat,64220.6,320831.2,4.996,2134.5,39.0,1.57,142.5,0.7,0.652,14
DIST_271,STATE_07,2009,Wheat,100086.4,314573.2,3.143,1946.4,19.7,2.18,91.1,1.22,0.641,0
DIST_271,STATE_07,2010,Wheat,57987.0,194517.8,3.355,1739.4,0.0,2.06,91.1,1.22,0.577,1
DIST_271,STATE_07,2011,Wheat,160048.2,600557.9,3.752,1682.8,50.7,2.03,91.1,1.22,0.611,2
DIST_271,STATE_07,2012,Wheat,46456.4,74228.3,1.598,1523.4,61.3,3.28,91.1,1.22,0.481,3
DIST_271,STATE_07,2013,Wheat,61032.4,202144.5,3.312,1637.2,25.2,1.54,91.1,1.22,0.554,4
DIST_271,STATE_07,2014,Wheat,103030.7,324694.9,3.151,1843.5,25.9,1.3,91.1,1.22,0.516,5
DIST_271,STATE_07,2015,Wheat,77448.6,253821.9,3.277,1853.2,51.7,1.45,91.1,1.22,0.605,6
DIST_271,STATE_07,2016,Wheat,117968.0,389076.0,3.298,1757.7,14.8,1.73,91.1,1.22,0.566,7
DIST_271,STATE_07,2017,Wheat,176611.1,635182.4,3.597,1521.6,15.8,2.58,91.1,1.22,0.62,8
DIST_271,STATE_07,2018,Wheat,95587.4,367778.9,3.848,1679.8,32.3,2.06,91.1,1.22,0.557,9
DIST_271,STATE_07,2019,Wheat,178549.0,641318.1,3.592,1766.9,20.6,1.4,91.1,1.22,0.561,10
DIST_271,STATE_07,2020,Wheat,90299.0,371333.3,4.112,1773.5,12.1,1.47,91.1,1.22,0.587,11
DIST_271,STATE_07,2021,Wheat,165110.9,611120.0,3.701,1599.1,14.1,1.96,91.1,1.22,0.623,12
DIST_271,STATE_07,2022,Wheat,139019.6,434177.7,3.123,2056.2,55.4,2.79,91.1,1.22,0.539,13
DIST_271,STATE_07,2023,Wheat,57747.8,229526.3,3.975,1904.1,7.8,2.02,91.1,1.22,0.606,14
DIST_272,STATE_08,2009,Wheat,111433.8,398892.8,3.58,1464.1,26.7,1.36,111.7,1.13,0.59,0
DIST_272,STATE_08,2010,Wheat,125567.9,463890.3,3.694,1599.0,39.5,2.37,111.7,1.13,0.598,1
DIST_272,STATE_08,2011,Wheat,77525.0,333566.8,4.303,1587.6,9.6,1.74,111.7,1.13,0.6,2
DIST_272,STATE_08,2012,Wheat,157164.1,317099.5,2.018,1647.8,79.4,3.13,111.7,1.13,0.504,3
DIST_272,STATE_08,2013,Wheat,138819.8,536851.1,3.867,1968.8,23.9,1.23,111.7,1.13,0.64,4
DIST_272,STATE_08,2014,Wheat,96125.6,426093.8,4.433,1949.8,52.3,2.03,111.7,1.13,0.593,5
DIST_272,STATE_08,2015,Wheat,144482.6,607405.9,4.204,2111.7,3.5,1.81,111.7,1.13,0.622,6
DIST_272,STATE_08,2016,Wheat,59016.7,243993.6,4.134,1674.4,26.7,2.61,111.7,1.13,0.6,7
DIST_272,STATE_08,2017,Wheat,62161.1,236255.0,3.801,1851.7,25.1,2.01,111.7,1.13,0.557,8
DIST_272,STATE_08,2018,Wheat,47883.7,217793.1,4.548,1872.1,41.4,1.88,111.7,1.13,0.627,9
DIST_272,STATE_08,2019,Wheat,98823.8,434541.2,4.397,1634.5,31.2,2.25,111.7,1.13,0.609,10
DIST_272,STATE_08,2020,Wheat,72477.2,339955.2,4.691,2038.4,15.2,1.51,111.7,1.13,0.603,11
DIST_272,STATE_08,2021,Wheat,173833.9,823650.1,4.738,1621.4,43.5,1.21,111.7,1.13,0.634,12
DIST_272,STATE_08,2022,Wheat,53353.8,191051.3,3.581,1783.1,108.0,2.16,111.7,1.13,0.554,13
DIST_272,STATE_08,2023,Wheat,89891.3,380236.9,4.23,1717.2,26.8,2.77,111.7,1.13,0.629,14
DIST_273,STATE_09,2009,Wheat,73745.4,369347.1,5.008,1882.6,32.0,1.53,125.6,1.27,0.603,0
DIST_273,STATE_09,2010,Wheat,78072.3,378944.9,4.854,1408.3,19.6,1.34,125.6,1.27,0.652,1
DIST_273,STATE_09,2011,Wheat,179044.3,913001.5,5.099,1511.5,12.3,1.36,125.6,1.27,0.699,2
DIST_273,STATE_09,2012,Wheat,85840.5,327659.2,3.817,1712.1,42.4,2.2,125.6,1.27,0.611,3
DIST_273,STATE_09,2013,Wheat,157584.3,789926.8,5.013,1498.1,20.0,1.68,125.6,1.27,0.587,4
DIST_273,STATE_09,2014,Wheat,123312.4,627634.3,5.09,2003.2,13.4,1.78,125.6,1.27,0.628,5
DIST_273,STATE_09,2015,Wheat,132015.0,623341.2,4.722,1956.1,38.0,1.82,125.6,1.27,0.575,6
DIST_273,STATE_09,2016,Wheat,79684.9,406087.6,5.096,1733.2,32.7,2.62,125.6,1.27,0.656,7
DIST_273,STATE_09,2017,Wheat,58942.5,315908.8,5.36,1762.1,52.2,2.5,125.6,1.27,0.608,8
DIST_273,STATE_09,2018,Wheat,135476.3,802319.6,5.922,1894.1,22.9,2.53,125.6,1.27,0.691,9
DIST_273,STATE_09,2019,Wheat,143428.8,778315.4,5.426,1713.9,37.4,1.45,125.6,1.27,0.616,10
DIST_273,STATE_09,2020,Wheat,162838.7,954019.1,5.859,1515.2,30.6,1.25,125.6,1.27,0.624,11
DIST_273,STATE_09,2021,Wheat,101421.6,585816.0,5.776,1744.0,22.3,1.88,125.6,1.27,0.677,12
DIST_273,STATE_09,2022,Wheat,156612.9,702014.4,4.482,1540.6,96.4,2.82,125.6,1.27,0.619,13
DIST_273,STATE_09,2023,Wheat,68749.6,381310.4,5.546,1795.4,48.6,2.24,125.6,1.27,0.64,14
DIST_274,STATE_10,2009,Wheat,84752.4,253031.7,2.986,1937.3,6.5,1.95,186.5,0.83,0.547,0
DIST_274,STATE_10,2010,Wheat,169057.7,441233.7,2.61,1604.3,58.1,2.26,186.5,0.83,0.535,1
DIST_274,STATE_10,2011,Wheat,145034.1,407311.3,2.808,1567.4,8.2,1.36,186.5,0.83,0.559,2
DIST_274,STATE_10,2012,Wheat,136126.5,278914.5,2.049,1494.4,69.6,1.89,186.5,0.83,0.521,3
DIST_274,STATE_10,2013,Wheat,57241.1,171459.1,2.995,1978.5,18.1,1.99,186.5,0.83,0.574,4
DIST_274,STATE_10,2014,Wheat,95086.1,298111.5,3.135,1541.9,11.2,2.0,186.5,0.83,0.54,5
DIST_274,STATE_10,2015,Wheat,135354.6,439733.5,3.249,1974.1,0.0,2.34,186.5,0.83,0.559,6
DIST_274,STATE_10,2016,Wheat,118230.8,378688.1,3.203,1574.2,25.8,1.72,186.5,0.83,0.54,7
DIST_274,STATE_10,2017,Wheat,177126.8,549859.2,3.104,1971.0,41.4,1.29,186.5,0.83,0.648,8
DIST_274,STATE_10,2018,Wheat,112202.6,429288.9,3.826,1783.4,31.1,1.79,186.5,0.83,0.578,9
DIST_274,STATE_10,2019,Wheat,67583.4,226243.1,3.348,2050.1,46.0,2.49,186.5,0.83,0.585,10
DIST_274,STATE_10,2020,Wheat,119332.9,473416.1,3.967,1579.0,28.5,1.79,186.5,0.83,0.563,11
DIST_274,STATE_10,2021,Wheat,126296.7,437449.5,3.464,1482.5,69.0,1.25,186.5,0.83,0.551,12
DIST_274,STATE_10,2022,Wheat,118787.7,313193.0,2.637,2152.3,79.3,3.04,186.5,0.83,0.597,13
DIST_274,STATE_10,2023,Wheat,60834.1,197129.0,3.24,1740.5,36.1,1.98,186.5,0.83,0.61,14
DIST_275,STATE_11,2009,Wheat,95318.7,313668.8,3.291,1428.4,42.6,1.57,170.3,1.01,0.537,0
DIST_275,STATE_11,2010,Wheat,132364.3,509111.6,3.846,1731.4,4.5,2.54,170.3,1.01,0.623,1
DIST_275,STATE_11,2011,Wheat,157139.9,474714.3,3.021,1751.1,43.3,1.48,170.3,1.01,0.566,2
DIST_275,STATE_11,2012,Wheat,154004.7,299313.3,1.944,1874.0,62.9,1.93,170.3,1.01,0.508,3
DIST_275,STATE_11,2013,Wheat,160413.0,512257.8,3.193,2093.2,36.8,2.12,170.3,1.01,0.542,4
DIST_275,STATE_11,2014,Wheat,153802.0,526723.5,3.425,1618.3,17.6,2.64,170.3,1.01,0.573,5
DIST_275,STATE_11,2015,Wheat,66591.8,229485.0,3.446,2015.9,45.1,2.05,170.3,1.01,0.565,6
DIST_275,STATE_11,2016,Wheat,102170.8,393485.4,3.851,1996.4,23.7,1.36,170.3,1.01,0.634,7
DIST_275,STATE_11,2017,Wheat,166378.1,629686.0,3.785,1597.0,5.9,1.81,170.3,1.01,0.649,8
DIST_275,STATE_11,2018,Wheat,63121.5,242137.2,3.836,2030.9,15.1,2.53,170.3,1.01,0.633,9
DIST_275,STATE_11,2019,Wheat,162203.8,598617.0,3.691,2037.2,14.5,1.8,170.3,1.01,0.572,10
DIST_275,STATE_11,2020,Wheat,116652.9,492207.3,4.219,1990.4,48.6,1.33,170.3,1.01,0.644,11
DIST_275,STATE_11,2021,Wheat,127346.9,544642.8,4.277,1946.9,33.8,1.4,170.3,1.01,0.594,12
DIST_275,STATE_11,2022,Wheat,164171.8,476105.5,2.9,1535.8,75.6,2.51,170.3,1.01,0.567,13
DIST_275,STATE_11,2023,Wheat,175768.8,635166.5,3.614,1611.2,0.2,2.13,170.3,1.01,0.559,14
DIST_276,STATE_12,2009,Wheat,49902.5,260861.3,5.227,2069.6,27.3,1.83,140.1,1.37,0.608,0
DIST_276,STATE_12,2010,Wheat,134382.0,734487.3,5.466,1513.0,9.0,2.0,140.1,1.37,0.648,1
DIST_276,STATE_12,2011,Wheat,67383.6,364817.9,5.414,1629.3,19.3,1.8,140.1,1.37,0.646,2
DIST_276,STATE_12,2012,Wheat,54821.5,203807.1,3.718,1837.7,62.0,1.74,140.1,1.37,0.609,3
DIST_276,STATE_12,2013,Wheat,69081.0,359390.2,5.202,2003.7,3.6,2.44,140.1,1.37,0.667,4
DIST_276,STATE_12,2014,Wheat,74659.7,398433.8,5.337,1935.2,45.5,1.4,140.1,1.37,0.616,5
DIST_276,STATE_12,2015,Wheat,84255.3,437435.4,5.192,1994.8,9.7,1.96,140.1,1.37,0.7,6
DIST_276,STATE_12,2016,Wheat,93865.8,492915.2,5.251,1682.2,36.6,1.22,140.1,1.37,0.669,7
DIST_276,STATE_12,2017,Wheat,92466.1,484066.5,5.235,1644.0,18.0,2.27,140.1,1.37,0.634,8
DIST_276,STATE_12,2018,Wheat,94655.2,548893.9,5.799,1799.0,32.1,2.19,140.1,1.37,0.669,9
DIST_276,STATE_12,2019,Wheat,56745.9,308116.9,5.43,1889.0,8.1,1.39,140.1,1.37,0.645,10
DIST_276,STATE_12,2020,Wheat,85563.5,503733.8,5.887,2153.2,4.8,2.21,140.1,1.37,0.66,11
DIST_276,STATE_12,2021,Wheat,110147.8,605727.2,5.499,1777.5,0.4,2.47,140.1,1.37,0.663,12
DIST_276,STATE_12,2022,Wheat,89971.5,411968.9,4.579,1591.4,68.1,2.15,140.1,1.37,0.641,13
DIST_276,STATE_12,2023,Wheat,51259.7,262245.8,5.116,2110.1,20.7,1.37,140.1,1.37,0.627,14
DIST_277,STATE_01,2009,Wheat,153096.1,532700.2,3.48,1927.6,19.9,2.56,173.8,1.52,0.578,0
DIST_277,STATE_01,2010,Wheat,95481.2,382645.2,4.008,1561.6,39.5,2.15,173.8,1.52,0.603,1
DIST_277,STATE_01,2011,Wheat,138843.6,471889.4,3.399,1864.1,34.8,2.27,173.8,1.52,0.538,2
DIST_277,STATE_01,2012,Wheat,177114.8,472977.0,2.67,1446.7,79.5,2.45,173.8,1.52,0.488,3
DIST_277,STATE_01,2013,Wheat,150567.8,495665.8,3.292,1941.7,21.8,2.1,173.8,1.52,0.594,4
DIST_277,STATE_01,2014,Wheat,145758.7,536076.9,3.678,1620.9,30.0,2.22,173.8,1.52,0.57,5
DIST_277,STATE_01,2015,Wheat,96628.7,305349.2,3.16,2069.5,31.5,1.78,173.8,1.52,0.52,6
DIST_277,STATE_01,2016,Wheat,169737.0,656554.6,3.868,1506.1,53.5,1.55,173.8,1.52,0.574,7
DIST_277,STATE_01,2017,Wheat,67380.8,272789.8,4.048,1792.3,19.2,1.67,173.8,1.52,0.604,8
DIST_277,STATE_01,2018,Wheat,115233.0,494747.1,4.293,1469.8,38.1,1.52,173.8,1.52,0.569,9
DIST_277,STATE_01,2019,Wheat,108636.2,428435.6,3.944,2090.9,39.4,1.83,173.8,1.52,0.617,10
DIST_277,STATE_01,2020,Wheat,90258.5,387118.4,4.289,1695.6,7.3,1.84,173.8,1.52,0.64,11
DIST_277,STATE_01,2021,Wheat,132933.4,485183.4,3.65,1768.5,0.1,1.65,173.8,1.52,0.546,12
DIST_277,STATE_01,2022,Wheat,81207.6,275964.8,3.398,1689.8,92.6,2.33,173.8,1.52,0.582,13
DIST_277,STATE_01,2023,Wheat,62486.0,271552.3,4.346,1975.7,50.0,2.16,173.8,1.52,0.67,14
DIST_278,STATE_02,2009,Wheat,141845.1,538212.7,3.794,2013.6,31.6,1.22,142.4,1.2,0.605,0
DIST_278,STATE_02,2010,Wheat,164876.5,620204.5,3.762,1542.9,31.6,1.9,142.4,1.2,0.61,1
DIST_278,STATE_02,2011,Wheat,101149.5,424066.5,4.192,1885.0,0.0,2.23,142.4,1.2,0.617,2
DIST_278,STATE_02,2012,Wheat,138688.4,394741.2,2.846,1417.2,36.9,2.18,142.4,1.2,0.584,3
DIST_278,STATE_02,2013,Wheat,175317.2,790365.2,4.508,2003.1,28.6,2.35,142.4,1.2,0.546,4
DIST_278,STATE_02,2014,Wheat,49391.5,191841.7,3.884,1676.4,19.7,1.94,142.4,1.2,0.625,5
DIST_278,STATE_02,2015,Wheat,53352.7,203422.1,3.813,1859.7,10.8,1.92,142.4,1.2,0.62,6
DIST_278,STATE_02,2016,Wheat,152844.0,709928.2,4.645,1960.7,24.9,1.77,142.4,1.2,0.671,7
DIST_278,STATE_02,2017,Wheat,127884.3,520661.4,4.071,1445.7,8.0,2.35,142.4,1.2,0.579,8
DIST_278,STATE_02,2018,Wheat,115130.7,523995.0,4.551,1558.3,67.2,1.37,142.4,1.2,0.651,9
DIST_278,STATE_02,2019,Wheat,124418.9,494083.4,3.971,1786.1,49.8,1.69,142.4,1.2,0.657,10
DIST_278,STATE_02,2020,Wheat,166065.6,749103.4,4.511,1874.9,19.9,2.41,142.4,1.2,0.675,11
DIST_278,STATE_02,2021,Wheat,165163.1,687823.7,4.165,1673.9,26.7,1.42,142.4,1.2,0.612,12
DIST_278,STATE_02,2022,Wheat,139521.9,479888.9,3.44,2106.0,63.1,2.26,142.4,1.2,0.637,13
DIST_278,STATE_02,2023,Wheat,177230.0,827319.5,4.668,1688.6,34.8,2.51,142.4,1.2,0.664,14
DIST_279,STATE_03,2009,Wheat,167324.2,549377.6,3.283,1727.3,47.8,1.31,97.8,0.7,0.588,0
DIST_279,STATE_03,2010,Wheat,179722.0,547433.4,3.046,1693.5,32.3,1.37,97.8,0.7,0.563,1
DIST_279,STATE_03,2011,Wheat,135073.0,411333.5,3.045,1585.4,14.6,2.5,97.8,0.7,0.528,2
DIST_279,STATE_03,2012,Wheat,137724.3,151496.7,1.1,1758.6,61.8,2.76,97.8,0.7,0.474,3
DIST_279,STATE_03,2013,Wheat,176498.7,533836.8,3.025,1993.6,23.6,2.22,97.8,0.7,0.536,4
DIST_279,STATE_03,2014,Wheat,117042.6,371026.2,3.17,1570.8,5.5,1.43,97.8,0.7,0.542,5
DIST_279,STATE_03,2015,Wheat,77945.5,266147.9,3.415,1946.5,11.5,2.6,97.8,0.7,0.603,6
DIST_279,STATE_03,2016,Wheat,102711.1,298809.0,2.909,1943.7,44.7,1.54,97.8,0.7,0.618,7
DIST_279,STATE_03,2017,Wheat,117832.3,367135.1,3.116,1865.8,4.1,1.86,97.8,0.7,0.569,8
DIST_279,STATE_03,2018,Wheat,150308.5,553270.8,3.681,1902.7,31.0,1.37,97.8,0.7,0.583,9
DIST_279,STATE_03,2019,Wheat,75857.2,239829.5,3.162,1887.8,8.2,1.26,97.8,0.7,0.548,10
DIST_279,STATE_03,2020,Wheat,163241.8,625452.1,3.831,2013.9,12.0,1.49,97.8,0.7,0.578,11
DIST_279,STATE_03,2021,Wheat,86922.5,297177.0,3.419,2024.2,7.4,1.9,97.8,0.7,0.57,12
DIST_279,STATE_03,2022,Wheat,98080.8,277499.0,2.829,1806.5,78.0,2.6,97.8,0.7,0.546,13
DIST_279,STATE_03,2023,Wheat,134257.5,484662.6,3.61,1817.8,34.2,1.2,97.8,0.7,0.535,14
DIST_280,STATE_04,2009,Wheat,174826.5,588983.7,3.369,1661.9,42.5,1.73,134.5,1.7,0.577,0
DIST_280,STATE_04,2010,Wheat,166381.6,498254.0,2.995,1516.6,14.2,1.73,134.5,1.7,0.594,1
DIST_280,STATE_04,2011,Wheat,171591.3,535138.7,3.119,1708.1,4.6,1.98,134.5,1.7,0.564,2
DIST_280,STATE_04,2012,Wheat,156634.2,238568.8,1.523,2019.8,85.9,2.52,134.5,1.7,0.505,3
DIST_280,STATE_04,2013,Wheat,102433.8,367827.3,3.591,1471.5,33.7,1.76,134.5,1.7,0.546,4
DIST_280,STATE_04,2014,Wheat,65032.0,221353.8,3.404,1630.2,16.5,2.32,134.5,1.7,0.563,5
DIST_280,STATE_04,2015,Wheat,82018.7,285462.4,3.48,1582.6,22.6,1.54,134.5,1.7,0.582,6
DIST_280,STATE_04,2016,Wheat,134246.5,458112.9,3.412,2013.3,17.6,2.23,134.5,1.7,0.536,7
DIST_280,STATE_04,2017,Wheat,158268.0,555203.1,3.508,1771.8,37.5,2.35,134.5,1.7,0.58,8
DIST_280,STATE_04,2018,Wheat,163512.3,641191.3,3.921,1731.8,36.9,1.87,134.5,1.7,0.583,9
DIST_280,STATE_04,2019,Wheat,112049.9,393802.9,3.515,1653.8,34.8,2.64,134.5,1.7,0.577,10
DIST_280,STATE_04,2020,Wheat,124563.7,502566.9,4.035,1651.5,14.0,2.46,134.5,1.7,0.592,11
DIST_280,STATE_04,2021,Wheat,93275.3,363009.7,3.892,1785.0,6.6,2.09,134.5,1.7,0.576,12
DIST_280,STATE_04,2022,Wheat,62561.0,181728.3,2.905,1518.0,79.2,2.67,134.5,1.7,0.557,13
DIST_280,STATE_04,2023,Wheat,63174.8,248040.8,3.926,1507.4,23.8,2.27,134.5,1.7,0.564,14
DIST_281,STATE_05,2009,Wheat,153193.1,611452.6,3.991,1632.7,0.0,1.44,104.4,1.55,0.589,0
DIST_281,STATE_05,2010,Wheat,84694.0,368563.7,4.352,1899.6,40.2,1.49,104.4,1.55,0.631,1
DIST_281,STATE_05,2011,Wheat,118040.3,482062.1,4.084,1614.8,19.9,2.3,104.4,1.55,0.618,2
DIST_281,STATE_05,2012,Wheat,179191.2,369972.3,2.065,1706.8,68.8,1.77,104.4,1.55,0.553,3
DIST_281,STATE_05,2013,Wheat,63247.1,258854.7,4.093,1630.0,24.4,1.53,104.4,1.55,0.581,4
DIST_281,STATE_05,2014,Wheat,92415.4,405794.6,4.391,1801.3,12.6,2.4,104.4,1.55,0.62,5
DIST_281,STATE_05,2015,Wheat,48549.1,214109.7,4.41,1740.2,32.9,2.12,104.4,1.55,0.617,6
DIST_281,STATE_05,2016,Wheat,98430.8,447038.7,4.542,1770.5,6.5,1.52,104.4,1.55,0.584,7
DIST_281,STATE_05,2017,Wheat,145445.8,664908.7,4.572,1855.7,1.9,1.27,104.4,1.55,0.65,8
DIST_281,STATE_05,2018,Wheat,95414.4,483627.8,5.069,2080.3,35.8,2.59,104.4,1.55,0.611,9
DIST_281,STATE_05,2019,Wheat,48250.5,222023.1,4.601,1480.7,19.6,1.25,104.4,1.55,0.603,10
DIST_281,STATE_05,2020,Wheat,151359.0,772400.1,5.103,1801.5,39.2,1.89,104.4,1.55,0.643,11
DIST_281,STATE_05,2021,Wheat,61840.3,290193.3,4.693,1995.3,37.6,2.23,104.4,1.55,0.591,12
DIST_281,STATE_05,2022,Wheat,81038.5,318141.9,3.926,1652.0,76.2,3.01,104.4,1.55,0.559,13
DIST_281,STATE_05,2023,Wheat,120216.1,623211.8,5.184,1515.2,6.0,2.19,104.4,1.55,0.647,14
DIST_282,STATE_06,2009,Wheat,61527.7,226075.0,3.674,1665.0,13.4,1.99,91.0,1.52,0.545,0
DIST_282,STATE_06,2010,Wheat,77217.7,304952.6,3.949,1849.8,0.0,2.57,91.0,1.52,0.597,1
DIST_282,STATE_06,2011,Wheat,132573.1,452975.2,3.417,1805.2,46.1,1.25,91.0,1.52,0.535,2
DIST_282,STATE_06,2012,Wheat,116902.6,227933.7,1.95,1429.4,102.5,2.91,91.0,1.52,0.519,3
DIST_282,STATE_06,2013,Wheat,78627.5,274037.3,3.485,1821.0,43.9,2.61,91.0,1.52,0.64,4
DIST_282,STATE_06,2014,Wheat,93289.0,373522.6,4.004,1696.7,40.0,1.77,91.0,1.52,0.567,5
DIST_282,STATE_06,2015,Wheat,160266.7,618510.0,3.859,1946.8,7.6,1.74,91.0,1.52,0.624,6
DIST_282,STATE_06,2016,Wheat,132426.7,588474.7,4.444,1916.9,13.7,2.2,91.0,1.52,0.636,7
DIST_282,STATE_06,2017,Wheat,76369.6,323069.1,4.23,1481.1,26.7,2.25,91.0,1.52,0.581,8
DIST_282,STATE_06,2018,Wheat,53037.4,241073.3,4.545,2117.0,39.7,1.38,91.0,1.52,0.593,9
DIST_282,STATE_06,2019,Wheat,145527.5,599905.0,4.122,2079.2,36.1,1.27,91.0,1.52,0.562,10
DIST_282,STATE_06,2020,Wheat,84547.2,385673.4,4.562,1615.0,11.6,2.58,91.0,1.52,0.631,11
DIST_282,STATE_06,2021,Wheat,171271.5,781587.2,4.563,2119.7,39.6,2.08,91.0,1.52,0.557,12
DIST_282,STATE_06,2022,Wheat,117658.2,396233.5,3.368,2118.0,69.1,2.08,91.0,1.52,0.539,13
DIST_282,STATE_06,2023,Wheat,153809.8,623743.9,4.055,1539.3,0.0,1.32,91.0,1.52,0.558,14
DIST_283,STATE_07,2009,Wheat,177153.4,681922.0,3.849,1772.2,25.2,2.02,141.3,0.7,0.581,0
DIST_283,STATE_07,2010,Wheat,45396.1,150633.2,3.318,1649.5,26.8,2.1,141.3,0.7,0.565,1
DIST_283,STATE_07,2011,Wheat,155011.0,522528.2,3.371,1412.3,33.6,1.73,141.3,0.7,0.593,2
DIST_283,STATE_07,2012,Wheat,118048.5,323230.6,2.738,1791.6,74.0,3.1,141.3,0.7,0.544,3
DIST_283,STATE_07,2013,Wheat,69632.9,259989.2,3.734,1435.1,13.1,2.13,141.3,0.7,0.597,4
DIST_283,STATE_07,2014,Wheat,104423.1,384347.5,3.681,1720.9,1.9,2.26,141.3,0.7,0.564,5
DIST_283,STATE_07,2015,Wheat,169789.1,722858.2,4.257,2086.9,52.8,1.64,141.3,0.7,0.562,6
DIST_283,STATE_07,2016,Wheat,126230.1,534196.0,4.232,1552.0,7.7,2.62,141.3,0.7,0.575,7
DIST_283,STATE_07,2017,Wheat,137289.3,606467.4,4.417,1518.9,5.9,1.27,141.3,0.7,0.611,8
DIST_283,STATE_07,2018,Wheat,65349.3,290417.7,4.444,1888.5,11.7,1.24,141.3,0.7,0.629,9
DIST_283,STATE_07,2019,Wheat,155516.7,643068.9,4.135,2037.0,0.0,2.36,141.3,0.7,0.628,10
DIST_283,STATE_07,2020,Wheat,73972.1,332679.9,4.497,1838.0,10.7,2.29,141.3,0.7,0.632,11
DIST_283,STATE_07,2021,Wheat,126599.5,548848.5,4.335,1760.2,32.2,2.13,141.3,0.7,0.633,12
DIST_283,STATE_07,2022,Wheat,71729.3,258003.2,3.597,1758.1,55.7,2.53,141.3,0.7,0.544,13
DIST_283,STATE_07,2023,Wheat,64646.5,287225.2,4.443,1806.7,17.9,2.39,141.3,0.7,0.548,14
DIST_284,STATE_08,2009,Wheat,130204.3,492728.6,3.784,1955.4,26.4,2.41,174.9,2.09,0.606,0
DIST_284,STATE_08,2010,Wheat,160053.5,549014.4,3.43,1822.8,26.6,2.13,174.9,2.09,0.603,1
DIST_284,STATE_08,2011,Wheat,143807.3,580477.3,4.036,1557.8,30.8,2.09,174.9,2.09,0.599,2
DIST_284,STATE_08,2012,Wheat,154804.9,399886.3,2.583,1881.2,50.0,2.73,174.9,2.09,0.511,3
DIST_284,STATE_08,2013,Wheat,147661.7,644723.1,4.366,1638.5,20.4,2.32,174.9,2.09,0.552,4
DIST_284,STATE_08,2014,Wheat,100750.5,408447.1,4.054,2051.7,4.5,1.76,174.9,2.09,0.573,5
DIST_284,STATE_08,2015,Wheat,64903.9,270778.7,4.172,2002.2,3.0,1.56,174.9,2.09,0.576,6
DIST_284,STATE_08,2016,Wheat,177091.2,747961.9,4.224,1753.2,33.1,2.34,174.9,2.09,0.626,7
DIST_284,STATE_08,2017,Wheat,151092.7,591588.2,3.915,2109.8,38.2,2.64,174.9,2.09,0.586,8
DIST_284,STATE_08,2018,Wheat,61510.0,282668.6,4.595,1513.7,12.1,1.82,174.9,2.09,0.622,9
DIST_284,STATE_08,2019,Wheat,128940.5,558821.9,4.334,1779.7,30.0,2.14,174.9,2.09,0.615,10
DIST_284,STATE_08,2020,Wheat,111540.2,509267.7,4.566,2149.9,46.3,1.37,174.9,2.09,0.57,11
DIST_284,STATE_08,2021,Wheat,97273.8,400577.8,4.118,2136.5,8.6,1.34,174.9,2.09,0.587,12
DIST_284,STATE_08,2022,Wheat,178887.0,611807.9,3.42,1709.1,85.7,1.91,174.9,2.09,0.587,13
DIST_284,STATE_08,2023,Wheat,64564.4,279559.7,4.33,1652.3,16.5,1.32,174.9,2.09,0.576,14
DIST_285,STATE_09,2009,Wheat,146149.8,742519.5,5.081,1764.5,43.7,2.02,176.0,1.22,0.684,0
DIST_285,STATE_09,2010,Wheat,91803.2,455458.6,4.961,1636.3,30.4,1.78,176.0,1.22,0.586,1
DIST_285,STATE_09,2011,Wheat,157959.1,662792.1,4.196,1461.2,39.9,2.12,176.0,1.22,0.549,2
DIST_285,STATE_09,2012,Wheat,153017.7,581864.7,3.803,1611.5,88.5,3.09,176.0,1.22,0.599,3
DIST_285,STATE_09,2013,Wheat,149335.8,754835.4,5.055,1849.1,32.8,1.65,176.0,1.22,0.641,4
DIST_285,STATE_09,2014,Wheat,127974.5,613038.9,4.79,1554.6,13.3,2.65,176.0,1.22,0.663,5
DIST_285,STATE_09,2015,Wheat,78646.9,384154.7,4.885,1649.2,35.1,1.82,176.0,1.22,0.633,6
DIST_285,STATE_09,2016,Wheat,51316.9,243899.2,4.753,1787.5,53.7,1.31,176.0,1.22,0.638,7
DIST_285,STATE_09,2017,Wheat,96117.9,496541.0,5.166,1888.2,30.1,2.52,176.0,1.22,0.625,8
DIST_285,STATE_09,2018,Wheat,83377.5,468459.0,5.619,1629.6,32.7,2.67,176.0,1.22,0.663,9
DIST_285,STATE_09,2019,Wheat,169377.9,921525.8,5.441,1632.6,15.8,2.53,176.0,1.22,0.63,10
DIST_285,STATE_09,2020,Wheat,113455.8,619396.1,5.459,2045.3,6.1,2.04,176.0,1.22,0.646,11
DIST_285,STATE_09,2021,Wheat,120986.4,615915.2,5.091,1868.2,13.5,2.41,176.0,1.22,0.646,12
DIST_285,STATE_09,2022,Wheat,113920.1,481218.4,4.224,1968.2,73.6,2.78,176.0,1.22,0.628,13
DIST_285,STATE_09,2023,Wheat,123661.5,627564.3,5.075,2059.5,38.3,1.67,176.0,1.22,0.649,14
DIST_286,STATE_10,2009,Wheat,158134.8,622658.5,3.938,1737.6,25.3,2.26,152.3,1.2,0.624,0
DIST_286,STATE_10,2010,Wheat,158247.0,572198.2,3.616,1822.5,31.3,2.7,152.3,1.2,0.591,1
DIST_286,STATE_10,2011,Wheat,114972.5,409821.3,3.565,1528.0,27.7,1.28,152.3,1.2,0.549,2
DIST_286,STATE_10,2012,Wheat,153956.2,356562.9,2.316,1964.8,72.3,2.25,152.3,1.2,0.531,3
DIST_286,STATE_10,2013,Wheat,136035.3,502047.7,3.691,1872.7,19.4,1.36,152.3,1.2,0.647,4
DIST_286,STATE_10,2014,Wheat,111624.7,430494.5,3.857,1897.1,33.5,2.19,152.3,1.2,0.621,5
DIST_286,STATE_10,2015,Wheat,155411.2,577005.6,3.713,1579.6,19.1,2.69,152.3,1.2,0.629,6
DIST_286,STATE_10,2016,Wheat,98796.5,411026.5,4.16,2129.2,13.8,1.28,152.3,1.2,0.578,7
DIST_286,STATE_10,2017,Wheat,136105.1,554444.6,4.074,1921.2,35.4,2.6,152.3,1.2,0.623,8
DIST_286,STATE_10,2018,Wheat,146381.1,676296.9,4.62,1575.1,53.7,1.38,152.3,1.2,0.617,9
DIST_286,STATE_10,2019,Wheat,112230.0,450585.8,4.015,1881.0,23.4,2.42,152.3,1.2,0.607,10
DIST_286,STATE_10,2020,Wheat,74712.1,346554.3,4.639,1885.7,15.1,1.71,152.3,1.2,0.624,11
DIST_286,STATE_10,2021,Wheat,143594.3,651797.9,4.539,1784.0,30.7,2.65,152.3,1.2,0.651,12
DIST_286,STATE_10,2022,Wheat,166315.8,587357.5,3.532,2023.2,57.8,3.14,152.3,1.2,0.599,13
DIST_286,STATE_10,2023,Wheat,144692.6,591037.7,4.085,1989.7,20.5,1.62,152.3,1.2,0.601,14
DIST_287,STATE_11,2009,Wheat,74046.2,253756.0,3.427,2002.2,6.3,2.4,175.2,1.86,0.616,0
DIST_287,STATE_11,2010,Wheat,69889.5,229421.1,3.283,1672.6,4.9,2.6,175.2,1.86,0.55,1
DIST_287,STATE_11,2011,Wheat,77686.3,257067.9,3.309,1422.6,39.2,1.75,175.2,1.86,0.517,2
DIST_287,STATE_11,2012,Wheat,100586.2,243756.1,2.423,1636.4,73.2,3.2,175.2,1.86,0.516,3
DIST_287,STATE_11,2013,Wheat,96609.3,320510.3,3.318,1588.8,14.5,2.58,175.2,1.86,0.541,4
DIST_287,STATE_11,2014,Wheat,106708.9,418503.7,3.922,1780.4,41.4,1.63,175.2,1.86,0.588,5
DIST_287,STATE_11,2015,Wheat,111903.8,407731.2,3.644,1470.1,21.6,1.79,175.2,1.86,0.572,6
DIST_287,STATE_11,2016,Wheat,75485.9,271343.2,3.595,1618.2,21.1,1.31,175.2,1.86,0.566,7
DIST_287,STATE_11,2017,Wheat,139966.8,534415.7,3.818,1710.2,13.0,1.56,175.2,1.86,0.58,8
DIST_287,STATE_11,2018,Wheat,178002.6,749274.0,4.209,2029.7,25.4,1.61,175.2,1.86,0.603,9
DIST_287,STATE_11,2019,Wheat,62766.7,253534.8,4.039,1760.6,16.0,2.21,175.2,1.86,0.611,10
DIST_287,STATE_11,2020,Wheat,149516.1,675896.4,4.521,1703.9,25.7,1.21,175.2,1.86,0.625,11
DIST_287,STATE_11,2021,Wheat,64130.6,259171.4,4.041,1667.6,23.5,2.48,175.2,1.86,0.561,12
DIST_287,STATE_11,2022,Wheat,167340.9,567597.7,3.392,1846.4,92.0,1.86,175.2,1.86,0.568,13
DIST_287,STATE_11,2023,Wheat,82909.7,328167.3,3.958,1889.6,36.7,2.64,175.2,1.86,0.652,14
DIST_288,STATE_12,2009,Wheat,101424.6,481921.2,4.752,1523.0,6.2,1.57,115.9,1.84,0.606,0
DIST_288,STATE_12,2010,Wheat,135139.7,586972.0,4.343,1811.0,16.4,2.24,115.9,1.84,0.647,1
DIST_288,STATE_12,2011,Wheat,62497.2,276626.2,4.426,1809.8,28.3,1.72,115.9,1.84,0.562,2
DIST_288,STATE_12,2012,Wheat,165321.7,445956.8,2.698,1934.8,61.7,3.17,115.9,1.84,0.522,3
DIST_288,STATE_12,2013,Wheat,97981.0,475841.7,4.856,2086.2,23.6,2.68,115.9,1.84,0.656,4
DIST_288,STATE_12,2014,Wheat,164489.9,770700.1,4.685,1556.2,42.1,2.12,115.9,1.84,0.615,5
DIST_288,STATE_12,2015,Wheat,167510.1,812975.9,4.853,1512.1,29.8,1.43,115.9,1.84,0.61,6
DIST_288,STATE_12,2016,Wheat,88406.5,425501.5,4.813,1681.0,34.1,2.3,115.9,1.84,0.654,7
DIST_288,STATE_12,2017,Wheat,53345.6,267272.6,5.01,1497.1,6.3,1.22,115.9,1.84,0.698,8
DIST_288,STATE_12,2018,Wheat,84215.5,432336.3,5.134,2041.0,40.1,1.36,115.9,1.84,0.632,9
DIST_288,STATE_12,2019,Wheat,158707.0,730963.4,4.606,1628.4,11.0,2.29,115.9,1.84,0.614,10
DIST_288,STATE_12,2020,Wheat,129897.1,688570.9,5.301,1611.2,40.4,2.38,115.9,1.84,0.64,11
DIST_288,STATE_12,2021,Wheat,129866.5,666626.0,5.133,1523.4,8.7,1.95,115.9,1.84,0.636,12
DIST_288,STATE_12,2022,Wheat,66365.0,273906.1,4.127,1551.3,44.7,2.13,115.9,1.84,0.601,13
DIST_288,STATE_12,2023,Wheat,79748.7,404419.3,5.071,1916.7,32.9,1.55,115.9,1.84,0.639,14
DIST_289,STATE_01,2009,Wheat,85932.2,387690.5,4.512,1704.8,12.5,2.63,160.0,1.84,0.653,0
DIST_289,STATE_01,2010,Wheat,48492.1,195252.2,4.026,1476.9,6.0,2.72,160.0,1.84,0.628,1
DIST_289,STATE_01,2011,Wheat,136540.7,506020.1,3.706,1947.3,0.0,1.96,160.0,1.84,0.606,2
DIST_289,STATE_01,2012,Wheat,68640.0,218868.4,3.189,1857.1,59.5,1.84,160.0,1.84,0.568,3
DIST_289,STATE_01,2013,Wheat,178095.9,773487.1,4.343,1657.2,12.4,2.02,160.0,1.84,0.61,4
DIST_289,STATE_01,2014,Wheat,130807.2,526019.3,4.021,1539.2,6.3,2.43,160.0,1.84,0.623,5
DIST_289,STATE_01,2015,Wheat,94253.5,414993.0,4.403,2117.9,31.1,1.24,160.0,1.84,0.616,6
DIST_289,STATE_01,2016,Wheat,52178.4,240562.0,4.61,1840.3,33.7,2.48,160.0,1.84,0.601,7
DIST_289,STATE_01,2017,Wheat,138615.4,620714.5,4.478,1482.4,18.7,2.21,160.0,1.84,0.597,8
DIST_289,STATE_01,2018,Wheat,60906.1,309940.6,5.089,1544.9,41.0,1.95,160.0,1.84,0.629,9
DIST_289,STATE_01,2019,Wheat,80170.6,377082.9,4.704,1730.8,0.0,1.73,160.0,1.84,0.615,10
DIST_289,STATE_01,2020,Wheat,61884.9,308807.0,4.99,1977.8,48.2,2.15,160.0,1.84,0.661,11
DIST_289,STATE_01,2021,Wheat,80889.1,396903.7,4.907,1927.2,30.4,1.7,160.0,1.84,0.66,12
DIST_289,STATE_01,2022,Wheat,60687.5,246751.5,4.066,1500.2,58.0,1.74,160.0,1.84,0.624,13
DIST_289,STATE_01,2023,Wheat,67846.1,313364.4,4.619,1500.8,0.0,1.5,160.0,1.84,0.606,14
DIST_290,STATE_02,2009,Wheat,98065.5,400295.2,4.082,1470.6,17.8,1.73,104.6,0.89,0.57,0
DIST_290,STATE_02,2010,Wheat,161160.8,646977.3,4.014,1976.4,26.8,2.43,104.6,0.89,0.626,1
DIST_290,STATE_02,2011,Wheat,69678.3,276951.0,3.975,1497.1,32.9,1.64,104.6,0.89,0.59,2
DIST_290,STATE_02,2012,Wheat,167030.4,310535.2,1.859,2061.6,86.8,3.22,104.6,0.89,0.512,3
DIST_290,STATE_02,2013,Wheat,142097.4,567879.6,3.996,1630.3,0.0,2.41,104.6,0.89,0.599,4
DIST_290,STATE_02,2014,Wheat,61512.3,248964.2,4.047,1630.3,35.5,1.51,104.6,0.89,0.585,5
DIST_290,STATE_02,2015,Wheat,112349.2,497599.5,4.429,1593.7,33.7,1.56,104.6,0.89,0.608,6
DIST_290,STATE_02,2016,Wheat,116732.4,505647.9,4.332,2101.9,28.7,2.74,104.6,0.89,0.577,7
DIST_290,STATE_02,2017,Wheat,165233.3,701208.9,4.244,2098.9,38.9,1.99,104.6,0.89,0.576,8
DIST_290,STATE_02,2018,Wheat,73676.5,350682.7,4.76,1877.9,0.0,2.1,104.6,0.89,0.601,9
DIST_290,STATE_02,2019,Wheat,152580.6,678988.5,4.45,1572.5,29.2,1.84,104.6,0.89,0.59,10
DIST_290,STATE_02,2020,Wheat,93001.7,440828.6,4.74,1995.2,1.7,1.51,104.6,0.89,0.667,11
DIST_290,STATE_02,2021,Wheat,132246.8,631187.5,4.773,2029.0,29.3,2.03,104.6,0.89,0.646,12
DIST_290,STATE_02,2022,Wheat,167830.3,611267.1,3.642,1766.8,74.6,3.15,104.6,0.89,0.612,13
DIST_290,STATE_02,2023,Wheat,50315.8,237946.9,4.729,1930.5,20.5,2.26,104.6,0.89,0.637,14
DIST_291,STATE_03,2009,Wheat,50290.6,241386.7,4.8,1469.1,65.2,1.36,118.8,1.21,0.604,0
DIST_291,STATE_03,2010,Wheat,145200.0,646760.2,4.454,1805.9,0.0,2.56,118.8,1.21,0.611,1
DIST_291,STATE_03,2011,Wheat,51267.7,250299.2,4.882,1914.6,31.0,2.06,118.8,1.21,0.634,2
DIST_291,STATE_03,2012,Wheat,51988.6,162010.8,3.116,1883.0,89.7,2.14,118.8,1.21,0.559,3
DIST_291,STATE_03,2013,Wheat,162190.2,792194.7,4.884,2091.8,20.3,1.44,118.8,1.21,0.651,4
DIST_291,STATE_03,2014,Wheat,58330.8,279513.2,4.792,1899.3,58.7,2.1,118.8,1.21,0.639,5
DIST_291,STATE_03,2015,Wheat,122482.7,629167.3,5.137,1738.5,34.1,1.42,118.8,1.21,0.642,6
DIST_291,STATE_03,2016,Wheat,103456.4,561537.5,5.428,1633.3,14.7,1.66,118.8,1.21,0.634,7
DIST_291,STATE_03,2017,Wheat,162676.1,760568.5,4.675,1793.7,15.8,1.37,118.8,1.21,0.584,8
DIST_291,STATE_03,2018,Wheat,100106.7,558747.1,5.582,2131.3,40.0,1.61,118.8,1.21,0.648,9
DIST_291,STATE_03,2019,Wheat,104875.2,489360.3,4.666,2023.1,38.5,1.6,118.8,1.21,0.65,10
DIST_291,STATE_03,2020,Wheat,156734.8,863139.4,5.507,1717.1,17.9,1.84,118.8,1.21,0.695,11
DIST_291,STATE_03,2021,Wheat,101018.8,511321.5,5.062,1778.0,19.1,1.55,118.8,1.21,0.653,12
DIST_291,STATE_03,2022,Wheat,151404.2,682993.8,4.511,1725.9,49.1,2.7,118.8,1.21,0.599,13
DIST_291,STATE_03,2023,Wheat,116054.9,597122.0,5.145,1649.9,26.5,1.69,118.8,1.21,0.667,14
DIST_292,STATE_04,2009,Wheat,45959.5,199849.0,4.348,1585.9,28.9,2.77,183.7,1.59,0.634,0
DIST_292,STATE_04,2010,Wheat,93919.6,402732.4,4.288,1633.6,12.8,1.6,183.7,1.59,0.67,1
DIST_292,STATE_04,2011,Wheat,87019.7,370063.4,4.253,1465.8,19.6,2.09,183.7,1.59,0.663,2
DIST_292,STATE_04,2012,Wheat,165198.3,578214.3,3.5,1806.1,70.3,2.17,183.7,1.59,0.602,3
DIST_292,STATE_04,2013,Wheat,116548.6,539311.9,4.627,1901.1,0.0,1.56,183.7,1.59,0.658,4
DIST_292,STATE_04,2014,Wheat,136339.9,648093.9,4.754,1762.3,35.3,1.49,183.7,1.59,0.6,5
DIST_292,STATE_04,2015,Wheat,71686.7,317121.9,4.424,1965.2,21.1,2.43,183.7,1.59,0.627,6
DIST_292,STATE_04,2016,Wheat,101758.8,485269.4,4.769,2042.3,0.0,2.35,183.7,1.59,0.692,7
DIST_292,STATE_04,2017,Wheat,102977.9,503016.8,4.885,1529.1,15.4,1.39,183.7,1.59,0.605,8
DIST_292,STATE_04,2018,Wheat,73243.0,388041.1,5.298,2091.9,14.3,2.27,183.7,1.59,0.654,9
DIST_292,STATE_04,2019,Wheat,138241.8,697633.7,5.046,1883.6,30.2,2.14,183.7,1.59,0.65,10
DIST_292,STATE_04,2020,Wheat,169453.2,900046.0,5.311,2105.9,32.8,2.12,183.7,1.59,0.609,11
DIST_292,STATE_04,2021,Wheat,148211.8,692334.1,4.671,2114.8,15.0,1.28,183.7,1.59,0.635,12
DIST_292,STATE_04,2022,Wheat,151810.5,602050.4,3.966,1968.8,56.3,3.12,183.7,1.59,0.588,13
DIST_292,STATE_04,2023,Wheat,128074.0,632755.3,4.941,2045.6,32.3,2.47,183.7,1.59,0.638,14
DIST_293,STATE_05,2009,Wheat,48892.7,204603.9,4.185,2037.5,33.9,2.63,96.0,0.76,0.626,0
DIST_293,STATE_05,2010,Wheat,51477.3,217065.5,4.217,1604.5,45.0,1.22,96.0,0.76,0.625,1
DIST_293,STATE_05,2011,Wheat,179835.4,748256.6,4.161,1879.7,15.1,1.85,96.0,0.76,0.609,2
DIST_293,STATE_05,2012,Wheat,155214.8,360499.7,2.323,1617.0,59.2,3.27,96.0,0.76,0.478,3
DIST_293,STATE_05,2013,Wheat,92040.7,404088.6,4.39,1783.7,26.3,2.12,96.0,0.76,0.618,4
DIST_293,STATE_05,2014,Wheat,112796.6,508378.9,4.507,1935.1,21.6,2.4,96.0,0.76,0.61,5
DIST_293,STATE_05,2015,Wheat,96902.2,442077.4,4.562,2072.7,0.0,1.72,96.0,0.76,0.635,6
DIST_293,STATE_05,2016,Wheat,151834.0,704012.7,4.637,2113.0,8.5,2.0,96.0,0.76,0.639,7
DIST_293,STATE_05,2017,Wheat,147166.8,658121.6,4.472,1490.2,29.1,1.96,96.0,0.76,0.626,8
DIST_293,STATE_05,2018,Wheat,141310.1,730701.9,5.171,1918.7,32.4,1.9,96.0,0.76,0.625,9
DIST_293,STATE_05,2019,Wheat,91032.6,470764.1,5.171,1974.2,28.8,1.91,96.0,0.76,0.6,10
DIST_293,STATE_05,2020,Wheat,149216.4,809158.8,5.423,1469.1,8.3,2.73,96.0,0.76,0.639,11
DIST_293,STATE_05,2021,Wheat,55305.6,275759.0,4.986,1675.7,46.3,1.64,96.0,0.76,0.683,12
DIST_293,STATE_05,2022,Wheat,73605.2,306148.7,4.159,1500.4,37.6,2.57,96.0,0.76,0.612,13
DIST_293,STATE_05,2023,Wheat,123403.1,670044.7,5.43,1816.4,20.0,1.77,96.0,0.76,0.626,14
DIST_294,STATE_06,2009,Wheat,122659.2,462790.7,3.773,1588.4,33.3,1.23,106.8,1.76,0.589,0
DIST_294,STATE_06,2010,Wheat,131189.4,541950.4,4.131,1553.6,4.2,2.69,106.8,1.76,0.629,1
DIST_294,STATE_06,2011,Wheat,89457.9,386228.5,4.317,1990.3,4.2,2.66,106.8,1.76,0.59,2
DIST_294,STATE_06,2012,Wheat,172290.0,515444.7,2.992,1736.0,70.3,2.91,106.8,1.76,0.564,3
DIST_294,STATE_06,2013,Wheat,144556.2,625233.7,4.325,1968.0,21.4,1.45,106.8,1.76,0.56,4
DIST_294,STATE_06,2014,Wheat,58991.5,232491.9,3.941,1735.1,15.9,1.89,106.8,1.76,0.624,5
DIST_294,STATE_06,2015,Wheat,147719.1,708162.9,4.794,1931.2,33.5,2.36,106.8,1.76,0.631,6
DIST_294,STATE_06,2016,Wheat,150700.8,645910.4,4.286,1500.8,14.9,2.7,106.8,1.76,0.658,7
DIST_294,STATE_06,2017,Wheat,146885.7,660563.5,4.497,1908.4,36.7,2.5,106.8,1.76,0.603,8
DIST_294,STATE_06,2018,Wheat,80873.8,391759.9,4.844,2017.9,31.2,2.5,106.8,1.76,0.713,9
DIST_294,STATE_06,2019,Wheat,156634.5,713741.0,4.557,1668.8,24.6,2.66,106.8,1.76,0.601,10
DIST_294,STATE_06,2020,Wheat,94493.3,487281.7,5.157,1500.3,40.8,2.26,106.8,1.76,0.657,11
DIST_294,STATE_06,2021,Wheat,167954.5,744656.4,4.434,1653.2,22.0,1.56,106.8,1.76,0.65,12
DIST_294,STATE_06,2022,Wheat,47755.8,192882.8,4.039,1599.3,92.5,2.64,106.8,1.76,0.602,13
DIST_294,STATE_06,2023,Wheat,114121.8,505996.7,4.434,1892.8,37.0,1.91,106.8,1.76,0.604,14
DIST_295,STATE_07,2009,Wheat,166311.5,758439.5,4.56,2016.6,56.9,1.44,153.6,0.78,0.613,0
DIST_295,STATE_07,2010,Wheat,178192.7,760220.4,4.266,1420.1,40.1,2.23,153.6,0.78,0.657,1
DIST_295,STATE_07,2011,Wheat,103136.7,439263.0,4.259,1477.1,14.4,1.32,153.6,0.78,0.613,2
DIST_295,STATE_07,2012,Wheat,84638.3,281734.2,3.329,1636.1,57.5,2.03,153.6,0.78,0.531,3
DIST_295,STATE_07,2013,Wheat,139236.2,615640.3,4.422,1506.8,33.9,1.42,153.6,0.78,0.623,4
DIST_295,STATE_07,2014,Wheat,78049.6,345603.3,4.428,1642.6,14.2,2.12,153.6,0.78,0.613,5
DIST_295,STATE_07,2015,Wheat,78262.0,354484.2,4.529,1854.6,25.2,1.88,153.6,0.78,0.629,6
DIST_295,STATE_07,2016,Wheat,54717.4,271669.3,4.965,2106.8,16.4,1.87,153.6,0.78,0.642,7
DIST_295,STATE_07,2017,Wheat,47498.5,229914.2,4.84,1964.0,8.8,1.45,153.6,0.78,0.584,8
DIST_295,STATE_07,2018,Wheat,145514.6,750087.2,5.155,1636.1,27.8,2.56,153.6,0.78,0.627,9
DIST_295,STATE_07,2019,Wheat,104742.2,550286.5,5.254,2139.0,54.4,1.3,153.6,0.78,0.611,10
DIST_295,STATE_07,2020,Wheat,150265.0,788330.8,5.246,1627.7,32.9,1.83,153.6,0.78,0.605,11
DIST_295,STATE_07,2021,Wheat,102416.2,509470.7,4.975,2001.8,16.7,2.26,153.6,0.78,0.658,12
DIST_295,STATE_07,2022,Wheat,48133.7,210264.0,4.368,1849.1,69.8,2.97,153.6,0.78,0.666,13
DIST_295,STATE_07,2023,Wheat,86493.7,456521.7,5.278,1654.3,38.2,2.16,153.6,0.78,0.665,14
DIST_296,STATE_08,2009,Wheat,172579.8,659618.4,3.822,1457.5,18.1,2.11,112.7,1.54,0.528,0
DIST_296,STATE_08,2010,Wheat,148770.2,626866.3,4.214,2093.7,25.2,1.96,112.7,1.54,0.602,1
DIST_296,STATE_08,2011,Wheat,77530.3,325230.8,4.195,1568.4,5.6,2.28,112.7,1.54,0.605,2
DIST_296,STATE_08,2012,Wheat,88619.8,226474.6,2.556,1737.9,53.0,2.83,112.7,1.54,0.544,3
DIST_296,STATE_08,2013,Wheat,69352.8,280385.8,4.043,1952.4,34.1,1.49,112.7,1.54,0.603,4
DIST_296,STATE_08,2014,Wheat,77366.4,314384.2,4.064,1545.3,25.1,1.33,112.7,1.54,0.641,5
DIST_296,STATE_08,2015,Wheat,67007.3,291494.0,4.35,1937.9,29.6,1.91,112.7,1.54,0.637,6
DIST_296,STATE_08,2016,Wheat,48591.0,219150.5,4.51,1560.1,36.2,1.75,112.7,1.54,0.617,7
DIST_296,STATE_08,2017,Wheat,141578.3,637251.3,4.501,2073.3,48.4,1.43,112.7,1.54,0.633,8
DIST_296,STATE_08,2018,Wheat,137204.2,664816.5,4.845,1604.2,13.6,1.54,112.7,1.54,0.601,9
DIST_296,STATE_08,2019,Wheat,134311.0,609425.9,4.537,1794.8,2.0,2.72,112.7,1.54,0.593,10
DIST_296,STATE_08,2020,Wheat,120769.0,585568.1,4.849,2119.5,30.3,1.37,112.7,1.54,0.635,11
DIST_296,STATE_08,2021,Wheat,154415.8,676355.9,4.38,2058.9,38.9,1.63,112.7,1.54,0.66,12
DIST_296,STATE_08,2022,Wheat,146997.0,584458.9,3.976,1542.3,60.5,3.16,112.7,1.54,0.614,13
DIST_296,STATE_08,2023,Wheat,60815.7,253608.0,4.17,1658.6,19.9,1.2,112.7,1.54,0.529,14
DIST_297,STATE_09,2009,Wheat,73115.8,384673.7,5.261,1825.2,0.0,2.06,90.8,1.76,0.634,0
DIST_297,STATE_09,2010,Wheat,54032.0,250818.8,4.642,1451.4,7.5,1.75,90.8,1.76,0.658,1
DIST_297,STATE_09,2011,Wheat,91189.4,446711.2,4.899,1883.4,9.3,2.39,90.8,1.76,0.586,2
DIST_297,STATE_09,2012,Wheat,79010.7,220902.0,2.796,2047.0,79.1,2.93,90.8,1.76,0.566,3
DIST_297,STATE_09,2013,Wheat,118812.0,586103.6,4.933,1650.0,26.5,2.58,90.8,1.76,0.608,4
DIST_297,STATE_09,2014,Wheat,98114.2,495614.7,5.051,1880.2,40.0,2.42,90.8,1.76,0.62,5
DIST_297,STATE_09,2015,Wheat,136883.2,601710.3,4.396,2043.7,19.4,2.13,90.8,1.76,0.648,6
DIST_297,STATE_09,2016,Wheat,143588.2,704476.6,4.906,1505.8,34.6,2.63,90.8,1.76,0.647,7
DIST_297,STATE_09,2017,Wheat,127382.8,622251.8,4.885,1983.8,14.7,2.33,90.8,1.76,0.636,8
DIST_297,STATE_09,2018,Wheat,88238.5,486485.6,5.513,2139.2,49.3,2.04,90.8,1.76,0.679,9
DIST_297,STATE_09,2019,Wheat,133714.7,721100.1,5.393,2148.4,37.1,1.94,90.8,1.76,0.682,10
DIST_297,STATE_09,2020,Wheat,106718.6,597673.0,5.6,2133.4,34.7,1.25,90.8,1.76,0.657,11
DIST_297,STATE_09,2021,Wheat,45197.8,215630.2,4.771,2089.4,10.1,2.51,90.8,1.76,0.603,12
DIST_297,STATE_09,2022,Wheat,133779.1,625183.3,4.673,2040.1,79.5,1.84,90.8,1.76,0.645,13
DIST_297,STATE_09,2023,Wheat,49853.0,265550.5,5.327,1820.3,17.4,1.83,90.8,1.76,0.597,14
DIST_298,STATE_10,2009,Wheat,132664.5,530119.9,3.996,1871.4,26.1,2.33,123.5,0.89,0.6,0
DIST_298,STATE_10,2010,Wheat,59820.2,228744.0,3.824,1973.8,27.3,1.57,123.5,0.89,0.562,1
DIST_298,STATE_10,2011,Wheat,71345.5,275485.9,3.861,1952.8,19.7,1.44,123.5,0.89,0.543,2
DIST_298,STATE_10,2012,Wheat,143316.4,328396.5,2.291,1668.2,59.7,2.81,123.5,0.89,0.552,3
DIST_298,STATE_10,2013,Wheat,80509.8,320404.0,3.98,1506.0,22.3,1.47,123.5,0.89,0.57,4
DIST_298,STATE_10,2014,Wheat,167002.8,610108.2,3.653,1561.9,36.6,1.9,123.5,0.89,0.604,5
DIST_298,STATE_10,2015,Wheat,96064.5,415848.5,4.329,1459.4,25.3,2.42,123.5,0.89,0.65,6
DIST_298,STATE_10,2016,Wheat,55199.4,235060.5,4.258,1869.9,30.7,1.38,123.5,0.89,0.601,7
DIST_298,STATE_10,2017,Wheat,62782.8,283171.8,4.51,1746.1,2.7,1.53,123.5,0.89,0.658,8
DIST_298,STATE_10,2018,Wheat,162179.1,784767.5,4.839,2071.6,3.5,1.3,123.5,0.89,0.645,9
DIST_298,STATE_10,2019,Wheat,166828.3,743295.6,4.455,1668.1,22.2,2.21,123.5,0.89,0.64,10
DIST_298,STATE_10,2020,Wheat,102732.5,486267.0,4.733,1837.6,42.6,2.21,123.5,0.89,0.61,11
DIST_298,STATE_10,2021,Wheat,175892.7,728987.0,4.144,1922.1,36.2,1.52,123.5,0.89,0.583,12
DIST_298,STATE_10,2022,Wheat,116219.7,455073.1,3.916,1852.5,78.1,2.0,123.5,0.89,0.609,13
DIST_298,STATE_10,2023,Wheat,83475.4,372233.4,4.459,1578.9,8.6,2.08,123.5,0.89,0.638,14
DIST_299,STATE_11,2009,Wheat,178546.6,679327.0,3.805,1471.2,26.8,2.53,186.2,1.25,0.631,0
DIST_299,STATE_11,2010,Wheat,95631.5,312606.2,3.269,1685.8,28.8,2.07,186.2,1.25,0.534,1
DIST_299,STATE_11,2011,Wheat,176368.8,667611.0,3.785,1910.1,4.7,1.97,186.2,1.25,0.594,2
DIST_299,STATE_11,2012,Wheat,118913.8,358711.7,3.017,1541.7,82.1,2.93,186.2,1.25,0.556,3
DIST_299,STATE_11,2013,Wheat,103713.9,405124.3,3.906,1715.0,38.6,2.19,186.2,1.25,0.574,4
DIST_299,STATE_11,2014,Wheat,55506.2,234886.2,4.232,1666.3,2.3,2.48,186.2,1.25,0.635,5
DIST_299,STATE_11,2015,Wheat,122643.7,479160.3,3.907,2080.0,24.5,2.1,186.2,1.25,0.605,6
DIST_299,STATE_11,2016,Wheat,161320.0,620450.4,3.846,1849.3,33.6,2.36,186.2,1.25,0.594,7
DIST_299,STATE_11,2017,Wheat,86956.2,346012.5,3.979,2003.7,0.0,2.72,186.2,1.25,0.599,8
DIST_299,STATE_11,2018,Wheat,178067.6,812138.9,4.561,1700.1,42.9,2.3,186.2,1.25,0.668,9
DIST_299,STATE_11,2019,Wheat,174686.9,709347.8,4.061,1599.5,37.6,2.8,186.2,1.25,0.631,10
DIST_299,STATE_11,2020,Wheat,167446.1,754104.4,4.504,1836.8,35.8,2.29,186.2,1.25,0.626,11
DIST_299,STATE_11,2021,Wheat,163675.7,654634.7,4.0,1584.8,13.2,2.25,186.2,1.25,0.589,12
DIST_299,STATE_11,2022,Wheat,110135.6,409365.4,3.717,1655.2,64.3,1.78,186.2,1.25,0.586,13
DIST_299,STATE_11,2023,Wheat,120612.5,516998.1,4.286,1633.2,23.4,2.23,186.2,1.25,0.599,14
DIST_300,STATE_12,2009,Wheat,95645.2,457124.7,4.779,1755.4,11.2,2.77,156.3,0.65,0.659,0
DIST_300,STATE_12,2010,Wheat,58098.4,256865.6,4.421,1532.0,47.1,1.98,156.3,0.65,0.662,1
DIST_300,STATE_12,2011,Wheat,143033.8,674055.4,4.713,1550.9,20.5,1.84,156.3,0.65,0.628,2
DIST_300,STATE_12,2012,Wheat,98933.7,330717.4,3.343,1999.9,71.0,1.93,156.3,0.65,0.581,3
DIST_300,STATE_12,2013,Wheat,130041.9,664370.9,5.109,1970.3,30.7,2.48,156.3,0.65,0.629,4
DIST_300,STATE_12,2014,Wheat,162621.3,817574.5,5.027,1882.9,26.5,2.55,156.3,0.65,0.657,5
DIST_300,STATE_12,2015,Wheat,69836.2,332650.2,4.763,1794.1,1.6,1.99,156.3,0.65,0.648,6
DIST_300,STATE_12,2016,Wheat,60901.7,284680.9,4.674,1478.2,4.5,1.71,156.3,0.65,0.573,7
DIST_300,STATE_12,2017,Wheat,67055.7,320952.2,4.786,1722.4,6.6,2.65,156.3,0.65,0.651,8
DIST_300,STATE_12,2018,Wheat,92777.4,490987.3,5.292,1669.8,9.0,2.7,156.3,0.65,0.703,9
DIST_300,STATE_12,2019,Wheat,126332.5,620643.6,4.913,1548.7,22.4,1.27,156.3,0.65,0.65,10
DIST_300,STATE_12,2020,Wheat,90310.6,491791.9,5.446,1519.9,2.1,2.21,156.3,0.65,0.692,11
DIST_300,STATE_12,2021,Wheat,141630.9,749507.0,5.292,1580.1,9.9,1.38,156.3,0.65,0.636,12
DIST_300,STATE_12,2022,Wheat,135989.9,627518.3,4.614,1759.6,60.6,2.56,156.3,0.65,0.609,13
DIST_300,STATE_12,2023,Wheat,54706.7,273218.4,4.994,1565.8,43.7,2.28,156.3,0.65,0.67,14
DIST_301,STATE_01,2009,Wheat,58344.7,210933.8,3.615,1783.7,20.2,1.7,185.3,1.36,0.539,0
DIST_301,STATE_01,2010,Wheat,158153.3,646737.5,4.089,2104.8,38.6,2.6,185.3,1.36,0.587,1
DIST_301,STATE_01,2011,Wheat,129347.5,505472.2,3.908,1903.4,36.2,2.39,185.3,1.36,0.608,2
DIST_301,STATE_01,2012,Wheat,74209.9,236226.5,3.183,1794.8,64.1,3.08,185.3,1.36,0.519,3
DIST_301,STATE_01,2013,Wheat,60347.5,236171.0,3.914,2037.6,43.8,1.79,185.3,1.36,0.609,4
DIST_301,STATE_01,2014,Wheat,104187.6,397381.9,3.814,1852.3,12.4,1.99,185.3,1.36,0.543,5
DIST_301,STATE_01,2015,Wheat,172601.0,731516.5,4.238,1944.5,44.7,1.32,185.3,1.36,0.63,6
DIST_301,STATE_01,2016,Wheat,66249.6,282696.9,4.267,2033.2,8.3,2.12,185.3,1.36,0.59,7
DIST_301,STATE_01,2017,Wheat,124788.8,539991.1,4.327,1521.6,36.8,2.07,185.3,1.36,0.63,8
DIST_301,STATE_01,2018,Wheat,151226.5,707670.6,4.68,1660.5,22.6,2.68,185.3,1.36,0.58,9
DIST_301,STATE_01,2019,Wheat,52243.2,240561.1,4.605,1508.5,20.8,2.32,185.3,1.36,0.605,10
DIST_301,STATE_01,2020,Wheat,89853.5,428084.6,4.764,1651.3,10.2,2.38,185.3,1.36,0.632,11
DIST_301,STATE_01,2021,Wheat,142796.9,652335.9,4.568,1946.4,35.4,1.67,185.3,1.36,0.631,12
DIST_301,STATE_01,2022,Wheat,145063.9,568598.9,3.92,1625.1,71.1,2.18,185.3,1.36,0.621,13
DIST_301,STATE_01,2023,Wheat,175042.6,781750.3,4.466,2158.1,40.8,2.27,185.3,1.36,0.607,14
DIST_302,STATE_02,2009,Wheat,59094.5,224571.2,3.8,1452.1,40.4,1.27,175.1,0.88,0.591,0
DIST_302,STATE_02,2010,Wheat,156491.6,649083.3,4.148,1970.2,9.9,2.46,175.1,0.88,0.596,1
DIST_302,STATE_02,2011,Wheat,177940.5,672015.7,3.777,2102.2,48.5,2.72,175.1,0.88,0.612,2
DIST_302,STATE_02,2012,Wheat,63477.0,192070.8,3.026,1883.3,64.9,1.85,175.1,0.88,0.599,3
DIST_302,STATE_02,2013,Wheat,173974.6,702175.9,4.036,1768.4,24.9,2.54,175.1,0.88,0.572,4
DIST_302,STATE_02,2014,Wheat,128101.9,536394.0,4.187,2123.2,16.6,1.8,175.1,0.88,0.564,5
DIST_302,STATE_02,2015,Wheat,105368.5,443242.4,4.207,2002.6,39.3,1.28,175.1,0.88,0.614,6
DIST_302,STATE_02,2016,Wheat,163263.0,773313.7,4.737,1784.0,34.7,1.67,175.1,0.88,0.61,7
DIST_302,STATE_02,2017,Wheat,51819.5,222176.2,4.287,1465.5,5.8,1.99,175.1,0.88,0.603,8
DIST_302,STATE_02,2018,Wheat,63288.4,297242.3,4.697,1850.8,0.0,2.34,175.1,0.88,0.597,9
DIST_302,STATE_02,2019,Wheat,63575.5,304375.5,4.788,1799.6,23.8,1.51,175.1,0.88,0.659,10
DIST_302,STATE_02,2020,Wheat,172430.1,804582.7,4.666,1975.1,8.0,2.63,175.1,0.88,0.594,11
DIST_302,STATE_02,2021,Wheat,141323.1,637290.0,4.509,1737.5,5.4,1.26,175.1,0.88,0.627,12
DIST_302,STATE_02,2022,Wheat,155084.6,574595.4,3.705,1854.0,67.1,3.21,175.1,0.88,0.585,13
DIST_302,STATE_02,2023,Wheat,87967.0,421111.7,4.787,1891.2,24.7,2.52,175.1,0.88,0.691,14
DIST_303,STATE_03,2009,Wheat,175104.0,544574.1,3.11,1838.1,1.4,2.72,123.4,1.63,0.591,0
DIST_303,STATE_03,2010,Wheat,124900.7,435465.7,3.486,1504.5,0.0,2.8,123.4,1.63,0.581,1
DIST_303,STATE_03,2011,Wheat,129224.2,397117.4,3.073,1767.7,13.6,1.23,123.4,1.63,0.568,2
DIST_303,STATE_03,2012,Wheat,64712.1,118026.7,1.824,1740.7,65.8,2.11,123.4,1.63,0.498,3
DIST_303,STATE_03,2013,Wheat,175994.1,589537.4,3.35,1976.4,16.6,2.58,123.4,1.63,0.527,4
DIST_303,STATE_03,2014,Wheat,117205.7,428721.7,3.658,1705.9,0.0,2.22,123.4,1.63,0.572,5
DIST_303,STATE_03,2015,Wheat,154941.7,537280.0,3.468,1509.2,61.1,2.33,123.4,1.63,0.544,6
DIST_303,STATE_03,2016,Wheat,62732.3,245001.9,3.906,1892.4,16.2,2.52,123.4,1.63,0.6,7
DIST_303,STATE_03,2017,Wheat,87240.9,331338.6,3.798,1554.3,33.0,1.51,123.4,1.63,0.528,8
DIST_303,STATE_03,2018,Wheat,166113.3,695903.1,4.189,1468.1,46.2,1.59,123.4,1.63,0.615,9
DIST_303,STATE_03,2019,Wheat,71533.7,216944.7,3.033,1880.3,34.5,2.79,123.4,1.63,0.584,10
DIST_303,STATE_03,2020,Wheat,163388.1,658366.4,4.029,2060.2,0.0,1.49,123.4,1.63,0.607,11
DIST_303,STATE_03,2021,Wheat,97097.1,346171.9,3.565,1831.5,18.2,1.67,123.4,1.63,0.585,12
DIST_303,STATE_03,2022,Wheat,80989.3,243921.9,3.012,1499.3,81.4,3.23,123.4,1.63,0.521,13
DIST_303,STATE_03,2023,Wheat,113313.3,456638.0,4.03,2139.6,18.3,1.42,123.4,1.63,0.598,14
DIST_304,STATE_04,2009,Wheat,153644.6,768734.5,5.003,1905.8,6.0,2.47,135.9,1.4,0.693,0
DIST_304,STATE_04,2010,Wheat,133170.2,692561.2,5.201,1965.6,28.7,2.63,135.9,1.4,0.671,1
DIST_304,STATE_04,2011,Wheat,175240.7,916276.8,5.229,2014.6,30.0,2.34,135.9,1.4,0.601,2
DIST_304,STATE_04,2012,Wheat,57599.3,220196.9,3.823,1632.8,76.6,3.16,135.9,1.4,0.6,3
DIST_304,STATE_04,2013,Wheat,99905.5,470151.1,4.706,1683.1,3.9,2.27,135.9,1.4,0.582,4
DIST_304,STATE_04,2014,Wheat,48889.0,246396.6,5.04,1754.6,21.6,1.64,135.9,1.4,0.597,5
DIST_304,STATE_04,2015,Wheat,169102.2,960938.3,5.683,1691.8,35.0,1.47,135.9,1.4,0.644,6
DIST_304,STATE_04,2016,Wheat,132077.4,636376.4,4.818,1438.2,31.5,1.53,135.9,1.4,0.608,7
DIST_304,STATE_04,2017,Wheat,89117.5,461612.0,5.18,2082.4,35.0,1.22,135.9,1.4,0.635,8
DIST_304,STATE_04,2018,Wheat,132421.4,765628.0,5.782,1913.6,5.3,2.61,135.9,1.4,0.671,9
DIST_304,STATE_04,2019,Wheat,142939.5,726775.5,5.084,1895.3,19.9,1.3,135.9,1.4,0.64,10
DIST_304,STATE_04,2020,Wheat,91335.7,515046.0,5.639,1537.4,6.1,2.45,135.9,1.4,0.655,11
DIST_304,STATE_04,2021,Wheat,114029.8,611723.5,5.365,2127.4,39.5,2.06,135.9,1.4,0.652,12
DIST_304,STATE_04,2022,Wheat,176250.1,875581.6,4.968,2140.5,87.0,2.31,135.9,1.4,0.607,13
DIST_304,STATE_04,2023,Wheat,78297.4,444182.6,5.673,2015.5,3.6,2.29,135.9,1.4,0.651,14
DIST_305,STATE_05,2009,Wheat,131929.7,374262.9,2.837,1470.8,12.6,1.96,174.2,1.0,0.575,0
DIST_305,STATE_05,2010,Wheat,54910.6,175120.9,3.189,1985.8,23.0,2.03,174.2,1.0,0.563,1
DIST_305,STATE_05,2011,Wheat,90846.9,250110.5,2.753,1642.3,13.4,2.63,174.2,1.0,0.528,2
DIST_305,STATE_05,2012,Wheat,86138.8,201197.2,2.336,1480.5,48.9,1.88,174.2,1.0,0.558,3
DIST_305,STATE_05,2013,Wheat,63174.7,206487.9,3.269,1939.8,34.6,1.89,174.2,1.0,0.558,4
DIST_305,STATE_05,2014,Wheat,121853.7,428763.0,3.519,1686.0,6.1,2.72,174.2,1.0,0.588,5
DIST_305,STATE_05,2015,Wheat,176510.5,631378.1,3.577,1750.0,28.1,1.81,174.2,1.0,0.572,6
DIST_305,STATE_05,2016,Wheat,169972.1,599001.7,3.524,1554.9,4.3,2.56,174.2,1.0,0.547,7
DIST_305,STATE_05,2017,Wheat,159531.6,562848.2,3.528,2118.7,9.7,1.82,174.2,1.0,0.547,8
DIST_305,STATE_05,2018,Wheat,46406.3,192977.9,4.158,1601.8,13.9,1.73,174.2,1.0,0.653,9
DIST_305,STATE_05,2019,Wheat,65819.0,245724.8,3.733,1877.2,30.8,1.24,174.2,1.0,0.618,10
DIST_305,STATE_05,2020,Wheat,68290.9,289452.4,4.239,1894.8,38.7,1.49,174.2,1.0,0.612,11
DIST_305,STATE_05,2021,Wheat,57869.0,223520.8,3.863,1590.9,20.5,2.38,174.2,1.0,0.655,12
DIST_305,STATE_05,2022,Wheat,133818.9,420768.5,3.144,1588.9,78.6,2.71,174.2,1.0,0.565,13
DIST_305,STATE_05,2023,Wheat,116891.6,465200.8,3.98,1676.1,13.5,1.48,174.2,1.0,0.606,14
DIST_306,STATE_06,2009,Wheat,164362.3,765335.6,4.656,1740.9,0.0,1.78,136.5,0.76,0.584,0
DIST_306,STATE_06,2010,Wheat,107968.3,579419.0,5.367,2032.7,34.0,1.71,136.5,0.76,0.601,1
DIST_306,STATE_06,2011,Wheat,146702.3,730273.7,4.978,1481.5,32.9,1.49,136.5,0.76,0.621,2
DIST_306,STATE_06,2012,Wheat,175982.9,590401.1,3.355,1781.0,61.5,3.02,136.5,0.76,0.542,3
DIST_306,STATE_06,2013,Wheat,149942.3,784069.3,5.229,1770.8,11.9,2.45,136.5,0.76,0.652,4
DIST_306,STATE_06,2014,Wheat,137685.4,612309.7,4.447,1542.7,38.0,2.25,136.5,0.76,0.577,5
DIST_306,STATE_06,2015,Wheat,110077.4,589215.2,5.353,2046.9,24.5,2.38,136.5,0.76,0.625,6
DIST_306,STATE_06,2016,Wheat,135137.7,626115.9,4.633,2061.1,25.9,1.39,136.5,0.76,0.584,7
DIST_306,STATE_06,2017,Wheat,55494.2,295197.9,5.319,1903.7,8.0,2.64,136.5,0.76,0.657,8
DIST_306,STATE_06,2018,Wheat,100893.2,540984.8,5.362,2088.6,26.7,1.52,136.5,0.76,0.654,9
DIST_306,STATE_06,2019,Wheat,58485.6,313320.4,5.357,1764.9,7.1,2.07,136.5,0.76,0.624,10
DIST_306,STATE_06,2020,Wheat,110065.6,617340.7,5.609,1516.7,23.7,2.51,136.5,0.76,0.705,11
DIST_306,STATE_06,2021,Wheat,45586.8,233736.5,5.127,2097.9,39.2,2.42,136.5,0.76,0.653,12
DIST_306,STATE_06,2022,Wheat,48747.5,233665.8,4.793,1833.1,60.6,1.85,136.5,0.76,0.614,13
DIST_306,STATE_06,2023,Wheat,88852.8,479493.8,5.396,1730.2,5.8,2.12,136.5,0.76,0.652,14
DIST_307,STATE_07,2009,Wheat,63602.5,270104.2,4.247,1556.3,38.3,2.64,184.7,2.0,0.58,0
DIST_307,STATE_07,2010,Wheat,121978.4,482120.2,3.953,2059.3,8.9,2.71,184.7,2.0,0.58,1
DIST_307,STATE_07,2011,Wheat,81121.6,264319.3,3.258,2034.1,8.4,2.55,184.7,2.0,0.556,2
DIST_307,STATE_07,2012,Wheat,69415.8,201789.5,2.907,1514.9,68.8,2.33,184.7,2.0,0.551,3
DIST_307,STATE_07,2013,Wheat,66964.9,254694.4,3.803,1902.2,26.3,2.44,184.7,2.0,0.566,4
DIST_307,STATE_07,2014,Wheat,58431.4,234279.6,4.009,1487.0,28.5,2.37,184.7,2.0,0.59,5
DIST_307,STATE_07,2015,Wheat,176843.8,648184.7,3.665,2003.9,46.0,1.77,184.7,2.0,0.605,6
DIST_307,STATE_07,2016,Wheat,60129.6,220857.8,3.673,1832.3,34.9,1.77,184.7,2.0,0.629,7
DIST_307,STATE_07,2017,Wheat,118204.7,547781.6,4.634,1526.3,44.8,1.7,184.7,2.0,0.616,8
DIST_307,STATE_07,2018,Wheat,111667.3,507106.5,4.541,2048.9,14.1,2.58,184.7,2.0,0.628,9
DIST_307,STATE_07,2019,Wheat,107917.8,468069.1,4.337,1980.3,35.1,1.97,184.7,2.0,0.628,10
DIST_307,STATE_07,2020,Wheat,106368.1,511621.2,4.81,2056.5,30.3,1.36,184.7,2.0,0.634,11
DIST_307,STATE_07,2021,Wheat,132999.0,540729.2,4.066,1567.1,11.4,2.16,184.7,2.0,0.599,12
DIST_307,STATE_07,2022,Wheat,144581.3,481548.0,3.331,1729.8,78.2,3.28,184.7,2.0,0.602,13
DIST_307,STATE_07,2023,Wheat,94528.7,416749.8,4.409,1947.5,44.9,2.14,184.7,2.0,0.57,14
DIST_308,STATE_08,2009,Wheat,147992.7,598590.7,4.045,1483.1,42.8,2.33,145.8,1.86,0.539,0
DIST_308,STATE_08,2010,Wheat,140916.6,538523.2,3.822,1620.8,17.3,2.57,145.8,1.86,0.611,1
DIST_308,STATE_08,2011,Wheat,173397.9,643638.4,3.712,1700.2,26.3,1.87,145.8,1.86,0.596,2
DIST_308,STATE_08,2012,Wheat,84869.4,196924.8,2.32,1601.1,53.1,1.92,145.8,1.86,0.579,3
DIST_308,STATE_08,2013,Wheat,165990.7,615292.9,3.707,1707.6,50.9,2.34,145.8,1.86,0.647,4
DIST_308,STATE_08,2014,Wheat,100844.9,403291.8,3.999,1878.0,18.5,1.54,145.8,1.86,0.55,5
DIST_308,STATE_08,2015,Wheat,161698.0,652698.7,4.037,1447.9,17.7,1.51,145.8,1.86,0.66,6
DIST_308,STATE_08,2016,Wheat,68115.9,268186.5,3.937,1474.7,45.1,1.26,145.8,1.86,0.598,7
DIST_308,STATE_08,2017,Wheat,62650.2,277807.9,4.434,1605.2,6.7,2.06,145.8,1.86,0.54,8
DIST_308,STATE_08,2018,Wheat,54705.1,257505.9,4.707,1841.3,20.3,2.55,145.8,1.86,0.587,9
DIST_308,STATE_08,2019,Wheat,92477.1,346765.2,3.75,1872.5,36.4,1.87,145.8,1.86,0.605,10
DIST_308,STATE_08,2020,Wheat,168690.0,797041.2,4.725,2099.6,39.1,2.05,145.8,1.86,0.669,11
DIST_308,STATE_08,2021,Wheat,110571.0,468210.6,4.234,1571.6,22.5,2.12,145.8,1.86,0.619,12
DIST_308,STATE_08,2022,Wheat,52793.3,200949.5,3.806,1544.3,102.6,1.95,145.8,1.86,0.584,13
DIST_308,STATE_08,2023,Wheat,130768.3,568773.9,4.349,1926.5,15.7,1.98,145.8,1.86,0.633,14
DIST_309,STATE_09,2009,Wheat,102784.2,386301.8,3.758,1728.1,11.1,2.58,124.9,1.83,0.58,0
DIST_309,STATE_09,2010,Wheat,128404.1,488752.2,3.806,1526.7,23.0,1.55,124.9,1.83,0.568,1
DIST_309,STATE_09,2011,Wheat,57505.9,205078.6,3.566,1802.2,13.5,1.24,124.9,1.83,0.578,2
DIST_309,STATE_09,2012,Wheat,154399.0,344729.1,2.233,1610.4,73.5,2.9,124.9,1.83,0.512,3
DIST_309,STATE_09,2013,Wheat,178986.8,743127.9,4.152,1434.5,35.1,1.51,124.9,1.83,0.584,4
DIST_309,STATE_09,2014,Wheat,174493.9,738366.9,4.231,1757.0,31.6,2.75,124.9,1.83,0.566,5
DIST_309,STATE_09,2015,Wheat,114379.5,454079.7,3.97,1884.9,59.5,1.87,124.9,1.83,0.553,6
DIST_309,STATE_09,2016,Wheat,112477.2,481384.7,4.28,1612.2,25.5,2.41,124.9,1.83,0.64,7
DIST_309,STATE_09,2017,Wheat,52673.7,212539.9,4.035,1672.5,8.0,2.59,124.9,1.83,0.646,8
DIST_309,STATE_09,2018,Wheat,84871.3,392107.4,4.62,1949.6,43.2,2.23,124.9,1.83,0.638,9
DIST_309,STATE_09,2019,Wheat,97859.1,428734.2,4.381,1774.2,10.6,2.67,124.9,1.83,0.651,10
DIST_309,STATE_09,2020,Wheat,57788.2,268648.9,4.649,1772.5,1.3,2.16,124.9,1.83,0.573,11
DIST_309,STATE_09,2021,Wheat,155751.1,621036.2,3.987,1480.8,38.6,2.67,124.9,1.83,0.58,12
DIST_309,STATE_09,2022,Wheat,164987.2,601556.6,3.646,1604.3,78.0,3.15,124.9,1.83,0.571,13
DIST_309,STATE_09,2023,Wheat,147795.6,647407.6,4.38,1827.0,19.0,1.93,124.9,1.83,0.641,14
DIST_310,STATE_10,2009,Wheat,73802.3,225019.8,3.049,1986.4,33.2,2.0,159.5,1.99,0.519,0
DIST_310,STATE_10,2010,Wheat,136125.5,361142.4,2.653,1591.5,27.4,1.82,159.5,1.99,0.588,1
DIST_310,STATE_10,2011,Wheat,57184.1,160774.4,2.812,1553.9,22.2,1.53,159.5,1.99,0.546,2
DIST_310,STATE_10,2012,Wheat,143842.7,268151.6,1.864,1877.2,60.1,3.23,159.5,1.99,0.511,3
DIST_310,STATE_10,2013,Wheat,168240.2,555506.1,3.302,1908.4,10.5,1.55,159.5,1.99,0.615,4
DIST_310,STATE_10,2014,Wheat,142942.6,514784.1,3.601,1432.7,33.6,1.43,159.5,1.99,0.605,5
DIST_310,STATE_10,2015,Wheat,111932.6,401359.9,3.586,1510.6,4.1,1.34,159.5,1.99,0.565,6
DIST_310,STATE_10,2016,Wheat,68232.5,233529.2,3.423,2016.6,47.3,1.97,159.5,1.99,0.623,7
DIST_310,STATE_10,2017,Wheat,175656.5,676123.1,3.849,1596.1,44.9,1.54,159.5,1.99,0.597,8
DIST_310,STATE_10,2018,Wheat,60017.3,229479.9,3.824,1700.2,18.0,1.49,159.5,1.99,0.602,9
DIST_310,STATE_10,2019,Wheat,137248.0,468725.8,3.415,1455.3,21.1,2.79,159.5,1.99,0.629,10
DIST_310,STATE_10,2020,Wheat,114918.2,458222.7,3.987,2018.3,9.8,2.05,159.5,1.99,0.622,11
DIST_310,STATE_10,2021,Wheat,69191.0,213487.2,3.085,1616.4,56.2,1.65,159.5,1.99,0.595,12
DIST_310,STATE_10,2022,Wheat,138057.0,378351.8,2.741,2152.3,86.7,2.32,159.5,1.99,0.52,13
DIST_310,STATE_10,2023,Wheat,160329.0,636742.0,3.971,2070.6,13.9,1.93,159.5,1.99,0.585,14
DIST_311,STATE_11,2009,Wheat,68984.0,280238.0,4.062,1657.1,18.3,2.2,115.6,1.69,0.579,0
DIST_311,STATE_11,2010,Wheat,159244.9,633828.2,3.98,1823.6,38.0,2.56,115.6,1.69,0.6,1
DIST_311,STATE_11,2011,Wheat,73624.2,290710.0,3.949,2047.5,44.8,2.36,115.6,1.69,0.568,2
DIST_311,STATE_11,2012,Wheat,109505.3,239495.8,2.187,1472.0,51.0,1.93,115.6,1.69,0.501,3
DIST_311,STATE_11,2013,Wheat,113532.7,495396.6,4.363,1956.6,14.8,1.36,115.6,1.69,0.628,4
DIST_311,STATE_11,2014,Wheat,65120.4,292731.7,4.495,1685.4,33.6,2.59,115.6,1.69,0.616,5
DIST_311,STATE_11,2015,Wheat,55734.7,241172.1,4.327,1610.4,13.7,1.99,115.6,1.69,0.588,6
DIST_311,STATE_11,2016,Wheat,165063.1,653203.8,3.957,1869.0,28.3,2.16,115.6,1.69,0.591,7
DIST_311,STATE_11,2017,Wheat,77417.5,336154.2,4.342,1801.6,1.7,2.32,115.6,1.69,0.613,8
DIST_311,STATE_11,2018,Wheat,138235.1,623003.9,4.507,1765.0,21.5,2.76,115.6,1.69,0.677,9
DIST_311,STATE_11,2019,Wheat,106319.6,466369.2,4.386,2025.5,18.4,2.46,115.6,1.69,0.598,10
DIST_311,STATE_11,2020,Wheat,74394.7,341863.2,4.595,1790.5,33.7,2.39,115.6,1.69,0.612,11
DIST_311,STATE_11,2021,Wheat,132205.6,577513.4,4.368,2148.7,49.3,2.1,115.6,1.69,0.638,12
DIST_311,STATE_11,2022,Wheat,176733.6,619553.8,3.506,1845.9,86.1,3.25,115.6,1.69,0.571,13
DIST_311,STATE_11,2023,Wheat,151982.1,695209.6,4.574,1843.3,9.5,1.85,115.6,1.69,0.583,14
DIST_312,STATE_12,2009,Wheat,162845.2,616025.0,3.783,1965.4,39.8,1.66,189.2,1.55,0.603,0
DIST_312,STATE_12,2010,Wheat,129026.6,503700.7,3.904,1523.0,51.4,1.64,189.2,1.55,0.617,1
DIST_312,STATE_12,2011,Wheat,176293.8,576073.4,3.268,2077.8,14.0,1.26,189.2,1.55,0.538,2
DIST_312,STATE_12,2012,Wheat,157681.0,437040.1,2.772,2056.0,58.2,2.05,189.2,1.55,0.522,3
DIST_312,STATE_12,2013,Wheat,132325.8,532891.6,4.027,1970.2,16.8,2.13,189.2,1.55,0.574,4
DIST_312,STATE_12,2014,Wheat,46215.1,166648.4,3.606,1971.7,31.6,1.32,189.2,1.55,0.599,5
DIST_312,STATE_12,2015,Wheat,109279.8,415550.3,3.803,2001.3,10.9,2.29,189.2,1.55,0.577,6
DIST_312,STATE_12,2016,Wheat,83566.2,312960.6,3.745,1521.6,40.1,1.59,189.2,1.55,0.56,7
DIST_312,STATE_12,2017,Wheat,88596.3,345493.5,3.9,1728.7,43.8,2.34,189.2,1.55,0.587,8
DIST_312,STATE_12,2018,Wheat,53909.5,244858.1,4.542,2102.0,25.1,1.25,189.2,1.55,0.626,9
DIST_312,STATE_12,2019,Wheat,113273.0,498818.3,4.404,1500.9,36.4,2.63,189.2,1.55,0.593,10
DIST_312,STATE_12,2020,Wheat,92701.4,414814.6,4.475,1497.0,7.7,1.29,189.2,1.55,0.645,11
DIST_312,STATE_12,2021,Wheat,46614.9,189401.5,4.063,1537.6,56.3,2.32,189.2,1.55,0.583,12
DIST_312,STATE_12,2022,Wheat,115797.7,370232.9,3.197,1679.6,66.1,2.35,189.2,1.55,0.608,13
DIST_312,STATE_12,2023,Wheat,129803.1,516436.7,3.979,1925.9,33.2,1.87,189.2,1.55,0.634,14
DIST_313,STATE_01,2009,Wheat,161462.1,558913.5,3.462,1812.3,37.1,1.97,102.0,1.77,0.575,0
DIST_313,STATE_01,2010,Wheat,131490.6,481570.7,3.662,1467.8,28.0,2.35,102.0,1.77,0.584,1
DIST_313,STATE_01,2011,Wheat,50908.3,212374.7,4.172,2080.1,61.1,2.69,102.0,1.77,0.585,2
DIST_313,STATE_01,2012,Wheat,69827.8,160617.8,2.3,1778.7,74.4,2.03,102.0,1.77,0.543,3
DIST_313,STATE_01,2013,Wheat,47383.9,203890.8,4.303,1940.8,32.0,1.77,102.0,1.77,0.597,4
DIST_313,STATE_01,2014,Wheat,139385.0,510851.3,3.665,1622.9,22.5,2.78,102.0,1.77,0.556,5
DIST_313,STATE_01,2015,Wheat,54721.7,203226.2,3.714,2110.6,15.9,1.23,102.0,1.77,0.626,6
DIST_313,STATE_01,2016,Wheat,124014.5,396363.9,3.196,1975.4,18.2,1.8,102.0,1.77,0.578,7
DIST_313,STATE_01,2017,Wheat,89913.2,350694.0,3.9,1640.8,11.4,2.74,102.0,1.77,0.594,8
DIST_313,STATE_01,2018,Wheat,71653.0,311614.0,4.349,2067.2,24.4,2.51,102.0,1.77,0.58,9
DIST_313,STATE_01,2019,Wheat,68204.8,262186.5,3.844,2054.9,28.1,2.04,102.0,1.77,0.565,10
DIST_313,STATE_01,2020,Wheat,176908.9,807736.9,4.566,1685.8,46.8,2.28,102.0,1.77,0.636,11
DIST_313,STATE_01,2021,Wheat,135222.1,582187.6,4.305,1570.7,29.2,1.66,102.0,1.77,0.605,12
DIST_313,STATE_01,2022,Wheat,83601.5,271832.4,3.252,2122.6,60.8,2.04,102.0,1.77,0.583,13
DIST_313,STATE_01,2023,Wheat,88983.0,433743.3,4.874,1872.8,6.5,1.47,102.0,1.77,0.635,14
DIST_314,STATE_02,2009,Wheat,166160.7,639083.9,3.846,1721.6,28.7,2.3,159.0,1.57,0.653,0
DIST_314,STATE_02,2010,Wheat,134714.7,507077.0,3.764,1576.6,18.4,1.93,159.0,1.57,0.491,1
DIST_314,STATE_02,2011,Wheat,125790.6,469001.0,3.728,1430.6,5.4,1.33,159.0,1.57,0.578,2
DIST_314,STATE_02,2012,Wheat,87789.0,241234.8,2.748,1575.6,90.0,2.77,159.0,1.57,0.496,3
DIST_314,STATE_02,2013,Wheat,74532.3,324089.6,4.348,1865.7,30.5,1.36,159.0,1.57,0.679,4
DIST_314,STATE_02,2014,Wheat,74192.0,332462.0,4.481,1699.2,20.6,1.9,159.0,1.57,0.625,5
DIST_314,STATE_02,2015,Wheat,142893.1,601596.6,4.21,2008.8,36.4,1.53,159.0,1.57,0.627,6
DIST_314,STATE_02,2016,Wheat,146696.4,595969.4,4.063,1477.1,10.9,2.53,159.0,1.57,0.551,7
DIST_314,STATE_02,2017,Wheat,179542.0,805209.6,4.485,1986.5,22.9,2.27,159.0,1.57,0.598,8
DIST_314,STATE_02,2018,Wheat,93830.2,447810.9,4.773,1690.6,22.5,2.3,159.0,1.57,0.678,9
DIST_314,STATE_02,2019,Wheat,98753.4,427571.7,4.33,1555.6,34.4,2.48,159.0,1.57,0.61,10
DIST_314,STATE_02,2020,Wheat,97825.6,461307.5,4.716,2104.5,19.6,1.62,159.0,1.57,0.61,11
DIST_314,STATE_02,2021,Wheat,55782.5,223262.0,4.002,1900.4,47.7,1.36,159.0,1.57,0.603,12
DIST_314,STATE_02,2022,Wheat,54112.0,201681.5,3.727,1912.5,107.2,2.39,159.0,1.57,0.638,13
DIST_314,STATE_02,2023,Wheat,126843.5,529740.7,4.176,1480.5,19.9,2.28,159.0,1.57,0.591,14
DIST_315,STATE_03,2009,Wheat,91583.6,364514.0,3.98,1981.7,40.3,1.58,165.8,1.71,0.556,0
DIST_315,STATE_03,2010,Wheat,168368.5,685258.8,4.07,1690.5,35.1,1.59,165.8,1.71,0.57,1
DIST_315,STATE_03,2011,Wheat,134726.5,554950.3,4.119,1651.7,33.0,2.49,165.8,1.71,0.608,2
DIST_315,STATE_03,2012,Wheat,58753.9,164437.3,2.799,2061.8,73.4,2.7,165.8,1.71,0.562,3
DIST_315,STATE_03,2013,Wheat,72249.4,321130.2,4.445,1846.7,29.0,1.85,165.8,1.71,0.599,4
DIST_315,STATE_03,2014,Wheat,133435.7,595289.4,4.461,1499.3,40.1,2.64,165.8,1.71,0.627,5
DIST_315,STATE_03,2015,Wheat,170187.5,760416.1,4.468,1817.2,32.3,1.94,165.8,1.71,0.615,6
DIST_315,STATE_03,2016,Wheat,130904.0,530834.8,4.055,1939.1,47.0,2.2,165.8,1.71,0.543,7
DIST_315,STATE_03,2017,Wheat,131919.2,588830.2,4.464,2075.9,30.7,2.13,165.8,1.71,0.621,8
DIST_315,STATE_03,2018,Wheat,151966.3,738331.8,4.859,1557.7,15.3,1.68,165.8,1.71,0.564,9
DIST_315,STATE_03,2019,Wheat,71727.8,311980.6,4.35,1684.8,21.9,2.47,165.8,1.71,0.597,10
DIST_315,STATE_03,2020,Wheat,120209.1,575777.3,4.79,1882.9,9.0,2.58,165.8,1.71,0.612,11
DIST_315,STATE_03,2021,Wheat,63488.7,306103.9,4.821,1569.3,25.1,1.27,165.8,1.71,0.632,12
DIST_315,STATE_03,2022,Wheat,110583.0,450267.8,4.072,1610.5,74.8,2.68,165.8,1.71,0.641,13
DIST_315,STATE_03,2023,Wheat,124569.5,533586.2,4.283,1971.9,21.2,1.79,165.8,1.71,0.647,14
DIST_316,STATE_04,2009,Wheat,139877.3,438043.0,3.132,1413.2,14.5,1.3,144.5,1.12,0.572,0
DIST_316,STATE_04,2010,Wheat,165816.4,561004.0,3.383,1768.8,45.3,2.05,144.5,1.12,0.543,1
DIST_316,STATE_04,2011,Wheat,49983.2,175631.1,3.514,1571.0,14.0,2.71,144.5,1.12,0.543,2
DIST_316,STATE_04,2012,Wheat,171354.1,289343.6,1.689,2114.0,47.9,2.6,144.5,1.12,0.495,3
DIST_316,STATE_04,2013,Wheat,113228.9,371837.5,3.284,1514.1,40.5,1.87,144.5,1.12,0.522,4
DIST_316,STATE_04,2014,Wheat,164785.3,502782.3,3.051,1466.5,26.1,2.32,144.5,1.12,0.58,5
DIST_316,STATE_04,2015,Wheat,164064.3,579105.7,3.53,1527.6,8.9,1.4,144.5,1.12,0.553,6
DIST_316,STATE_04,2016,Wheat,59937.2,198857.5,3.318,1909.8,34.7,2.58,144.5,1.12,0.537,7
DIST_316,STATE_04,2017,Wheat,122433.0,401590.3,3.28,1715.5,30.0,1.75,144.5,1.12,0.584,8
DIST_316,STATE_04,2018,Wheat,63069.6,254113.9,4.029,1778.2,21.9,1.71,144.5,1.12,0.566,9
DIST_316,STATE_04,2019,Wheat,125920.9,407916.6,3.239,1785.5,34.5,1.73,144.5,1.12,0.534,10
DIST_316,STATE_04,2020,Wheat,96797.0,395278.9,4.084,1945.1,26.6,2.33,144.5,1.12,0.664,11
DIST_316,STATE_04,2021,Wheat,69584.3,237550.9,3.414,1632.2,23.5,1.3,144.5,1.12,0.548,12
DIST_316,STATE_04,2022,Wheat,155694.3,491369.2,3.156,1943.6,91.2,2.42,144.5,1.12,0.545,13
DIST_316,STATE_04,2023,Wheat,106880.5,389395.1,3.643,2089.7,29.3,2.74,144.5,1.12,0.544,14
DIST_317,STATE_05,2009,Wheat,162697.4,697326.0,4.286,1760.2,43.2,2.53,134.0,1.67,0.609,0
DIST_317,STATE_05,2010,Wheat,126675.2,558063.1,4.405,1831.6,33.9,1.24,134.0,1.67,0.63,1
DIST_317,STATE_05,2011,Wheat,139558.0,628850.8,4.506,1909.6,35.6,1.27,134.0,1.67,0.657,2
DIST_317,STATE_05,2012,Wheat,75978.2,191317.9,2.518,1820.4,66.5,2.99,134.0,1.67,0.558,3
DIST_317,STATE_05,2013,Wheat,47523.3,224649.5,4.727,1926.7,36.2,2.43,134.0,1.67,0.655,4
DIST_317,STATE_05,2014,Wheat,149056.2,663782.0,4.453,1830.1,24.8,2.69,134.0,1.67,0.649,5
DIST_317,STATE_05,2015,Wheat,89375.6,457479.1,5.119,1605.6,65.3,1.59,134.0,1.67,0.656,6
DIST_317,STATE_05,2016,Wheat,116078.2,527394.3,4.543,1739.9,36.9,1.29,134.0,1.67,0.609,7
DIST_317,STATE_05,2017,Wheat,131732.1,625052.3,4.745,1865.2,36.5,1.49,134.0,1.67,0.703,8
DIST_317,STATE_05,2018,Wheat,115765.4,569438.2,4.919,1997.5,4.4,1.34,134.0,1.67,0.625,9
DIST_317,STATE_05,2019,Wheat,61925.1,274740.7,4.437,1922.1,52.4,1.53,134.0,1.67,0.557,10
DIST_317,STATE_05,2020,Wheat,75818.9,399514.9,5.269,1748.9,26.4,2.74,134.0,1.67,0.682,11
DIST_317,STATE_05,2021,Wheat,87758.2,386049.5,4.399,1537.5,35.7,1.92,134.0,1.67,0.621,12
DIST_317,STATE_05,2022,Wheat,127201.3,497477.9,3.911,1755.6,48.5,2.3,134.0,1.67,0.615,13
DIST_317,STATE_05,2023,Wheat,92024.9,469732.2,5.104,1914.6,22.4,1.54,134.0,1.67,0.665,14
DIST_318,STATE_06,2009,Wheat,167886.7,698267.4,4.159,1495.1,39.4,2.3,136.2,1.1,0.638,0
DIST_318,STATE_06,2010,Wheat,85711.3,390184.3,4.552,1652.4,28.5,1.83,136.2,1.1,0.626,1
DIST_318,STATE_06,2011,Wheat,143571.7,639794.4,4.456,2000.6,50.6,1.68,136.2,1.1,0.628,2
DIST_318,STATE_06,2012,Wheat,91361.1,273842.5,2.997,2047.0,62.6,2.5,136.2,1.1,0.531,3
DIST_318,STATE_06,2013,Wheat,73446.8,355454.6,4.84,1521.0,37.1,1.69,136.2,1.1,0.719,4
DIST_318,STATE_06,2014,Wheat,102933.6,452896.3,4.4,1889.2,34.4,1.62,136.2,1.1,0.611,5
DIST_318,STATE_06,2015,Wheat,83012.6,422507.7,5.09,1718.2,48.5,1.78,136.2,1.1,0.639,6
DIST_318,STATE_06,2016,Wheat,97199.4,434339.8,4.469,1559.8,0.0,1.41,136.2,1.1,0.575,7
DIST_318,STATE_06,2017,Wheat,140388.4,691574.8,4.926,2098.8,11.6,1.34,136.2,1.1,0.703,8
DIST_318,STATE_06,2018,Wheat,152716.8,800769.2,5.243,1925.7,33.9,2.78,136.2,1.1,0.642,9
DIST_318,STATE_06,2019,Wheat,119578.1,601514.6,5.03,1672.6,15.6,1.71,136.2,1.1,0.626,10
DIST_318,STATE_06,2020,Wheat,176168.9,954526.8,5.418,1845.7,17.0,2.54,136.2,1.1,0.656,11
DIST_318,STATE_06,2021,Wheat,105980.5,498253.5,4.701,2156.5,27.2,1.69,136.2,1.1,0.609,12
DIST_318,STATE_06,2022,Wheat,57045.6,239808.3,4.204,2001.2,64.8,3.17,136.2,1.1,0.579,13
DIST_318,STATE_06,2023,Wheat,122222.2,628164.5,5.14,2040.5,41.1,2.48,136.2,1.1,0.647,14
DIST_319,STATE_07,2009,Wheat,171510.7,524237.7,3.057,1683.8,16.6,2.25,153.0,0.61,0.587,0
DIST_319,STATE_07,2010,Wheat,144329.7,525379.3,3.64,1607.4,32.5,2.16,153.0,0.61,0.64,1
DIST_319,STATE_07,2011,Wheat,104132.1,359584.9,3.453,1540.7,30.6,1.42,153.0,0.61,0.584,2
DIST_319,STATE_07,2012,Wheat,89036.9,174791.5,1.963,1641.4,48.7,2.6,153.0,0.61,0.538,3
DIST_319,STATE_07,2013,Wheat,96009.5,338602.7,3.527,1763.3,47.4,2.1,153.0,0.61,0.584,4
DIST_319,STATE_07,2014,Wheat,171599.6,602513.2,3.511,1986.1,19.9,1.24,153.0,0.61,0.589,5
DIST_319,STATE_07,2015,Wheat,115050.7,458367.0,3.984,1438.6,15.4,2.36,153.0,0.61,0.615,6
DIST_319,STATE_07,2016,Wheat,109942.9,389520.6,3.543,1633.6,17.7,2.79,153.0,0.61,0.628,7
DIST_319,STATE_07,2017,Wheat,74817.4,317990.6,4.25,1726.1,30.0,1.73,153.0,0.61,0.594,8
DIST_319,STATE_07,2018,Wheat,95179.0,410620.4,4.314,2137.1,33.2,2.24,153.0,0.61,0.614,9
DIST_319,STATE_07,2019,Wheat,167780.7,650859.4,3.879,1454.6,12.2,1.47,153.0,0.61,0.596,10
DIST_319,STATE_07,2020,Wheat,139857.0,612210.8,4.377,2010.4,11.9,2.67,153.0,0.61,0.601,11
DIST_319,STATE_07,2021,Wheat,93929.7,367953.9,3.917,1930.1,34.1,1.55,153.0,0.61,0.578,12
DIST_319,STATE_07,2022,Wheat,113590.9,396133.3,3.487,1973.5,88.9,2.4,153.0,0.61,0.555,13
DIST_319,STATE_07,2023,Wheat,168224.5,644947.9,3.834,1848.2,47.6,1.76,153.0,0.61,0.565,14
DIST_320,STATE_08,2009,Wheat,72161.6,289796.4,4.016,1603.6,20.7,1.88,148.2,1.8,0.582,0
DIST_320,STATE_08,2010,Wheat,150688.0,629137.4,4.175,1632.9,29.3,1.43,148.2,1.8,0.579,1
DIST_320,STATE_08,2011,Wheat,123720.6,492461.3,3.98,1649.0,44.4,2.25,148.2,1.8,0.568,2
DIST_320,STATE_08,2012,Wheat,168931.2,544957.7,3.226,1554.6,57.7,2.29,148.2,1.8,0.605,3
DIST_320,STATE_08,2013,Wheat,63934.0,291671.0,4.562,1458.2,23.0,1.84,148.2,1.8,0.625,4
DIST_320,STATE_08,2014,Wheat,147643.9,626616.6,4.244,2023.3,29.9,2.4,148.2,1.8,0.613,5
DIST_320,STATE_08,2015,Wheat,137013.1,607186.0,4.432,2045.0,25.0,1.25,148.2,1.8,0.627,6
DIST_320,STATE_08,2016,Wheat,68052.0,313333.5,4.604,1453.0,30.2,2.27,148.2,1.8,0.616,7
DIST_320,STATE_08,2017,Wheat,171444.7,761263.0,4.44,1764.1,37.2,1.53,148.2,1.8,0.587,8
DIST_320,STATE_08,2018,Wheat,83551.9,393922.1,4.715,2067.4,18.0,2.05,148.2,1.8,0.647,9
DIST_320,STATE_08,2019,Wheat,114233.4,526449.2,4.609,2036.8,28.0,2.26,148.2,1.8,0.611,10
DIST_320,STATE_08,2020,Wheat,97493.9,475575.9,4.878,1674.0,27.7,2.79,148.2,1.8,0.608,11
DIST_320,STATE_08,2021,Wheat,50442.4,255396.6,5.063,1557.5,57.9,2.02,148.2,1.8,0.657,12
DIST_320,STATE_08,2022,Wheat,137523.7,530802.2,3.86,1946.4,39.5,2.96,148.2,1.8,0.591,13
DIST_320,STATE_08,2023,Wheat,169143.2,768476.8,4.543,1811.4,12.7,1.88,148.2,1.8,0.624,14
