district_id,crop_year,yield_tha,predicted_yield_tha
DIST_001,2009,3.346,
DIST_001,2010,3.861,
DIST_001,2011,3.571,
DIST_001,2012,2.879,
DIST_001,2013,3.448,
DIST_001,2014,3.699,
DIST_001,2015,3.63,
DIST_001,2016,4.634,
DIST_001,2017,4.027,
DIST_001,2018,4.338,
DIST_001,2019,4.22,4.079532154693594
DIST_001,2020,4.664,4.30521988220914
DIST_001,2021,3.865,4.745000434519185
DIST_001,2022,3.281,4.270739907972978
DIST_001,2023,4.154,4.431934819482227
DIST_002,2009,4.3,
DIST_002,2010,5.07,
DIST_002,2011,4.931,
DIST_002,2012,2.939,
DIST_002,2013,4.891,
DIST_002,2014,5.373,
DIST_002,2015,5.082,
DIST_002,2016,5.006,
DIST_002,2017,5.354,
DIST_002,2018,5.736,
DIST_002,2019,5.465,4.519232437626535
DIST_002,2020,5.768,4.921125502898006
DIST_002,2021,5.54,5.0971281252633345
DIST_002,2022,4.343,4.716786622360167
DIST_002,2023,5.21,5.383498156618522
DIST_003,2009,3.199,
DIST_003,2010,3.397,
DIST_003,2011,3.029,
DIST_003,2012,1.965,
DIST_003,2013,4.016,
DIST_003,2014,3.35,
DIST_003,2015,3.047,
DIST_003,2016,3.628,
DIST_003,2017,3.23,
DIST_003,2018,3.878,
DIST_003,2019,3.938,3.9089299650322267
DIST_003,2020,4.082,4.597862806851491
DIST_003,2021,3.292,4.499395389647548
DIST_003,2022,2.927,3.7281908154509535
DIST_003,2023,4.383,3.560489394204197
DIST_004,2009,4.596,
DIST_004,2010,4.476,
DIST_004,2011,5.052,
DIST_004,2012,3.593,
DIST_004,2013,3.919,
DIST_004,2014,5.105,
DIST_004,2015,4.574,
DIST_004,2016,4.896,
DIST_004,2017,4.871,
DIST_004,2018,5.282,
DIST_004,2019,4.911,4.85016225398328
DIST_004,2020,5.357,4.638561386132189
DIST_004,2021,5.226,4.783881077235985
DIST_004,2022,4.093,4.01824023896894
DIST_004,2023,5.393,4.7649501708816215
DIST_005,2009,4.443,
DIST_005,2010,5.093,
DIST_005,2011,4.904,
DIST_005,2012,4.099,
DIST_005,2013,5.129,
DIST_005,2014,4.95,
DIST_005,2015,5.121,
DIST_005,2016,5.524,
DIST_005,2017,5.151,
DIST_005,2018,5.718,
DIST_005,2019,5.641,5.683423779254679
DIST_005,2020,5.697,4.933388138831345
DIST_005,2021,5.469,5.756485698069875
DIST_005,2022,4.488,4.97976728678406
DIST_005,2023,5.503,4.574040599275129
DIST_006,2009,5.272,
DIST_006,2010,4.98,
DIST_006,2011,4.624,
DIST_006,2012,3.898,
DIST_006,2013,5.409,
DIST_006,2014,5.092,
DIST_006,2015,5.468,
DIST_006,2016,4.706,
DIST_006,2017,4.868,
DIST_006,2018,5.635,
DIST_006,2019,5.506,4.755583435730301
DIST_006,2020,5.706,5.043954853361897
DIST_006,2021,5.447,5.13198974933916
DIST_006,2022,4.539,4.542372238318765
DIST_006,2023,5.409,4.650294409259862
DIST_007,2009,4.373,
DIST_007,2010,3.966,
DIST_007,2011,3.985,
DIST_007,2012,2.519,
DIST_007,2013,4.475,
DIST_007,2014,3.907,
DIST_007,2015,4.308,
DIST_007,2016,4.573,
DIST_007,2017,4.276,
DIST_007,2018,4.84,
DIST_007,2019,4.229,4.063631269066956
DIST_007,2020,4.99,5.029446586662331
DIST_007,2021,4.556,5.0988161512637244
DIST_007,2022,3.998,3.755078295993919
DIST_007,2023,4.912,4.374676971193594
DIST_008,2009,3.053,
DIST_008,2010,2.697,
DIST_008,2011,3.255,
DIST_008,2012,2.476,
DIST_008,2013,3.5,
DIST_008,2014,3.182,
DIST_008,2015,3.691,
DIST_008,2016,3.365,
DIST_008,2017,3.625,
DIST_008,2018,3.927,
DIST_008,2019,4.272,4.37065292523641
DIST_008,2020,4.139,5.141934663056942
DIST_008,2021,3.454,5.0992535894865885
DIST_008,2022,3.007,3.7842544930764177
DIST_008,2023,3.211,3.551692288249103
DIST_009,2009,3.292,
DIST_009,2010,3.621,
DIST_009,2011,3.384,
DIST_009,2012,2.306,
DIST_009,2013,3.501,
DIST_009,2014,3.225,
DIST_009,2015,3.37,
DIST_009,2016,3.433,
DIST_009,2017,3.776,
DIST_009,2018,4.241,
DIST_009,2019,3.327,3.531897767240121
DIST_009,2020,4.225,3.8003372109176827
DIST_009,2021,4.258,4.634773011741878
DIST_009,2022,3.087,3.652179358958701
DIST_009,2023,4.463,4.41463592122203
DIST_010,2009,3.265,
DIST_010,2010,3.48,
DIST_010,2011,3.66,
DIST_010,2012,1.68,
DIST_010,2013,3.205,
DIST_010,2014,2.964,
DIST_010,2015,3.304,
DIST_010,2016,3.553,
DIST_010,2017,3.715,
DIST_010,2018,3.819,
DIST_010,2019,3.571,4.1727782016392085
DIST_010,2020,4.15,4.389446031022807
DIST_010,2021,3.825,4.341105001709905
DIST_010,2022,2.68,3.1903639842111224
DIST_010,2023,4.029,4.697020176742882
DIST_011,2009,2.904,
DIST_011,2010,2.643,
DIST_011,2011,3.365,
DIST_011,2012,1.982,
DIST_011,2013,2.92,
DIST_011,2014,2.927,
DIST_011,2015,3.186,
DIST_011,2016,3.576,
DIST_011,2017,3.19,
DIST_011,2018,3.636,
DIST_011,2019,3.209,4.023921919902394
DIST_011,2020,3.926,3.7207716827337673
DIST_011,2021,3.327,4.125516649217567
DIST_011,2022,2.757,3.8477246454052145
DIST_011,2023,3.189,4.1905650793614795
DIST_012,2009,4.461,
DIST_012,2010,4.472,
DIST_012,2011,4.052,
DIST_012,2012,3.05,
DIST_012,2013,4.666,
DIST_012,2014,4.458,
DIST_012,2015,4.465,
DIST_012,2016,4.141,
DIST_012,2017,4.332,
DIST_012,2018,5.049,
DIST_012,2019,4.943,4.611718320032764
DIST_012,2020,5.115,4.612171600256076
DIST_012,2021,4.96,4.427879001762738
DIST_012,2022,4.4,3.8054606376574522
DIST_012,2023,4.952,4.858348712624174
DIST_013,2009,2.783,
DIST_013,2010,2.38,
DIST_013,2011,3.025,
DIST_013,2012,1.7,
DIST_013,2013,2.611,
DIST_013,2014,3.413,
DIST_013,2015,3.442,
DIST_013,2016,3.355,
DIST_013,2017,3.351,
DIST_013,2018,3.57,
DIST_013,2019,3.133,4.536989117592494
DIST_013,2020,3.728,4.32578535711214
DIST_013,2021,3.226,3.34686116302483
DIST_013,2022,2.59,2.883941539157716
DIST_013,2023,3.181,3.6106750648191577
DIST_014,2009,3.63,
DIST_014,2010,3.578,
DIST_014,2011,3.426,
DIST_014,2012,2.396,
DIST_014,2013,3.265,
DIST_014,2014,3.566,
DIST_014,2015,3.29,
DIST_014,2016,4.03,
DIST_014,2017,3.704,
DIST_014,2018,4.388,
DIST_014,2019,3.972,5.50219764500741
DIST_014,2020,4.16,4.679564834943563
DIST_014,2021,3.793,4.052298668014829
DIST_014,2022,3.123,3.5882536430254794
DIST_014,2023,4.151,5.102649527026369
DIST_015,2009,3.286,
DIST_015,2010,3.321,
DIST_015,2011,3.447,
DIST_015,2012,2.04,
DIST_015,2013,2.884,
DIST_015,2014,2.697,
DIST_015,2015,2.893,
DIST_015,2016,3.286,
DIST_015,2017,3.324,
DIST_015,2018,3.855,
DIST_015,2019,3.451,3.829687598195262
DIST_015,2020,3.956,4.357099854991467
DIST_015,2021,3.916,4.495636872166311
DIST_015,2022,2.589,4.0858839925916834
DIST_015,2023,3.596,4.042581273347994
DIST_016,2009,4.581,
DIST_016,2010,4.267,
DIST_016,2011,4.426,
DIST_016,2012,2.258,
DIST_016,2013,4.591,
DIST_016,2014,4.316,
DIST_016,2015,4.597,
DIST_016,2016,4.275,
DIST_016,2017,4.452,
DIST_016,2018,5.088,
DIST_016,2019,4.415,4.099004453836529
DIST_016,2020,5.361,5.354165586123139
DIST_016,2021,4.857,4.399035840061858
DIST_016,2022,4.138,3.9048694002519198
DIST_016,2023,4.498,4.515460239011517
DIST_017,2009,4.873,
DIST_017,2010,5.276,
DIST_017,2011,5.085,
DIST_017,2012,3.962,
DIST_017,2013,5.086,
DIST_017,2014,4.757,
DIST_017,2015,5.403,
DIST_017,2016,5.157,
DIST_017,2017,5.385,
DIST_017,2018,5.837,
DIST_017,2019,5.735,5.006062886627142
DIST_017,2020,5.685,4.784658072395284
DIST_017,2021,5.569,5.351242016204228
DIST_017,2022,4.739,4.120799781498778
DIST_017,2023,5.905,5.884295184955731
DIST_018,2009,4.71,
DIST_018,2010,5.347,
DIST_018,2011,4.895,
DIST_018,2012,4.19,
DIST_018,2013,5.243,
DIST_018,2014,4.811,
DIST_018,2015,4.952,
DIST_018,2016,5.087,
DIST_018,2017,5.257,
DIST_018,2018,5.54,
DIST_018,2019,5.13,5.288270144299249
DIST_018,2020,5.802,4.811171823960231
DIST_018,2021,5.425,5.161615741271439
DIST_018,2022,4.285,4.511007978199969
DIST_018,2023,5.537,5.307360852813225
DIST_019,2009,4.552,
DIST_019,2010,3.838,
DIST_019,2011,4.254,
DIST_019,2012,2.843,
DIST_019,2013,4.441,
DIST_019,2014,4.119,
DIST_019,2015,3.929,
DIST_019,2016,4.459,
DIST_019,2017,4.96,
DIST_019,2018,5.034,
DIST_019,2019,4.786,4.3669539910446336
DIST_019,2020,4.829,4.442408244330356
DIST_019,2021,5.102,4.524982673815184
DIST_019,2022,3.953,3.6855747530221574
DIST_019,2023,4.597,4.295796316679143
DIST_020,2009,4.321,
DIST_020,2010,4.758,
DIST_020,2011,4.536,
DIST_020,2012,4.09,
DIST_020,2013,5.128,
DIST_020,2014,4.942,
DIST_020,2015,5.174,
DIST_020,2016,5.059,
DIST_020,2017,5.279,
DIST_020,2018,5.465,
DIST_020,2019,5.058,4.83428064745305
DIST_020,2020,5.632,5.103605773140462
DIST_020,2021,5.369,4.6356600366884315
DIST_020,2022,4.498,4.0903035069546405
DIST_020,2023,5.501,4.641026610605693
DIST_021,2009,3.161,
DIST_021,2010,3.276,
DIST_021,2011,3.668,
DIST_021,2012,2.268,
DIST_021,2013,3.644,
DIST_021,2014,3.409,
DIST_021,2015,3.627,
DIST_021,2016,3.632,
DIST_021,2017,3.857,
DIST_021,2018,4.212,
DIST_021,2019,4.153,3.52176004563241
DIST_021,2020,4.143,4.779302675571973
DIST_021,2021,3.927,4.051804421956059
DIST_021,2022,2.886,3.294064093502781
DIST_021,2023,3.89,4.177080139922217
DIST_022,2009,3.235,
DIST_022,2010,2.98,
DIST_022,2011,3.442,
DIST_022,2012,2.522,
DIST_022,2013,3.231,
DIST_022,2014,3.597,
DIST_022,2015,3.547,
DIST_022,2016,3.426,
DIST_022,2017,3.782,
DIST_022,2018,3.804,
DIST_022,2019,3.644,4.2568196777787115
DIST_022,2020,4.231,4.326464583173112
DIST_022,2021,3.853,4.57613285972449
DIST_022,2022,2.848,3.2735962579952815
DIST_022,2023,3.214,4.053445395266747
DIST_023,2009,4.085,
DIST_023,2010,4.219,
DIST_023,2011,4.556,
DIST_023,2012,2.919,
DIST_023,2013,4.38,
DIST_023,2014,4.628,
DIST_023,2015,4.502,
DIST_023,2016,4.302,
DIST_023,2017,4.574,
DIST_023,2018,4.945,
DIST_023,2019,4.74,4.217486434195014
DIST_023,2020,4.895,4.485710405391682
DIST_023,2021,4.758,4.259452146005538
DIST_023,2022,3.773,4.376412359019595
DIST_023,2023,4.759,4.451740856901189
DIST_024,2009,3.704,
DIST_024,2010,3.27,
DIST_024,2011,3.551,
DIST_024,2012,2.211,
DIST_024,2013,3.563,
DIST_024,2014,3.636,
DIST_024,2015,3.946,
DIST_024,2016,3.445,
DIST_024,2017,4.021,
DIST_024,2018,4.493,
DIST_024,2019,3.674,4.402462797022188
DIST_024,2020,4.445,4.288031479319219
DIST_024,2021,4.105,4.30220681572605
DIST_024,2022,3.11,3.506608559113708
DIST_024,2023,3.838,4.635779644581111
DIST_025,2009,3.489,
DIST_025,2010,3.545,
DIST_025,2011,3.81,
DIST_025,2012,1.706,
DIST_025,2013,3.846,
DIST_025,2014,3.43,
DIST_025,2015,3.827,
DIST_025,2016,3.849,
DIST_025,2017,4.056,
DIST_025,2018,4.06,
DIST_025,2019,4.242,3.8702068757592
DIST_025,2020,4.217,4.729596656455096
DIST_025,2021,3.92,3.7715913489060293
DIST_025,2022,3.152,3.995366281162859
DIST_025,2023,3.896,4.4053241356614805
DIST_026,2009,4.142,
DIST_026,2010,3.929,
DIST_026,2011,4.109,
DIST_026,2012,2.944,
DIST_026,2013,4.408,
DIST_026,2014,4.736,
DIST_026,2015,4.308,
DIST_026,2016,4.365,
DIST_026,2017,4.238,
DIST_026,2018,4.961,
DIST_026,2019,4.557,4.445545798068741
DIST_026,2020,5.006,4.36744434691558
DIST_026,2021,4.473,3.934362273405594
DIST_026,2022,3.599,3.7539292071535577
DIST_026,2023,3.986,4.347664162366587
DIST_027,2009,5.183,
DIST_027,2010,5.113,
DIST_027,2011,5.257,
DIST_027,2012,3.474,
DIST_027,2013,4.689,
DIST_027,2014,5.093,
DIST_027,2015,5.329,
DIST_027,2016,4.942,
DIST_027,2017,5.261,
DIST_027,2018,5.908,
DIST_027,2019,5.58,4.61010711954477
DIST_027,2020,5.635,4.931114390584892
DIST_027,2021,5.607,5.452298637202681
DIST_027,2022,4.649,4.304203285132403
DIST_027,2023,5.528,4.834426996888716
DIST_028,2009,4.161,
DIST_028,2010,3.776,
DIST_028,2011,3.915,
DIST_028,2012,3.125,
DIST_028,2013,3.757,
DIST_028,2014,3.957,
DIST_028,2015,4.211,
DIST_028,2016,5.017,
DIST_028,2017,4.356,
DIST_028,2018,4.723,
DIST_028,2019,4.671,4.991434691657672
DIST_028,2020,5.047,5.169245974753374
DIST_028,2021,4.457,4.922609489436354
DIST_028,2022,4.095,3.9692653752698885
DIST_028,2023,4.486,4.709956742560232
DIST_029,2009,3.946,
DIST_029,2010,4.13,
DIST_029,2011,3.94,
DIST_029,2012,2.507,
DIST_029,2013,4.687,
DIST_029,2014,4.159,
DIST_029,2015,3.845,
DIST_029,2016,4.203,
DIST_029,2017,4.302,
DIST_029,2018,4.662,
DIST_029,2019,4.12,4.141267423783761
DIST_029,2020,4.541,4.832670414215298
DIST_029,2021,3.928,4.413735147674019
DIST_029,2022,3.642,4.363746594148341
DIST_029,2023,4.188,4.038126888924071
DIST_030,2009,3.233,
DIST_030,2010,2.866,
DIST_030,2011,3.034,
DIST_030,2012,1.652,
DIST_030,2013,2.874,
DIST_030,2014,3.196,
DIST_030,2015,3.397,
DIST_030,2016,2.855,
DIST_030,2017,3.546,
DIST_030,2018,3.913,
DIST_030,2019,3.339,4.021550452812428
DIST_030,2020,3.909,4.605379093154186
DIST_030,2021,3.339,3.786030768569378
DIST_030,2022,2.861,4.1439906110904285
DIST_030,2023,3.804,4.3667225545785575
DIST_031,2009,5.206,
DIST_031,2010,4.845,
DIST_031,2011,5.219,
DIST_031,2012,3.728,
DIST_031,2013,5.247,
DIST_031,2014,5.275,
DIST_031,2015,5.325,
DIST_031,2016,4.993,
DIST_031,2017,5.523,
DIST_031,2018,5.822,
DIST_031,2019,5.568,5.4639707141824845
DIST_031,2020,5.89,5.282866450748844
DIST_031,2021,5.16,4.902504201278241
DIST_031,2022,4.936,4.678288661811847
DIST_031,2023,5.412,5.863146772130838
DIST_032,2009,3.448,
DIST_032,2010,2.988,
DIST_032,2011,3.105,
DIST_032,2012,1.362,
DIST_032,2013,3.734,
DIST_032,2014,3.374,
DIST_032,2015,3.68,
DIST_032,2016,3.608,
DIST_032,2017,3.5,
DIST_032,2018,4.161,
DIST_032,2019,3.624,3.9776151592087126
DIST_032,2020,4.184,4.06222343157106
DIST_032,2021,4.043,4.522704266301139
DIST_032,2022,3.385,3.8362559522122632
DIST_032,2023,4.126,4.776175442955914
DIST_033,2009,3.263,
DIST_033,2010,3.454,
DIST_033,2011,3.106,
DIST_033,2012,1.942,
DIST_033,2013,3.611,
DIST_033,2014,3.043,
DIST_033,2015,3.102,
DIST_033,2016,3.251,
DIST_033,2017,3.143,
DIST_033,2018,3.909,
DIST_033,2019,3.447,4.344752623430002
DIST_033,2020,4.212,4.03569759497196
DIST_033,2021,3.653,4.714329986844276
DIST_033,2022,2.866,3.876669465466958
DIST_033,2023,4.072,4.236375948469557
DIST_034,2009,4.471,
DIST_034,2010,4.602,
DIST_034,2011,4.692,
DIST_034,2012,3.025,
DIST_034,2013,4.898,
DIST_034,2014,4.783,
DIST_034,2015,5.123,
DIST_034,2016,5.545,
DIST_034,2017,5.264,
DIST_034,2018,5.313,
DIST_034,2019,4.83,5.091247054768576
DIST_034,2020,5.559,5.064031478883041
DIST_034,2021,4.876,4.53905449684042
DIST_034,2022,4.423,3.6877854980694122
DIST_034,2023,4.979,4.702497415429732
DIST_035,2009,3.269,
DIST_035,2010,3.197,
DIST_035,2011,3.163,
DIST_035,2012,2.188,
DIST_035,2013,3.464,
DIST_035,2014,3.895,
DIST_035,2015,3.283,
DIST_035,2016,3.611,
DIST_035,2017,3.649,
DIST_035,2018,4.227,
DIST_035,2019,3.491,3.8498980847289808
DIST_035,2020,4.43,4.909383988494634
DIST_035,2021,3.776,4.163927431022346
DIST_035,2022,3.344,3.6077169220708907
DIST_035,2023,4.068,3.660026853430062
DIST_036,2009,2.86,
DIST_036,2010,2.492,
DIST_036,2011,2.746,
DIST_036,2012,2.205,
DIST_036,2013,3.313,
DIST_036,2014,3.177,
DIST_036,2015,3.134,
DIST_036,2016,3.2,
DIST_036,2017,3.538,
DIST_036,2018,3.705,
DIST_036,2019,3.505,4.564420112045982
DIST_036,2020,4.08,4.034435493097323
DIST_036,2021,3.765,4.102509017330503
DIST_036,2022,2.935,3.413608177798227
DIST_036,2023,3.348,4.176631359454478
DIST_037,2009,4.302,
DIST_037,2010,4.265,
DIST_037,2011,3.747,
DIST_037,2012,2.541,
DIST_037,2013,4.46,
DIST_037,2014,4.221,
DIST_037,2015,4.125,
DIST_037,2016,3.841,
DIST_037,2017,4.293,
DIST_037,2018,4.615,
DIST_037,2019,4.265,4.57505826210161
DIST_037,2020,4.621,4.283463389233141
DIST_037,2021,3.973,3.425125374630856
DIST_037,2022,3.735,4.3781909206494944
DIST_037,2023,4.515,4.410937518696406
DIST_038,2009,3.855,
DIST_038,2010,3.651,
DIST_038,2011,3.779,
DIST_038,2012,2.658,
DIST_038,2013,3.887,
DIST_038,2014,3.998,
DIST_038,2015,4.173,
DIST_038,2016,4.249,
DIST_038,2017,4.506,
DIST_038,2018,4.645,
DIST_038,2019,4.275,3.9863395866879823
DIST_038,2020,4.81,4.401387719577991
DIST_038,2021,4.799,4.703988401500995
DIST_038,2022,3.798,3.932067509812636
DIST_038,2023,4.392,4.617506973506148
DIST_039,2009,4.162,
DIST_039,2010,4.63,
DIST_039,2011,4.432,
DIST_039,2012,3.238,
DIST_039,2013,4.553,
DIST_039,2014,4.65,
DIST_039,2015,4.118,
DIST_039,2016,4.528,
DIST_039,2017,4.655,
DIST_039,2018,4.965,
DIST_039,2019,4.896,4.383698402768228
DIST_039,2020,5.246,5.268036539209553
DIST_039,2021,5.253,4.514941216486852
DIST_039,2022,4.084,4.199763262698364
DIST_039,2023,5.118,4.561379365083203
DIST_040,2009,4.315,
DIST_040,2010,4.946,
DIST_040,2011,4.382,
DIST_040,2012,3.287,
DIST_040,2013,4.452,
DIST_040,2014,4.703,
DIST_040,2015,4.434,
DIST_040,2016,5.287,
DIST_040,2017,4.801,
DIST_040,2018,5.449,
DIST_040,2019,4.997,4.275709450250163
DIST_040,2020,5.416,4.410672818014838
DIST_040,2021,4.804,4.482503827106089
DIST_040,2022,4.328,3.782019627976609
DIST_040,2023,4.924,5.805374007637297
DIST_041,2009,3.66,
DIST_041,2010,3.431,
DIST_041,2011,3.893,
DIST_041,2012,3.032,
DIST_041,2013,4.278,
DIST_041,2014,4.118,
DIST_041,2015,4.032,
DIST_041,2016,4.487,
DIST_041,2017,4.576,
DIST_041,2018,4.869,
DIST_041,2019,4.364,4.1676585696894595
DIST_041,2020,5.005,4.357464516568804
DIST_041,2021,4.462,4.639181910691042
DIST_041,2022,3.789,3.506596469998124
DIST_041,2023,4.584,4.36227389209643
DIST_042,2009,4.635,
DIST_042,2010,4.215,
DIST_042,2011,4.849,
DIST_042,2012,3.804,
DIST_042,2013,4.376,
DIST_042,2014,4.858,
DIST_042,2015,5.428,
DIST_042,2016,4.702,
DIST_042,2017,4.895,
DIST_042,2018,5.248,
DIST_042,2019,4.893,4.286160756396319
DIST_042,2020,5.613,4.748472724349579
DIST_042,2021,5.241,4.893882716346313
DIST_042,2022,4.312,4.637593380846932
DIST_042,2023,5.359,5.151072645589706
DIST_043,2009,3.025,
DIST_043,2010,3.11,
DIST_043,2011,3.386,
DIST_043,2012,1.382,
DIST_043,2013,3.285,
DIST_043,2014,3.464,
DIST_043,2015,3.776,
DIST_043,2016,3.502,
DIST_043,2017,3.466,
DIST_043,2018,4.133,
DIST_043,2019,3.735,4.294729905127937
DIST_043,2020,3.927,4.813250996063691
DIST_043,2021,3.262,4.251355316142374
DIST_043,2022,2.915,4.225806658927427
DIST_043,2023,4.131,5.070411997992507
DIST_044,2009,3.62,
DIST_044,2010,3.42,
DIST_044,2011,3.856,
DIST_044,2012,2.107,
DIST_044,2013,3.495,
DIST_044,2014,3.91,
DIST_044,2015,3.482,
DIST_044,2016,3.361,
DIST_044,2017,3.311,
DIST_044,2018,3.795,
DIST_044,2019,3.214,4.128293326676594
DIST_044,2020,4.223,4.744703938601523
DIST_044,2021,4.01,4.488684587934131
DIST_044,2022,3.211,3.5809415033809984
DIST_044,2023,3.694,4.5594558439254245
DIST_045,2009,4.612,
DIST_045,2010,4.446,
DIST_045,2011,4.39,
DIST_045,2012,3.362,
DIST_045,2013,4.719,
DIST_045,2014,4.691,
DIST_045,2015,4.795,
DIST_045,2016,4.87,
DIST_045,2017,5.385,
DIST_045,2018,5.458,
DIST_045,2019,5.126,4.428199155215145
DIST_045,2020,5.516,5.297796124454026
DIST_045,2021,4.991,5.2878427419973155
DIST_045,2022,4.125,3.879361175136478
DIST_045,2023,4.954,5.054283863914499
DIST_046,2009,4.317,
DIST_046,2010,4.212,
DIST_046,2011,4.41,
DIST_046,2012,2.858,
DIST_046,2013,4.53,
DIST_046,2014,4.525,
DIST_046,2015,4.88,
DIST_046,2016,4.716,
DIST_046,2017,4.577,
DIST_046,2018,5.048,
DIST_046,2019,5.048,4.563823761515655
DIST_046,2020,5.227,4.715907885813154
DIST_046,2021,5.005,4.919349179526333
DIST_046,2022,3.886,3.5766952418630353
DIST_046,2023,4.897,4.62578239637446
DIST_047,2009,2.785,
DIST_047,2010,2.973,
DIST_047,2011,2.81,
DIST_047,2012,1.836,
DIST_047,2013,3.07,
DIST_047,2014,2.962,
DIST_047,2015,3.348,
DIST_047,2016,3.306,
DIST_047,2017,3.279,
DIST_047,2018,3.708,
DIST_047,2019,3.47,4.3192793079117795
DIST_047,2020,3.787,3.937628477869647
DIST_047,2021,3.412,3.473394824576086
DIST_047,2022,2.617,2.8629900359335494
DIST_047,2023,3.498,3.8304078996118527
DIST_048,2009,4.104,
DIST_048,2010,4.185,
DIST_048,2011,4.03,
DIST_048,2012,2.989,
DIST_048,2013,4.559,
DIST_048,2014,4.158,
DIST_048,2015,3.863,
DIST_048,2016,4.723,
DIST_048,2017,4.85,
DIST_048,2018,5.016,
DIST_048,2019,4.714,4.323761362120707
DIST_048,2020,5.03,3.901475831943844
DIST_048,2021,5.145,5.196107879664956
DIST_048,2022,3.723,4.503691894800422
DIST_048,2023,4.936,5.272751428981013
DIST_049,2009,3.203,
DIST_049,2010,3.224,
DIST_049,2011,2.739,
DIST_049,2012,2.355,
DIST_049,2013,3.603,
DIST_049,2014,3.084,
DIST_049,2015,2.945,
DIST_049,2016,2.947,
DIST_049,2017,3.03,
DIST_049,2018,3.59,
DIST_049,2019,3.538,3.3358066815973464
DIST_049,2020,4.014,3.9741841159875286
DIST_049,2021,3.483,4.4537111641736296
DIST_049,2022,2.778,3.731722709371043
DIST_049,2023,3.974,4.3633866287918375
DIST_050,2009,4.512,
DIST_050,2010,4.532,
DIST_050,2011,5.001,
DIST_050,2012,2.886,
DIST_050,2013,4.433,
DIST_050,2014,4.89,
DIST_050,2015,5.042,
DIST_050,2016,5.328,
DIST_050,2017,4.769,
DIST_050,2018,5.564,
DIST_050,2019,5.045,4.629654450955823
DIST_050,2020,5.522,4.774504117170328
DIST_050,2021,5.412,5.145592094023203
DIST_050,2022,4.524,4.615521368040548
DIST_050,2023,5.479,5.334382986829539
DIST_051,2009,3.955,
DIST_051,2010,3.503,
DIST_051,2011,3.706,
DIST_051,2012,2.1,
DIST_051,2013,4.282,
DIST_051,2014,3.806,
DIST_051,2015,3.923,
DIST_051,2016,3.378,
DIST_051,2017,4.294,
DIST_051,2018,4.587,
DIST_051,2019,4.388,4.864068968594045
DIST_051,2020,4.536,4.554748933387702
DIST_051,2021,4.315,4.137448906984593
DIST_051,2022,3.707,3.8364939136829257
DIST_051,2023,4.257,4.786770280927688
DIST_052,2009,3.818,
DIST_052,2010,3.045,
DIST_052,2011,3.993,
DIST_052,2012,2.624,
DIST_052,2013,4.132,
DIST_052,2014,3.983,
DIST_052,2015,4.103,
DIST_052,2016,4.057,
DIST_052,2017,3.72,
DIST_052,2018,4.67,
DIST_052,2019,4.066,4.567851113015594
DIST_052,2020,4.707,4.726518315848462
DIST_052,2021,4.345,4.339002495828282
DIST_052,2022,3.563,3.637944128916337
DIST_052,2023,4.071,4.36327339075021
DIST_053,2009,3.92,
DIST_053,2010,4.116,
DIST_053,2011,4.598,
DIST_053,2012,2.734,
DIST_053,2013,4.441,
DIST_053,2014,4.443,
DIST_053,2015,4.759,
DIST_053,2016,4.344,
DIST_053,2017,4.925,
DIST_053,2018,5.082,
DIST_053,2019,4.647,4.962899156741121
DIST_053,2020,5.252,4.364974857916692
DIST_053,2021,4.979,4.802449749034006
DIST_053,2022,4.019,3.491479733737946
DIST_053,2023,4.947,5.088311283499666
DIST_054,2009,3.213,
DIST_054,2010,2.93,
DIST_054,2011,2.922,
DIST_054,2012,2.294,
DIST_054,2013,3.287,
DIST_054,2014,3.104,
DIST_054,2015,3.385,
DIST_054,2016,3.308,
DIST_054,2017,3.515,
DIST_054,2018,3.784,
DIST_054,2019,3.325,4.508340099588891
DIST_054,2020,3.755,4.2016071979509775
DIST_054,2021,3.888,4.168669424038767
DIST_054,2022,2.76,3.1885113633004805
DIST_054,2023,3.644,3.6567595760556735
DIST_055,2009,4.677,
DIST_055,2010,5.149,
DIST_055,2011,4.844,
DIST_055,2012,3.733,
DIST_055,2013,5.2,
DIST_055,2014,4.668,
DIST_055,2015,5.136,
DIST_055,2016,5.095,
DIST_055,2017,5.228,
DIST_055,2018,5.699,
DIST_055,2019,5.546,4.634673963839768
DIST_055,2020,5.651,5.515597620110333
DIST_055,2021,5.336,4.907198513241932
DIST_055,2022,4.634,3.9855071941356193
DIST_055,2023,5.074,4.53863683547777
DIST_056,2009,4.511,
DIST_056,2010,4.413,
DIST_056,2011,4.531,
DIST_056,2012,2.948,
DIST_056,2013,4.515,
DIST_056,2014,4.648,
DIST_056,2015,4.378,
DIST_056,2016,4.666,
DIST_056,2017,4.966,
DIST_056,2018,4.888,
DIST_056,2019,4.527,4.498381677644415
DIST_056,2020,5.266,4.86340902468012
DIST_056,2021,4.736,5.148024002742771
DIST_056,2022,4.285,4.736757787697954
DIST_056,2023,4.846,4.7812691416457085
DIST_057,2009,3.946,
DIST_057,2010,4.046,
DIST_057,2011,4.16,
DIST_057,2012,2.771,
DIST_057,2013,4.416,
DIST_057,2014,3.993,
DIST_057,2015,3.691,
DIST_057,2016,4.386,
DIST_057,2017,4.646,
DIST_057,2018,4.885,
DIST_057,2019,4.499,4.350145341307179
DIST_057,2020,5.218,5.013505399587652
DIST_057,2021,4.406,4.874533122031523
DIST_057,2022,3.679,3.459703995749499
DIST_057,2023,4.591,4.714479952289164
DIST_058,2009,3.605,
DIST_058,2010,3.621,
DIST_058,2011,3.946,
DIST_058,2012,1.1,
DIST_058,2013,3.827,
DIST_058,2014,3.475,
DIST_058,2015,4.067,
DIST_058,2016,3.859,
DIST_058,2017,3.643,
DIST_058,2018,4.179,
DIST_058,2019,4.027,4.866455851564439
DIST_058,2020,4.407,4.360388780951983
DIST_058,2021,3.951,4.510174345726061
DIST_058,2022,3.488,4.078416474760011
DIST_058,2023,4.431,4.152179991656841
DIST_059,2009,3.038,
DIST_059,2010,3.378,
DIST_059,2011,3.097,
DIST_059,2012,2.176,
DIST_059,2013,2.897,
DIST_059,2014,3.07,
DIST_059,2015,2.904,
DIST_059,2016,3.001,
DIST_059,2017,3.331,
DIST_059,2018,3.709,
DIST_059,2019,3.056,4.05533239669721
DIST_059,2020,3.749,4.426179686267957
DIST_059,2021,3.728,4.03040232618989
DIST_059,2022,2.664,3.255004250978674
DIST_059,2023,3.624,3.746540151778367
DIST_060,2009,4.047,
DIST_060,2010,4.19,
DIST_060,2011,3.81,
DIST_060,2012,3.103,
DIST_060,2013,4.876,
DIST_060,2014,3.731,
DIST_060,2015,4.445,
DIST_060,2016,4.085,
DIST_060,2017,4.344,
DIST_060,2018,4.552,
DIST_060,2019,4.212,4.052158947880525
DIST_060,2020,4.941,4.691829616801827
DIST_060,2021,4.337,4.2673929789821665
DIST_060,2022,3.506,3.909340138910379
DIST_060,2023,4.332,4.727259325755722
DIST_061,2009,4.259,
DIST_061,2010,4.71,
DIST_061,2011,4.402,
DIST_061,2012,2.487,
DIST_061,2013,4.673,
DIST_061,2014,4.874,
DIST_061,2015,4.397,
DIST_061,2016,4.958,
DIST_061,2017,4.223,
DIST_061,2018,5.199,
DIST_061,2019,5.299,4.045981744818452
DIST_061,2020,5.112,4.544495955283467
DIST_061,2021,4.912,5.884308371885161
DIST_061,2022,4.022,4.113074397955495
DIST_061,2023,5.35,5.4915178687314565
DIST_062,2009,3.0,
DIST_062,2010,2.9,
DIST_062,2011,2.487,
DIST_062,2012,1.473,
DIST_062,2013,3.542,
DIST_062,2014,3.074,
DIST_062,2015,3.367,
DIST_062,2016,3.316,
DIST_062,2017,3.092,
DIST_062,2018,3.607,
DIST_062,2019,3.489,3.875924039902548
DIST_062,2020,3.732,4.44705120876354
DIST_062,2021,3.595,4.419355747804455
DIST_062,2022,2.303,3.296645605608945
DIST_062,2023,3.144,3.6963168960056634
DIST_063,2009,4.902,
DIST_063,2010,5.058,
DIST_063,2011,4.996,
DIST_063,2012,2.918,
DIST_063,2013,5.272,
DIST_063,2014,4.95,
DIST_063,2015,5.182,
DIST_063,2016,5.348,
DIST_063,2017,5.083,
DIST_063,2018,5.853,
DIST_063,2019,5.312,4.449400593738283
DIST_063,2020,5.806,5.251952966878795
DIST_063,2021,4.909,5.082569710499999
DIST_063,2022,4.941,4.238667338160404
DIST_063,2023,5.23,4.4507725407768515
DIST_064,2009,3.573,
DIST_064,2010,4.342,
DIST_064,2011,3.971,
DIST_064,2012,2.247,
DIST_064,2013,4.254,
DIST_064,2014,4.609,
DIST_064,2015,4.397,
DIST_064,2016,4.512,
DIST_064,2017,5.131,
DIST_064,2018,4.921,
DIST_064,2019,4.585,4.703184021074299
DIST_064,2020,5.034,4.991888520569926
DIST_064,2021,4.781,4.523495539440754
DIST_064,2022,3.871,4.276223846090349
DIST_064,2023,4.235,4.438677665299185
DIST_065,2009,3.44,
DIST_065,2010,3.756,
DIST_065,2011,3.899,
DIST_065,2012,2.294,
DIST_065,2013,3.814,
DIST_065,2014,3.584,
DIST_065,2015,3.99,
DIST_065,2016,3.916,
DIST_065,2017,3.646,
DIST_065,2018,4.171,
DIST_065,2019,3.734,4.665065303987813
DIST_065,2020,4.416,4.691817423631325
DIST_065,2021,3.634,4.490317800004578
DIST_065,2022,3.443,3.46878792316648
DIST_065,2023,4.269,4.036023081643543
DIST_066,2009,3.853,
DIST_066,2010,3.291,
DIST_066,2011,3.924,
DIST_066,2012,2.323,
DIST_066,2013,3.878,
DIST_066,2014,3.767,
DIST_066,2015,4.124,
DIST_066,2016,4.195,
DIST_066,2017,4.316,
DIST_066,2018,4.738,
DIST_066,2019,3.871,3.6245318004598475
DIST_066,2020,4.804,4.398795517639379
DIST_066,2021,3.989,4.507435384166735
DIST_066,2022,3.626,4.188997025999525
DIST_066,2023,4.207,4.163977655016165
DIST_067,2009,4.63,
DIST_067,2010,5.084,
DIST_067,2011,4.636,
DIST_067,2012,4.036,
DIST_067,2013,4.92,
DIST_067,2014,5.6,
DIST_067,2015,5.495,
DIST_067,2016,4.695,
DIST_067,2017,5.297,
DIST_067,2018,5.571,
DIST_067,2019,5.48,4.244707255351193
DIST_067,2020,5.952,5.037042356597611
DIST_067,2021,5.67,4.719945419970968
DIST_067,2022,4.712,4.452018087561792
DIST_067,2023,5.689,4.818371021265505
DIST_068,2009,2.513,
DIST_068,2010,3.49,
DIST_068,2011,3.542,
DIST_068,2012,1.549,
DIST_068,2013,3.649,
DIST_068,2014,3.696,
DIST_068,2015,3.108,
DIST_068,2016,3.644,
DIST_068,2017,3.263,
DIST_068,2018,3.962,
DIST_068,2019,3.53,3.9193322758891003
DIST_068,2020,3.894,4.398419642289465
DIST_068,2021,3.441,4.369623834778679
DIST_068,2022,2.849,3.517531695637534
DIST_068,2023,4.153,5.011952994517864
DIST_069,2009,2.915,
DIST_069,2010,2.976,
DIST_069,2011,3.212,
DIST_069,2012,2.087,
DIST_069,2013,3.622,
DIST_069,2014,3.031,
DIST_069,2015,2.825,
DIST_069,2016,3.687,
DIST_069,2017,3.576,
DIST_069,2018,3.852,
DIST_069,2019,2.968,4.381234316101641
DIST_069,2020,3.98,3.8994214092270885
DIST_069,2021,3.339,3.761018562465772
DIST_069,2022,2.799,3.0002518798455853
DIST_069,2023,3.976,3.6896331806814913
DIST_070,2009,4.238,
DIST_070,2010,4.039,
DIST_070,2011,3.714,
DIST_070,2012,2.881,
DIST_070,2013,4.167,
DIST_070,2014,4.035,
DIST_070,2015,4.189,
DIST_070,2016,4.432,
DIST_070,2017,4.478,
DIST_070,2018,4.871,
DIST_070,2019,4.262,3.602002837229663
DIST_070,2020,4.728,4.46200521973931
DIST_070,2021,4.301,4.09606306969342
DIST_070,2022,3.687,3.948282033559044
DIST_070,2023,4.723,4.721098438275627
DIST_071,2009,2.923,
DIST_071,2010,3.407,
DIST_071,2011,3.092,
DIST_071,2012,2.152,
DIST_071,2013,3.12,
DIST_071,2014,2.828,
DIST_071,2015,3.943,
DIST_071,2016,3.381,
DIST_071,2017,3.482,
DIST_071,2018,4.132,
DIST_071,2019,3.582,4.3279731590618775
DIST_071,2020,3.884,3.250677947619406
DIST_071,2021,3.86,4.228781274143887
DIST_071,2022,2.897,2.938865880347466
DIST_071,2023,3.338,3.5071588473818505
DIST_072,2009,3.149,
DIST_072,2010,3.079,
DIST_072,2011,3.362,
DIST_072,2012,1.978,
DIST_072,2013,3.435,
DIST_072,2014,3.224,
DIST_072,2015,3.304,
DIST_072,2016,2.942,
DIST_072,2017,2.935,
DIST_072,2018,3.697,
DIST_072,2019,3.787,4.489169217187897
DIST_072,2020,3.906,4.242183453616201
DIST_072,2021,3.44,4.327192747708062
DIST_072,2022,2.545,3.7054738183433424
DIST_072,2023,3.627,4.345095639452329
DIST_073,2009,4.035,
DIST_073,2010,4.081,
DIST_073,2011,4.271,
DIST_073,2012,3.144,
DIST_073,2013,4.367,
DIST_073,2014,4.462,
DIST_073,2015,4.271,
DIST_073,2016,4.374,
DIST_073,2017,4.881,
DIST_073,2018,4.865,
DIST_073,2019,4.417,5.049017022563075
DIST_073,2020,5.056,5.450883980119913
DIST_073,2021,4.633,4.805011634679872
DIST_073,2022,3.575,4.119613623531062
DIST_073,2023,4.553,4.100023896006092
DIST_074,2009,3.331,
DIST_074,2010,3.519,
DIST_074,2011,4.068,
DIST_074,2012,1.885,
DIST_074,2013,3.178,
DIST_074,2014,4.205,
DIST_074,2015,3.964,
DIST_074,2016,3.831,
DIST_074,2017,4.193,
DIST_074,2018,4.305,
DIST_074,2019,4.09,4.568956154068723
DIST_074,2020,4.306,4.642764449662094
DIST_074,2021,4.075,4.666199652176679
DIST_074,2022,3.361,3.6753885071766277
DIST_074,2023,4.514,4.489049340982809
DIST_075,2009,2.925,
DIST_075,2010,2.786,
DIST_075,2011,3.226,
DIST_075,2012,1.915,
DIST_075,2013,2.958,
DIST_075,2014,2.801,
DIST_075,2015,3.266,
DIST_075,2016,2.914,
DIST_075,2017,3.328,
DIST_075,2018,3.772,
DIST_075,2019,3.741,3.599817878315381
DIST_075,2020,3.669,4.52050417725517
DIST_075,2021,3.611,3.878015282856293
DIST_075,2022,2.735,3.773484396529053
DIST_075,2023,3.261,4.050093828520755
DIST_076,2009,4.143,
DIST_076,2010,4.32,
DIST_076,2011,4.087,
DIST_076,2012,2.518,
DIST_076,2013,3.856,
DIST_076,2014,4.514,
DIST_076,2015,4.877,
DIST_076,2016,3.883,
DIST_076,2017,4.17,
DIST_076,2018,4.978,
DIST_076,2019,4.725,5.1233548793273584
DIST_076,2020,5.081,4.369006223621802
DIST_076,2021,4.519,4.983057647862788
DIST_076,2022,3.6,3.9963173677247936
DIST_076,2023,5.015,4.404880303706094
DIST_077,2009,3.78,
DIST_077,2010,3.829,
DIST_077,2011,4.189,
DIST_077,2012,2.691,
DIST_077,2013,3.725,
DIST_077,2014,4.018,
DIST_077,2015,4.035,
DIST_077,2016,4.018,
DIST_077,2017,3.804,
DIST_077,2018,4.565,
DIST_077,2019,4.559,5.432442018467555
DIST_077,2020,4.468,4.369251794061098
DIST_077,2021,4.457,4.843489560682091
DIST_077,2022,3.192,3.5559194894628816
DIST_077,2023,4.151,4.044040202690437
DIST_078,2009,4.328,
DIST_078,2010,4.109,
DIST_078,2011,4.361,
DIST_078,2012,2.147,
DIST_078,2013,4.475,
DIST_078,2014,4.412,
DIST_078,2015,4.853,
DIST_078,2016,4.756,
DIST_078,2017,4.927,
DIST_078,2018,5.074,
DIST_078,2019,4.872,5.253129853073035
DIST_078,2020,5.102,4.499086966831474
DIST_078,2021,4.876,4.7728669623679085
DIST_078,2022,4.269,4.307071278874318
DIST_078,2023,4.952,5.069240909615189
DIST_079,2009,4.118,
DIST_079,2010,3.366,
DIST_079,2011,4.195,
DIST_079,2012,3.207,
DIST_079,2013,4.04,
DIST_079,2014,3.792,
DIST_079,2015,4.494,
DIST_079,2016,4.668,
DIST_079,2017,4.215,
DIST_079,2018,4.783,
DIST_079,2019,4.354,4.650250274442258
DIST_079,2020,4.751,4.410204544480409
DIST_079,2021,4.289,4.708942598089336
DIST_079,2022,3.654,3.344547436286638
DIST_079,2023,4.805,5.034058426248654
DIST_080,2009,3.289,
DIST_080,2010,3.093,
DIST_080,2011,4.079,
DIST_080,2012,2.594,
DIST_080,2013,3.449,
DIST_080,2014,3.63,
DIST_080,2015,3.453,
DIST_080,2016,3.546,
DIST_080,2017,3.735,
DIST_080,2018,4.157,
DIST_080,2019,3.78,3.888227553255184
DIST_080,2020,4.37,4.392203961661308
DIST_080,2021,4.263,4.750878305020046
DIST_080,2022,2.987,3.921370965988187
DIST_080,2023,4.1,4.686111996531984
DIST_081,2009,3.514,
DIST_081,2010,3.491,
DIST_081,2011,3.002,
DIST_081,2012,2.168,
DIST_081,2013,3.706,
DIST_081,2014,3.875,
DIST_081,2015,3.69,
DIST_081,2016,3.751,
DIST_081,2017,3.268,
DIST_081,2018,4.085,
DIST_081,2019,3.801,3.9866203028526335
DIST_081,2020,4.372,4.140357903822737
DIST_081,2021,4.41,4.563651592853905
DIST_081,2022,3.034,4.185591310115441
DIST_081,2023,4.145,4.852498979526078
DIST_082,2009,4.833,
DIST_082,2010,5.132,
DIST_082,2011,5.059,
DIST_082,2012,3.779,
DIST_082,2013,5.174,
DIST_082,2014,4.974,
DIST_082,2015,5.391,
DIST_082,2016,5.505,
DIST_082,2017,5.247,
DIST_082,2018,5.603,
DIST_082,2019,5.34,5.226283490829486
DIST_082,2020,6.007,5.134048671350429
DIST_082,2021,5.328,4.368509790418724
DIST_082,2022,4.668,4.333688298923185
DIST_082,2023,5.715,5.548453992168259
DIST_083,2009,4.644,
DIST_083,2010,4.996,
DIST_083,2011,4.863,
DIST_083,2012,3.664,
DIST_083,2013,5.419,
DIST_083,2014,5.227,
DIST_083,2015,5.297,
DIST_083,2016,5.074,
DIST_083,2017,5.184,
DIST_083,2018,5.702,
DIST_083,2019,5.406,4.786906047780612
DIST_083,2020,5.627,4.636367193485347
DIST_083,2021,5.33,4.595725119336303
DIST_083,2022,4.557,4.550325630792374
DIST_083,2023,5.408,5.616210093188445
DIST_084,2009,4.814,
DIST_084,2010,4.357,
DIST_084,2011,4.561,
DIST_084,2012,3.06,
DIST_084,2013,5.146,
DIST_084,2014,4.612,
DIST_084,2015,4.631,
DIST_084,2016,4.358,
DIST_084,2017,4.713,
DIST_084,2018,5.25,
DIST_084,2019,4.667,4.368821063492656
DIST_084,2020,5.207,5.2345586972235525
DIST_084,2021,4.737,4.840072004874146
DIST_084,2022,4.323,4.042128922117547
DIST_084,2023,5.121,4.870766188592155
DIST_085,2009,4.094,
DIST_085,2010,3.773,
DIST_085,2011,3.933,
DIST_085,2012,3.324,
DIST_085,2013,3.952,
DIST_085,2014,4.573,
DIST_085,2015,4.341,
DIST_085,2016,4.589,
DIST_085,2017,4.535,
DIST_085,2018,4.688,
DIST_085,2019,4.574,4.925049226810342
DIST_085,2020,4.743,4.630159268340036
DIST_085,2021,4.625,4.9999546925218965
DIST_085,2022,3.622,4.066499436171194
DIST_085,2023,4.656,5.132696975509277
DIST_086,2009,3.74,
DIST_086,2010,3.922,
DIST_086,2011,4.553,
DIST_086,2012,2.367,
DIST_086,2013,4.587,
DIST_086,2014,4.788,
DIST_086,2015,4.489,
DIST_086,2016,5.184,
DIST_086,2017,4.299,
DIST_086,2018,5.1,
DIST_086,2019,4.894,4.457661690210321
DIST_086,2020,5.044,5.12682191419542
DIST_086,2021,4.771,4.853006000912502
DIST_086,2022,3.801,3.881840034293875
DIST_086,2023,4.794,5.346758959072178
DIST_087,2009,3.023,
DIST_087,2010,3.396,
DIST_087,2011,2.913,
DIST_087,2012,2.063,
DIST_087,2013,3.453,
DIST_087,2014,3.265,
DIST_087,2015,3.294,
DIST_087,2016,3.36,
DIST_087,2017,3.457,
DIST_087,2018,3.994,
DIST_087,2019,3.432,4.169540146342111
DIST_087,2020,4.079,4.47593213310343
DIST_087,2021,3.621,3.95729893811335
DIST_087,2022,2.63,3.8453722086167295
DIST_087,2023,3.561,4.319828739864994
DIST_088,2009,2.951,
DIST_088,2010,3.951,
DIST_088,2011,4.201,
DIST_088,2012,2.759,
DIST_088,2013,4.091,
DIST_088,2014,3.998,
DIST_088,2015,3.813,
DIST_088,2016,3.822,
DIST_088,2017,4.009,
DIST_088,2018,4.44,
DIST_088,2019,4.489,4.406160479421496
DIST_088,2020,4.451,5.046762188620508
DIST_088,2021,4.151,5.0671119820981465
DIST_088,2022,3.458,3.80560330074336
DIST_088,2023,4.215,4.293218739544715
DIST_089,2009,3.349,
DIST_089,2010,3.445,
DIST_089,2011,3.728,
DIST_089,2012,2.134,
DIST_089,2013,3.579,
DIST_089,2014,3.729,
DIST_089,2015,3.457,
DIST_089,2016,3.667,
DIST_089,2017,4.098,
DIST_089,2018,4.279,
DIST_089,2019,3.499,3.7060010195587036
DIST_089,2020,4.399,4.440618511246898
DIST_089,2021,4.021,4.73054702664878
DIST_089,2022,3.454,3.5397538436781772
DIST_089,2023,4.548,4.7384839379642285
DIST_090,2009,2.4,
DIST_090,2010,2.553,
DIST_090,2011,2.965,
DIST_090,2012,1.1,
DIST_090,2013,2.919,
DIST_090,2014,2.561,
DIST_090,2015,3.199,
DIST_090,2016,2.89,
DIST_090,2017,2.891,
DIST_090,2018,3.674,
DIST_090,2019,3.527,3.8661329077125357
DIST_090,2020,3.578,3.9713191110453625
DIST_090,2021,3.713,5.402074965447336
DIST_090,2022,2.454,3.5104182291200208
DIST_090,2023,3.218,3.3071833777784465
DIST_091,2009,3.908,
DIST_091,2010,3.794,
DIST_091,2011,4.195,
DIST_091,2012,3.261,
DIST_091,2013,4.23,
DIST_091,2014,4.404,
DIST_091,2015,4.126,
DIST_091,2016,4.036,
DIST_091,2017,4.0,
DIST_091,2018,4.832,
DIST_091,2019,4.519,4.507040276786283
DIST_091,2020,4.997,3.7646416101515054
DIST_091,2021,4.566,4.729860965391754
DIST_091,2022,3.573,3.872709015676687
DIST_091,2023,4.813,4.833666547421216
DIST_092,2009,3.709,
DIST_092,2010,4.379,
DIST_092,2011,3.974,
DIST_092,2012,2.601,
DIST_092,2013,3.488,
DIST_092,2014,4.183,
DIST_092,2015,3.802,
DIST_092,2016,4.311,
DIST_092,2017,4.415,
DIST_092,2018,4.839,
DIST_092,2019,4.43,4.91469236767812
DIST_092,2020,4.846,5.210456921783734
DIST_092,2021,4.06,4.313639049192212
DIST_092,2022,3.659,3.6913607606039447
DIST_092,2023,4.655,5.219648050745173
DIST_093,2009,4.415,
DIST_093,2010,4.638,
DIST_093,2011,4.609,
DIST_093,2012,2.887,
DIST_093,2013,4.441,
DIST_093,2014,4.38,
DIST_093,2015,4.536,
DIST_093,2016,4.233,
DIST_093,2017,5.16,
DIST_093,2018,5.121,
DIST_093,2019,4.661,4.983050647396617
DIST_093,2020,5.303,5.385128952339311
DIST_093,2021,4.509,4.769716843294289
DIST_093,2022,4.496,5.218749013639027
DIST_093,2023,4.837,5.3232979806225
DIST_094,2009,3.656,
DIST_094,2010,4.007,
DIST_094,2011,3.659,
DIST_094,2012,2.589,
DIST_094,2013,3.865,
DIST_094,2014,3.832,
DIST_094,2015,4.164,
DIST_094,2016,4.276,
DIST_094,2017,4.493,
DIST_094,2018,4.403,
DIST_094,2019,3.882,3.951309790256799
DIST_094,2020,4.504,3.489823366905311
DIST_094,2021,4.688,4.819353147538687
DIST_094,2022,3.363,3.516633738879942
DIST_094,2023,4.372,4.463538170653438
DIST_095,2009,3.626,
DIST_095,2010,4.105,
DIST_095,2011,4.002,
DIST_095,2012,2.692,
DIST_095,2013,3.461,
DIST_095,2014,4.143,
DIST_095,2015,3.728,
DIST_095,2016,4.582,
DIST_095,2017,4.354,
DIST_095,2018,4.526,
DIST_095,2019,4.025,4.143249542629738
DIST_095,2020,4.431,5.070871845234594
DIST_095,2021,3.772,4.084546418260962
DIST_095,2022,3.315,3.8055963842965688
DIST_095,2023,4.587,4.5168542452977825
DIST_096,2009,3.072,
DIST_096,2010,3.103,
DIST_096,2011,3.464,
DIST_096,2012,1.677,
DIST_096,2013,3.145,
DIST_096,2014,3.594,
DIST_096,2015,3.911,
DIST_096,2016,3.244,
DIST_096,2017,4.204,
DIST_096,2018,3.787,
DIST_096,2019,3.405,4.620285622511523
DIST_096,2020,3.947,4.723090505863265
DIST_096,2021,3.183,4.066391355755424
DIST_096,2022,3.082,3.416163964362937
DIST_096,2023,4.359,4.587726318154308
DIST_097,2009,4.759,
DIST_097,2010,4.68,
DIST_097,2011,4.915,
DIST_097,2012,3.42,
DIST_097,2013,4.558,
DIST_097,2014,5.147,
DIST_097,2015,5.091,
DIST_097,2016,5.393,
DIST_097,2017,5.354,
DIST_097,2018,5.746,
DIST_097,2019,5.576,4.823610844648233
DIST_097,2020,5.593,5.7215120420907395
DIST_097,2021,5.451,5.106573768055564
DIST_097,2022,4.632,3.748806884981858
DIST_097,2023,5.249,5.144453519765297
DIST_098,2009,2.797,
DIST_098,2010,3.355,
DIST_098,2011,2.768,
DIST_098,2012,2.356,
DIST_098,2013,3.213,
DIST_098,2014,2.995,
DIST_098,2015,3.808,
DIST_098,2016,3.07,
DIST_098,2017,2.961,
DIST_098,2018,3.903,
DIST_098,2019,3.129,3.9327459501793696
DIST_098,2020,3.954,4.321830983443231
DIST_098,2021,3.786,3.959659885160921
DIST_098,2022,2.899,3.6097650363539655
DIST_098,2023,3.653,4.065604254456595
DIST_099,2009,4.237,
DIST_099,2010,4.124,
DIST_099,2011,4.475,
DIST_099,2012,2.405,
DIST_099,2013,4.283,
DIST_099,2014,4.56,
DIST_099,2015,4.73,
DIST_099,2016,3.943,
DIST_099,2017,4.734,
DIST_099,2018,4.924,
DIST_099,2019,4.638,4.832777943056724
DIST_099,2020,5.214,5.118740083971165
DIST_099,2021,4.473,4.743719934358624
DIST_099,2022,4.086,4.686624323188987
DIST_099,2023,4.982,4.730319134422608
DIST_100,2009,3.527,
DIST_100,2010,3.873,
DIST_100,2011,3.852,
DIST_100,2012,2.154,
DIST_100,2013,3.703,
DIST_100,2014,4.013,
DIST_100,2015,4.381,
DIST_100,2016,4.024,
DIST_100,2017,4.242,
DIST_100,2018,4.706,
DIST_100,2019,4.31,4.996253214306806
DIST_100,2020,4.607,4.503854719996497
DIST_100,2021,4.404,4.4114685670896066
DIST_100,2022,3.623,3.7226248445137067
DIST_100,2023,4.144,3.7874706912397946
DIST_101,2009,4.454,
DIST_101,2010,4.747,
DIST_101,2011,4.754,
DIST_101,2012,3.585,
DIST_101,2013,5.033,
DIST_101,2014,4.857,
DIST_101,2015,4.532,
DIST_101,2016,4.934,
DIST_101,2017,4.829,
DIST_101,2018,5.463,
DIST_101,2019,5.046,4.562634634533465
DIST_101,2020,5.532,4.533392248352863
DIST_101,2021,5.294,4.345970701229956
DIST_101,2022,4.307,4.464556632376635
DIST_101,2023,5.344,4.644717097586376
DIST_102,2009,4.797,
DIST_102,2010,4.647,
DIST_102,2011,5.024,
DIST_102,2012,3.143,
DIST_102,2013,4.959,
DIST_102,2014,5.103,
DIST_102,2015,4.79,
DIST_102,2016,5.381,
DIST_102,2017,5.029,
DIST_102,2018,5.648,
DIST_102,2019,5.183,5.215425898248923
DIST_102,2020,5.717,5.464543185857257
DIST_102,2021,5.206,4.807620539092836
DIST_102,2022,4.673,4.7918564709948575
DIST_102,2023,5.505,5.169881495706756
DIST_103,2009,3.267,
DIST_103,2010,3.371,
DIST_103,2011,3.346,
DIST_103,2012,1.549,
DIST_103,2013,3.538,
DIST_103,2014,3.621,
DIST_103,2015,3.546,
DIST_103,2016,3.802,
DIST_103,2017,3.692,
DIST_103,2018,4.066,
DIST_103,2019,4.244,4.051836160487616
DIST_103,2020,3.983,4.749931770823076
DIST_103,2021,3.83,3.6175347154644077
DIST_103,2022,2.988,4.038640062648123
DIST_103,2023,4.076,4.647896087395167
DIST_104,2009,3.159,
DIST_104,2010,3.827,
DIST_104,2011,3.519,
DIST_104,2012,1.933,
DIST_104,2013,4.11,
DIST_104,2014,3.371,
DIST_104,2015,3.575,
DIST_104,2016,3.463,
DIST_104,2017,3.228,
DIST_104,2018,4.058,
DIST_104,2019,3.834,4.146591299608913
DIST_104,2020,4.079,4.017937375231158
DIST_104,2021,3.864,4.205163466918101
DIST_104,2022,2.809,4.044220850322606
DIST_104,2023,3.913,4.202395685090661
DIST_105,2009,4.093,
DIST_105,2010,3.707,
DIST_105,2011,3.994,
DIST_105,2012,3.477,
DIST_105,2013,4.412,
DIST_105,2014,4.403,
DIST_105,2015,4.624,
DIST_105,2016,4.745,
DIST_105,2017,4.26,
DIST_105,2018,4.728,
DIST_105,2019,4.121,4.21111881919572
DIST_105,2020,5.018,4.936271030243468
DIST_105,2021,4.461,4.885373995827016
DIST_105,2022,3.985,3.83183674437076
DIST_105,2023,4.652,4.618818689385937
DIST_106,2009,3.375,
DIST_106,2010,4.054,
DIST_106,2011,3.937,
DIST_106,2012,2.115,
DIST_106,2013,4.031,
DIST_106,2014,4.309,
DIST_106,2015,4.356,
DIST_106,2016,4.205,
DIST_106,2017,4.36,
DIST_106,2018,4.699,
DIST_106,2019,4.48,4.421325354596381
DIST_106,2020,4.793,5.2624779156859045
DIST_106,2021,4.38,4.787160160988784
DIST_106,2022,3.471,4.212853306561098
DIST_106,2023,4.703,3.9425928237639467
DIST_107,2009,3.372,
DIST_107,2010,3.374,
DIST_107,2011,3.682,
DIST_107,2012,2.501,
DIST_107,2013,3.475,
DIST_107,2014,3.154,
DIST_107,2015,3.545,
DIST_107,2016,4.104,
DIST_107,2017,4.034,
DIST_107,2018,4.265,
DIST_107,2019,3.748,3.9261805544272157
DIST_107,2020,4.231,4.913435389228564
DIST_107,2021,4.226,4.6651200133413555
DIST_107,2022,3.153,3.639275446009305
DIST_107,2023,4.067,4.498539710068348
DIST_108,2009,4.229,
DIST_108,2010,4.324,
DIST_108,2011,4.184,
DIST_108,2012,2.333,
DIST_108,2013,4.216,
DIST_108,2014,4.754,
DIST_108,2015,4.066,
DIST_108,2016,4.726,
DIST_108,2017,4.642,
DIST_108,2018,4.929,
DIST_108,2019,4.586,4.164299273483092
DIST_108,2020,5.129,5.050162337535806
DIST_108,2021,4.736,5.085862614466764
DIST_108,2022,4.035,3.96482445914249
DIST_108,2023,4.728,4.44687907427931
DIST_109,2009,4.412,
DIST_109,2010,4.74,
DIST_109,2011,4.603,
DIST_109,2012,3.891,
DIST_109,2013,5.337,
DIST_109,2014,4.679,
DIST_109,2015,4.913,
DIST_109,2016,4.983,
DIST_109,2017,4.882,
DIST_109,2018,5.204,
DIST_109,2019,5.081,4.542554849327116
DIST_109,2020,5.389,4.954385333329173
DIST_109,2021,5.081,5.316852369171411
DIST_109,2022,4.412,4.079522587480991
DIST_109,2023,5.373,4.831619353176736
DIST_110,2009,2.85,
DIST_110,2010,2.994,
DIST_110,2011,2.846,
DIST_110,2012,1.64,
DIST_110,2013,2.955,
DIST_110,2014,3.078,
DIST_110,2015,3.087,
DIST_110,2016,3.381,
DIST_110,2017,3.136,
DIST_110,2018,3.589,
DIST_110,2019,3.203,3.6431249726788852
DIST_110,2020,3.788,4.475816550866083
DIST_110,2021,3.14,4.078925376714422
DIST_110,2022,2.676,2.7419419020496587
DIST_110,2023,3.191,3.9226269527043485
DIST_111,2009,3.552,
DIST_111,2010,3.673,
DIST_111,2011,3.69,
DIST_111,2012,2.55,
DIST_111,2013,4.007,
DIST_111,2014,3.989,
DIST_111,2015,3.904,
DIST_111,2016,4.076,
DIST_111,2017,4.078,
DIST_111,2018,4.591,
DIST_111,2019,4.096,4.00925937772427
DIST_111,2020,4.411,4.205764206651683
DIST_111,2021,3.828,4.4620360548261315
DIST_111,2022,3.249,3.511675006655545
DIST_111,2023,4.567,4.794423994618509
DIST_112,2009,4.107,
DIST_112,2010,4.043,
DIST_112,2011,4.23,
DIST_112,2012,3.13,
DIST_112,2013,3.593,
DIST_112,2014,4.016,
DIST_112,2015,3.858,
DIST_112,2016,4.146,
DIST_112,2017,3.92,
DIST_112,2018,4.515,
DIST_112,2019,4.182,4.558078282032303
DIST_112,2020,4.765,4.4399331278526235
DIST_112,2021,4.615,4.8420295887300515
DIST_112,2022,3.762,3.8109534785842816
DIST_112,2023,4.77,4.618301721163524
DIST_113,2009,3.13,
DIST_113,2010,3.001,
DIST_113,2011,3.283,
DIST_113,2012,1.908,
DIST_113,2013,3.723,
DIST_113,2014,3.936,
DIST_113,2015,3.744,
DIST_113,2016,3.797,
DIST_113,2017,3.832,
DIST_113,2018,4.079,
DIST_113,2019,3.639,4.334281816871073
DIST_113,2020,4.355,4.658980675992755
DIST_113,2021,4.173,4.352108205668591
DIST_113,2022,3.173,3.303910086747108
DIST_113,2023,4.09,4.319433598509783
DIST_114,2009,3.228,
DIST_114,2010,3.727,
DIST_114,2011,3.276,
DIST_114,2012,2.05,
DIST_114,2013,3.661,
DIST_114,2014,3.295,
DIST_114,2015,3.5,
DIST_114,2016,3.394,
DIST_114,2017,3.313,
DIST_114,2018,4.053,
DIST_114,2019,3.777,4.410434930319433
DIST_114,2020,4.05,3.861297301884132
DIST_114,2021,3.839,3.607181985253098
DIST_114,2022,2.862,3.5616340760807454
DIST_114,2023,4.049,4.251859018409942
DIST_115,2009,4.226,
DIST_115,2010,4.136,
DIST_115,2011,4.281,
DIST_115,2012,2.877,
DIST_115,2013,4.503,
DIST_115,2014,4.802,
DIST_115,2015,4.428,
DIST_115,2016,4.616,
DIST_115,2017,4.698,
DIST_115,2018,5.301,
DIST_115,2019,5.044,5.1329588159371164
DIST_115,2020,5.184,4.718446838258238
DIST_115,2021,4.922,4.359996325012541
DIST_115,2022,3.901,3.102035446227415
DIST_115,2023,4.934,4.07305760678207
DIST_116,2009,3.778,
DIST_116,2010,3.598,
DIST_116,2011,3.907,
DIST_116,2012,2.362,
DIST_116,2013,4.129,
DIST_116,2014,4.18,
DIST_116,2015,4.42,
DIST_116,2016,4.588,
DIST_116,2017,4.504,
DIST_116,2018,4.585,
DIST_116,2019,4.786,5.053365097665154
DIST_116,2020,4.904,4.6946501828915315
DIST_116,2021,4.641,4.927461758967554
DIST_116,2022,3.534,3.6915835277989104
DIST_116,2023,4.62,4.196558847676268
DIST_117,2009,3.709,
DIST_117,2010,3.474,
DIST_117,2011,3.382,
DIST_117,2012,2.278,
DIST_117,2013,3.231,
DIST_117,2014,3.712,
DIST_117,2015,3.957,
DIST_117,2016,3.749,
DIST_117,2017,4.144,
DIST_117,2018,4.244,
DIST_117,2019,3.561,3.944042594857514
DIST_117,2020,4.239,3.99104425852526
DIST_117,2021,4.453,4.407694581188934
DIST_117,2022,3.444,4.324497548141982
DIST_117,2023,4.058,4.292933883243051
DIST_118,2009,3.768,
DIST_118,2010,4.167,
DIST_118,2011,4.145,
DIST_118,2012,2.778,
DIST_118,2013,4.068,
DIST_118,2014,4.31,
DIST_118,2015,3.916,
DIST_118,2016,4.148,
DIST_118,2017,4.143,
DIST_118,2018,4.555,
DIST_118,2019,4.662,4.115728979548362
DIST_118,2020,4.704,4.72333005409359
DIST_118,2021,4.446,4.829470418772138
DIST_118,2022,3.334,4.417811177706693
DIST_118,2023,4.471,4.230953440682456
DIST_119,2009,3.967,
DIST_119,2010,3.919,
DIST_119,2011,4.212,
DIST_119,2012,3.019,
DIST_119,2013,3.793,
DIST_119,2014,3.978,
DIST_119,2015,4.044,
DIST_119,2016,4.175,
DIST_119,2017,4.238,
DIST_119,2018,4.461,
DIST_119,2019,4.634,4.5164346285130925
DIST_119,2020,4.794,5.048798162510308
DIST_119,2021,4.04,4.721267728439588
DIST_119,2022,3.339,3.4661776018072437
DIST_119,2023,4.646,4.721855751131359
DIST_120,2009,4.329,
DIST_120,2010,4.33,
DIST_120,2011,4.665,
DIST_120,2012,2.686,
DIST_120,2013,4.372,
DIST_120,2014,4.68,
DIST_120,2015,4.771,
DIST_120,2016,4.706,
DIST_120,2017,4.769,
DIST_120,2018,5.107,
DIST_120,2019,4.813,4.69084421940272
DIST_120,2020,5.029,4.647600353315243
DIST_120,2021,4.834,4.455458816343517
DIST_120,2022,4.36,3.8288515184124123
DIST_120,2023,4.754,5.058514639650912
DIST_121,2009,4.145,
DIST_121,2010,4.157,
DIST_121,2011,4.141,
DIST_121,2012,2.745,
DIST_121,2013,4.187,
DIST_121,2014,4.252,
DIST_121,2015,4.591,
DIST_121,2016,4.479,
DIST_121,2017,3.99,
DIST_121,2018,4.819,
DIST_121,2019,4.357,4.442078917938694
DIST_121,2020,4.853,5.269586327147275
DIST_121,2021,4.275,4.008704151541348
DIST_121,2022,3.833,3.9772994982673073
DIST_121,2023,4.05,5.0041502733037095
DIST_122,2009,3.434,
DIST_122,2010,3.261,
DIST_122,2011,3.374,
DIST_122,2012,2.072,
DIST_122,2013,3.297,
DIST_122,2014,4.045,
DIST_122,2015,3.23,
DIST_122,2016,3.743,
DIST_122,2017,3.9,
DIST_122,2018,4.014,
DIST_122,2019,3.977,4.735633330064154
DIST_122,2020,4.168,4.180808292030495
DIST_122,2021,4.045,4.384141972084747
DIST_122,2022,3.359,3.2770270425134234
DIST_122,2023,4.152,4.4097906771105
DIST_123,2009,4.171,
DIST_123,2010,3.963,
DIST_123,2011,4.675,
DIST_123,2012,3.525,
DIST_123,2013,4.501,
DIST_123,2014,4.462,
DIST_123,2015,4.488,
DIST_123,2016,4.597,
DIST_123,2017,4.324,
DIST_123,2018,4.872,
DIST_123,2019,4.41,4.210776737508727
DIST_123,2020,5.081,5.203129709064374
DIST_123,2021,4.461,4.298359763855618
DIST_123,2022,3.987,3.97903075167681
DIST_123,2023,4.489,4.1981853039089145
DIST_124,2009,4.405,
DIST_124,2010,4.986,
DIST_124,2011,4.892,
DIST_124,2012,3.418,
DIST_124,2013,4.421,
DIST_124,2014,4.803,
DIST_124,2015,4.747,
DIST_124,2016,5.346,
DIST_124,2017,4.921,
DIST_124,2018,5.251,
DIST_124,2019,4.51,5.008927261538099
DIST_124,2020,5.469,5.636886533241931
DIST_124,2021,4.968,4.687518983452529
DIST_124,2022,4.46,4.0691788230856725
DIST_124,2023,4.981,4.256341941171173
DIST_125,2009,4.836,
DIST_125,2010,4.988,
DIST_125,2011,4.804,
DIST_125,2012,3.735,
DIST_125,2013,5.082,
DIST_125,2014,5.232,
DIST_125,2015,5.309,
DIST_125,2016,5.391,
DIST_125,2017,5.113,
DIST_125,2018,5.816,
DIST_125,2019,5.499,5.042308190541671
DIST_125,2020,6.029,5.446045602380702
DIST_125,2021,5.351,5.283046766551499
DIST_125,2022,4.853,3.7417267189085903
DIST_125,2023,5.779,5.197824083941554
DIST_126,2009,4.563,
DIST_126,2010,5.41,
DIST_126,2011,4.88,
DIST_126,2012,4.031,
DIST_126,2013,5.267,
DIST_126,2014,5.13,
DIST_126,2015,5.071,
DIST_126,2016,5.346,
DIST_126,2017,5.058,
DIST_126,2018,5.801,
DIST_126,2019,5.162,4.417159523929021
DIST_126,2020,5.804,5.010849852840485
DIST_126,2021,5.884,5.076008369013772
DIST_126,2022,4.536,3.9536157016964517
DIST_126,2023,5.505,4.512374590659125
DIST_127,2009,3.161,
DIST_127,2010,3.408,
DIST_127,2011,3.413,
DIST_127,2012,2.303,
DIST_127,2013,3.373,
DIST_127,2014,3.508,
DIST_127,2015,3.453,
DIST_127,2016,3.897,
DIST_127,2017,4.337,
DIST_127,2018,4.03,
DIST_127,2019,3.922,3.863110738843492
DIST_127,2020,4.082,5.157583727560938
DIST_127,2021,3.957,4.731473888065452
DIST_127,2022,2.829,3.3082925689371625
DIST_127,2023,3.98,4.248968341766521
DIST_128,2009,3.872,
DIST_128,2010,3.988,
DIST_128,2011,4.597,
DIST_128,2012,2.169,
DIST_128,2013,3.644,
DIST_128,2014,3.669,
DIST_128,2015,3.801,
DIST_128,2016,4.713,
DIST_128,2017,4.23,
DIST_128,2018,4.695,
DIST_128,2019,4.485,4.409734489851236
DIST_128,2020,4.639,4.483860763345925
DIST_128,2021,4.799,4.053183164725019
DIST_128,2022,3.837,3.7114254824917965
DIST_128,2023,4.387,4.024361505646643
DIST_129,2009,2.598,
DIST_129,2010,3.026,
DIST_129,2011,2.789,
DIST_129,2012,1.1,
DIST_129,2013,2.784,
DIST_129,2014,3.1,
DIST_129,2015,3.001,
DIST_129,2016,3.518,
DIST_129,2017,3.189,
DIST_129,2018,3.738,
DIST_129,2019,2.982,3.9162910931420223
DIST_129,2020,3.767,4.052673763390003
DIST_129,2021,3.497,4.134736766565036
DIST_129,2022,2.723,2.8419407824879057
DIST_129,2023,3.694,4.434877211499636
DIST_130,2009,2.867,
DIST_130,2010,3.376,
DIST_130,2011,3.859,
DIST_130,2012,1.808,
DIST_130,2013,3.133,
DIST_130,2014,2.918,
DIST_130,2015,3.698,
DIST_130,2016,3.915,
DIST_130,2017,3.382,
DIST_130,2018,3.972,
DIST_130,2019,3.923,4.075916850110884
DIST_130,2020,3.914,4.5852454982409645
DIST_130,2021,3.653,4.29035378215502
DIST_130,2022,2.786,3.113825874517829
DIST_130,2023,3.601,4.552461921436841
DIST_131,2009,3.989,
DIST_131,2010,3.816,
DIST_131,2011,4.103,
DIST_131,2012,2.123,
DIST_131,2013,4.2,
DIST_131,2014,4.56,
DIST_131,2015,4.524,
DIST_131,2016,4.71,
DIST_131,2017,4.304,
DIST_131,2018,4.784,
DIST_131,2019,4.397,4.17428028876516
DIST_131,2020,5.105,4.102206600772035
DIST_131,2021,4.44,4.958845585430122
DIST_131,2022,3.998,3.7225095684733307
DIST_131,2023,4.758,4.698262125517301
DIST_132,2009,4.796,
DIST_132,2010,4.647,
DIST_132,2011,4.614,
DIST_132,2012,4.061,
DIST_132,2013,4.741,
DIST_132,2014,5.193,
DIST_132,2015,5.081,
DIST_132,2016,4.987,
DIST_132,2017,5.204,
DIST_132,2018,5.723,
DIST_132,2019,5.497,5.264332485821506
DIST_132,2020,5.892,5.042477306612456
DIST_132,2021,5.301,5.2679383355938505
DIST_132,2022,4.509,4.675546131532764
DIST_132,2023,5.553,4.989969941715706
DIST_133,2009,3.726,
DIST_133,2010,3.853,
DIST_133,2011,4.149,
DIST_133,2012,2.302,
DIST_133,2013,3.511,
DIST_133,2014,3.445,
DIST_133,2015,4.404,
DIST_133,2016,3.916,
DIST_133,2017,4.196,
DIST_133,2018,4.544,
DIST_133,2019,4.379,3.8870395698542777
DIST_133,2020,4.635,4.294893092706364
DIST_133,2021,4.284,4.051840559430719
DIST_133,2022,3.252,3.691293126779694
DIST_133,2023,4.212,3.598485566511845
DIST_134,2009,4.903,
DIST_134,2010,5.289,
DIST_134,2011,4.867,
DIST_134,2012,3.565,
DIST_134,2013,4.714,
DIST_134,2014,4.987,
DIST_134,2015,5.054,
DIST_134,2016,5.174,
DIST_134,2017,5.279,
DIST_134,2018,5.77,
DIST_134,2019,5.188,5.147125095169493
DIST_134,2020,5.868,5.321750379997983
DIST_134,2021,5.321,4.833620440515323
DIST_134,2022,4.324,3.7472431607419097
DIST_134,2023,5.676,5.067255248396652
DIST_135,2009,3.899,
DIST_135,2010,3.535,
DIST_135,2011,3.826,
DIST_135,2012,2.364,
DIST_135,2013,4.142,
DIST_135,2014,3.708,
DIST_135,2015,4.243,
DIST_135,2016,3.943,
DIST_135,2017,3.684,
DIST_135,2018,4.497,
DIST_135,2019,4.168,4.691144938116677
DIST_135,2020,4.492,4.749807044869616
DIST_135,2021,4.336,4.929971074312306
DIST_135,2022,3.507,4.207277496602415
DIST_135,2023,3.759,3.829482933836549
DIST_136,2009,4.589,
DIST_136,2010,4.248,
DIST_136,2011,4.025,
DIST_136,2012,2.814,
DIST_136,2013,4.374,
DIST_136,2014,4.28,
DIST_136,2015,4.401,
DIST_136,2016,4.571,
DIST_136,2017,4.541,
DIST_136,2018,5.0,
DIST_136,2019,5.135,5.075443269885617
DIST_136,2020,5.104,4.937404676775956
DIST_136,2021,5.037,4.818857581388871
DIST_136,2022,4.235,4.7591016063305105
DIST_136,2023,4.824,5.247901212045003
DIST_137,2009,3.703,
DIST_137,2010,4.029,
DIST_137,2011,4.412,
DIST_137,2012,1.555,
DIST_137,2013,4.055,
DIST_137,2014,4.164,
DIST_137,2015,4.066,
DIST_137,2016,4.608,
DIST_137,2017,4.495,
DIST_137,2018,4.546,
DIST_137,2019,4.364,4.368722987161781
DIST_137,2020,4.725,4.962686908694063
DIST_137,2021,4.711,5.124708447280538
DIST_137,2022,3.492,3.7266406205244693
DIST_137,2023,4.372,4.270560839180472
DIST_138,2009,2.97,
DIST_138,2010,3.528,
DIST_138,2011,3.593,
DIST_138,2012,2.398,
DIST_138,2013,3.73,
DIST_138,2014,4.006,
DIST_138,2015,3.871,
DIST_138,2016,4.408,
DIST_138,2017,3.754,
DIST_138,2018,4.439,
DIST_138,2019,4.154,4.364721714200779
DIST_138,2020,4.361,4.309936552982885
DIST_138,2021,3.997,3.809831674285643
DIST_138,2022,3.344,4.169883427232683
DIST_138,2023,4.088,3.8438391354460006
DIST_139,2009,3.701,
DIST_139,2010,3.594,
DIST_139,2011,3.64,
DIST_139,2012,1.901,
DIST_139,2013,4.179,
DIST_139,2014,3.715,
DIST_139,2015,4.042,
DIST_139,2016,3.929,
DIST_139,2017,4.066,
DIST_139,2018,4.405,
DIST_139,2019,4.154,4.838993384222056
DIST_139,2020,4.388,5.525316492828897
DIST_139,2021,4.312,4.406727772621411
DIST_139,2022,3.194,3.262539055483317
DIST_139,2023,4.236,4.411562499609777
DIST_140,2009,3.56,
DIST_140,2010,3.101,
DIST_140,2011,2.987,
DIST_140,2012,2.015,
DIST_140,2013,3.523,
DIST_140,2014,3.814,
DIST_140,2015,3.307,
DIST_140,2016,3.157,
DIST_140,2017,3.36,
DIST_140,2018,3.883,
DIST_140,2019,4.2,4.470445658824706
DIST_140,2020,4.252,4.651194346790261
DIST_140,2021,4.107,4.134315587186822
DIST_140,2022,2.699,2.9899166261179273
DIST_140,2023,3.862,4.334563400382441
DIST_141,2009,3.763,
DIST_141,2010,3.879,
DIST_141,2011,3.869,
DIST_141,2012,2.749,
DIST_141,2013,3.835,
DIST_141,2014,4.894,
DIST_141,2015,4.137,
DIST_141,2016,4.498,
DIST_141,2017,4.907,
DIST_141,2018,4.509,
DIST_141,2019,4.666,5.321031022069285
DIST_141,2020,4.634,5.683735278173398
DIST_141,2021,4.889,4.6578238737589555
DIST_141,2022,3.967,3.888802425091605
DIST_141,2023,4.379,5.286259737287518
DIST_142,2009,3.897,
DIST_142,2010,4.751,
DIST_142,2011,4.37,
DIST_142,2012,3.692,
DIST_142,2013,4.794,
DIST_142,2014,4.367,
DIST_142,2015,4.633,
DIST_142,2016,5.316,
DIST_142,2017,4.856,
DIST_142,2018,5.387,
DIST_142,2019,5.394,4.6599007265718555
DIST_142,2020,5.633,5.432759080964562
DIST_142,2021,5.464,5.47966616903024
DIST_142,2022,4.698,3.859425376658056
DIST_142,2023,5.183,5.070079076593503
DIST_143,2009,2.938,
DIST_143,2010,2.866,
DIST_143,2011,2.956,
DIST_143,2012,2.244,
DIST_143,2013,2.271,
DIST_143,2014,2.682,
DIST_143,2015,3.552,
DIST_143,2016,3.21,
DIST_143,2017,2.939,
DIST_143,2018,3.759,
DIST_143,2019,2.867,3.743202280131433
DIST_143,2020,3.781,3.4927369223438127
DIST_143,2021,3.766,3.96418384367362
DIST_143,2022,2.736,3.496739819967832
DIST_143,2023,3.898,3.7661034828307516
DIST_144,2009,4.666,
DIST_144,2010,5.054,
DIST_144,2011,5.193,
DIST_144,2012,3.569,
DIST_144,2013,4.798,
DIST_144,2014,5.18,
DIST_144,2015,5.441,
DIST_144,2016,5.469,
DIST_144,2017,5.647,
DIST_144,2018,5.592,
DIST_144,2019,5.492,4.842791309230083
DIST_144,2020,5.708,5.303431373628146
DIST_144,2021,5.43,5.112825835047385
DIST_144,2022,4.649,4.6391559780219
DIST_144,2023,5.276,5.092280101703763
DIST_145,2009,2.391,
DIST_145,2010,3.084,
DIST_145,2011,3.447,
DIST_145,2012,1.948,
DIST_145,2013,2.97,
DIST_145,2014,3.321,
DIST_145,2015,3.258,
DIST_145,2016,3.57,
DIST_145,2017,3.394,
DIST_145,2018,3.967,
DIST_145,2019,3.505,4.9111207164311015
DIST_145,2020,3.763,4.651717766858771
DIST_145,2021,2.871,3.8034446938855284
DIST_145,2022,2.936,3.9510555381484913
DIST_145,2023,3.356,4.016912283719139
DIST_146,2009,3.209,
DIST_146,2010,2.627,
DIST_146,2011,3.08,
DIST_146,2012,1.52,
DIST_146,2013,3.64,
DIST_146,2014,2.983,
DIST_146,2015,3.206,
DIST_146,2016,2.952,
DIST_146,2017,3.091,
DIST_146,2018,3.731,
DIST_146,2019,3.141,4.285296448014117
DIST_146,2020,3.773,4.579793536654638
DIST_146,2021,3.69,3.8406018429194213
DIST_146,2022,2.33,3.685078410297783
DIST_146,2023,2.867,3.9072779956430406
DIST_147,2009,3.294,
DIST_147,2010,4.01,
DIST_147,2011,3.701,
DIST_147,2012,2.959,
DIST_147,2013,3.949,
DIST_147,2014,3.617,
DIST_147,2015,3.86,
DIST_147,2016,3.506,
DIST_147,2017,3.422,
DIST_147,2018,4.539,
DIST_147,2019,4.196,4.411281179592751
DIST_147,2020,4.263,4.226150473384984
DIST_147,2021,4.611,4.851055656941091
DIST_147,2022,3.531,4.012075358798385
DIST_147,2023,4.141,4.86067402763965
DIST_148,2009,4.673,
DIST_148,2010,4.774,
DIST_148,2011,4.626,
DIST_148,2012,3.354,
DIST_148,2013,5.299,
DIST_148,2014,5.343,
DIST_148,2015,5.484,
DIST_148,2016,4.833,
DIST_148,2017,4.688,
DIST_148,2018,5.62,
DIST_148,2019,5.32,4.603780549698329
DIST_148,2020,5.879,5.671939255303695
DIST_148,2021,5.153,4.987014247497618
DIST_148,2022,4.783,4.632683666026773
DIST_148,2023,5.532,5.836389536204017
DIST_149,2009,3.922,
DIST_149,2010,4.093,
DIST_149,2011,4.003,
DIST_149,2012,2.739,
DIST_149,2013,4.005,
DIST_149,2014,4.313,
DIST_149,2015,4.12,
DIST_149,2016,4.449,
DIST_149,2017,4.67,
DIST_149,2018,4.646,
DIST_149,2019,4.292,4.478439079626016
DIST_149,2020,5.061,5.0721641272532505
DIST_149,2021,4.255,4.6364958174362885
DIST_149,2022,3.862,3.82103852426669
DIST_149,2023,4.421,4.90988417344514
DIST_150,2009,3.369,
DIST_150,2010,3.42,
DIST_150,2011,3.432,
DIST_150,2012,1.207,
DIST_150,2013,3.387,
DIST_150,2014,3.042,
DIST_150,2015,3.1,
DIST_150,2016,3.326,
DIST_150,2017,3.229,
DIST_150,2018,3.7,
DIST_150,2019,3.832,3.935924633743163
DIST_150,2020,3.826,4.583834444288727
DIST_150,2021,3.528,4.397413027766533
DIST_150,2022,2.663,3.4388215064247243
DIST_150,2023,4.174,4.266455315620413
DIST_151,2009,4.111,
DIST_151,2010,4.189,
DIST_151,2011,4.251,
DIST_151,2012,2.568,
DIST_151,2013,4.14,
DIST_151,2014,4.306,
DIST_151,2015,4.396,
DIST_151,2016,4.595,
DIST_151,2017,4.913,
DIST_151,2018,5.132,
DIST_151,2019,4.338,4.077687832579762
DIST_151,2020,5.0,5.087704926198481
DIST_151,2021,4.576,4.477987160504204
DIST_151,2022,4.18,5.0445515328531805
DIST_151,2023,4.694,5.206575180820255
DIST_152,2009,4.107,
DIST_152,2010,4.358,
DIST_152,2011,4.383,
DIST_152,2012,3.198,
DIST_152,2013,4.276,
DIST_152,2014,4.699,
DIST_152,2015,4.449,
DIST_152,2016,4.681,
DIST_152,2017,4.64,
DIST_152,2018,5.337,
DIST_152,2019,4.826,4.2591360312749575
DIST_152,2020,5.268,4.73109761578058
DIST_152,2021,4.733,4.854894068159261
DIST_152,2022,4.314,4.120895979652444
DIST_152,2023,4.891,5.0160421165764335
DIST_153,2009,4.953,
DIST_153,2010,4.311,
DIST_153,2011,4.631,
DIST_153,2012,3.454,
DIST_153,2013,4.702,
DIST_153,2014,4.841,
DIST_153,2015,4.624,
DIST_153,2016,4.976,
DIST_153,2017,5.352,
DIST_153,2018,5.247,
DIST_153,2019,4.996,4.770260096777987
DIST_153,2020,5.545,5.053233499991656
DIST_153,2021,5.597,5.222102021399177
DIST_153,2022,4.72,4.498775694089883
DIST_153,2023,5.233,5.067898597432011
DIST_154,2009,3.577,
DIST_154,2010,3.67,
DIST_154,2011,3.964,
DIST_154,2012,2.629,
DIST_154,2013,4.181,
DIST_154,2014,4.083,
DIST_154,2015,3.831,
DIST_154,2016,3.96,
DIST_154,2017,3.993,
DIST_154,2018,4.365,
DIST_154,2019,4.41,4.519721377579045
DIST_154,2020,4.632,4.750316694264054
DIST_154,2021,4.494,4.458996254730036
DIST_154,2022,3.267,3.61734578958118
DIST_154,2023,4.0,4.177384298369108
DIST_155,2009,4.659,
DIST_155,2010,4.888,
DIST_155,2011,4.842,
DIST_155,2012,3.337,
DIST_155,2013,4.908,
DIST_155,2014,4.838,
DIST_155,2015,5.272,
DIST_155,2016,4.831,
DIST_155,2017,5.534,
DIST_155,2018,5.505,
DIST_155,2019,5.53,5.18736200212998
DIST_155,2020,5.412,4.905934168526178
DIST_155,2021,5.246,5.093808540606391
DIST_155,2022,4.324,4.5892048157252034
DIST_155,2023,5.102,4.433746656936736
DIST_156,2009,4.616,
DIST_156,2010,4.176,
DIST_156,2011,4.736,
DIST_156,2012,3.596,
DIST_156,2013,4.595,
DIST_156,2014,4.791,
DIST_156,2015,4.505,
DIST_156,2016,4.914,
DIST_156,2017,4.478,
DIST_156,2018,5.34,
DIST_156,2019,5.209,5.332915912303032
DIST_156,2020,5.214,4.708882618492275
DIST_156,2021,5.322,5.063891369453588
DIST_156,2022,4.316,4.576015846872357
DIST_156,2023,5.186,5.0065038682260345
DIST_157,2009,4.221,
DIST_157,2010,4.082,
DIST_157,2011,3.633,
DIST_157,2012,3.131,
DIST_157,2013,4.15,
DIST_157,2014,4.105,
DIST_157,2015,4.088,
DIST_157,2016,4.016,
DIST_157,2017,4.456,
DIST_157,2018,4.98,
DIST_157,2019,4.381,4.746664013479815
DIST_157,2020,4.973,4.920252486162807
DIST_157,2021,4.633,5.0817427529760835
DIST_157,2022,3.651,3.258345584085445
DIST_157,2023,4.225,4.7809721223426855
DIST_158,2009,4.012,
DIST_158,2010,4.441,
DIST_158,2011,4.624,
DIST_158,2012,3.503,
DIST_158,2013,4.714,
DIST_158,2014,4.102,
DIST_158,2015,4.603,
DIST_158,2016,4.361,
DIST_158,2017,4.853,
DIST_158,2018,5.083,
DIST_158,2019,4.537,5.6301865363355805
DIST_158,2020,5.313,5.012052013828442
DIST_158,2021,5.388,4.50000258545185
DIST_158,2022,4.319,4.625053608028926
DIST_158,2023,4.58,4.328110417649894
DIST_159,2009,4.23,
DIST_159,2010,4.383,
DIST_159,2011,4.519,
DIST_159,2012,2.593,
DIST_159,2013,4.527,
DIST_159,2014,4.938,
DIST_159,2015,4.41,
DIST_159,2016,4.687,
DIST_159,2017,4.309,
DIST_159,2018,5.224,
DIST_159,2019,4.292,4.257746921782553
DIST_159,2020,4.948,5.13142441347757
DIST_159,2021,4.732,4.53506418470468
DIST_159,2022,4.155,4.226830889926921
DIST_159,2023,5.188,4.398462946445874
DIST_160,2009,4.895,
DIST_160,2010,4.857,
DIST_160,2011,4.914,
DIST_160,2012,3.359,
DIST_160,2013,4.454,
DIST_160,2014,4.939,
DIST_160,2015,4.784,
DIST_160,2016,4.829,
DIST_160,2017,5.081,
DIST_160,2018,5.457,
DIST_160,2019,5.176,4.819320393529243
DIST_160,2020,5.603,5.247102750602345
DIST_160,2021,5.387,5.619870102253936
DIST_160,2022,4.422,4.176567483270245
DIST_160,2023,5.323,4.937796649814971
DIST_161,2009,5.073,
DIST_161,2010,5.48,
DIST_161,2011,4.704,
DIST_161,2012,3.422,
DIST_161,2013,4.564,
DIST_161,2014,4.358,
DIST_161,2015,4.872,
DIST_161,2016,4.916,
DIST_161,2017,4.917,
DIST_161,2018,5.332,
DIST_161,2019,4.898,4.381914733509065
DIST_161,2020,5.508,4.824784470686889
DIST_161,2021,5.137,5.098646499632736
DIST_161,2022,4.26,4.361937614876792
DIST_161,2023,5.461,5.0412479668019365
DIST_162,2009,4.371,
DIST_162,2010,4.277,
DIST_162,2011,4.272,
DIST_162,2012,3.763,
DIST_162,2013,4.675,
DIST_162,2014,4.677,
DIST_162,2015,4.875,
DIST_162,2016,4.847,
DIST_162,2017,4.574,
DIST_162,2018,5.039,
DIST_162,2019,4.776,4.321216520581534
DIST_162,2020,5.219,4.810639836364193
DIST_162,2021,4.517,3.9872363853005397
DIST_162,2022,4.283,4.144574884604617
DIST_162,2023,4.896,4.759930639337595
DIST_163,2009,3.905,
DIST_163,2010,4.401,
DIST_163,2011,4.502,
DIST_163,2012,3.567,
DIST_163,2013,4.215,
DIST_163,2014,5.077,
DIST_163,2015,4.601,
DIST_163,2016,4.769,
DIST_163,2017,4.658,
DIST_163,2018,5.209,
DIST_163,2019,4.594,4.9324952838380405
DIST_163,2020,5.176,5.1737594887221805
DIST_163,2021,4.648,4.828341914622826
DIST_163,2022,3.987,3.753483849285492
DIST_163,2023,4.86,4.4624020709998495
DIST_164,2009,3.84,
DIST_164,2010,3.943,
DIST_164,2011,4.165,
DIST_164,2012,3.182,
DIST_164,2013,4.373,
DIST_164,2014,4.071,
DIST_164,2015,4.047,
DIST_164,2016,4.093,
DIST_164,2017,4.372,
DIST_164,2018,4.554,
DIST_164,2019,4.309,4.667482274648997
DIST_164,2020,4.692,4.147161118726748
DIST_164,2021,4.818,4.736139739441431
DIST_164,2022,3.536,3.5301977605759176
DIST_164,2023,4.136,4.398421381247784
DIST_165,2009,4.913,
DIST_165,2010,4.618,
DIST_165,2011,4.48,
DIST_165,2012,3.173,
DIST_165,2013,4.495,
DIST_165,2014,4.524,
DIST_165,2015,4.484,
DIST_165,2016,4.974,
DIST_165,2017,5.269,
DIST_165,2018,5.35,
DIST_165,2019,5.022,5.104859830749126
DIST_165,2020,5.312,4.78369183275321
DIST_165,2021,4.866,4.658570907144031
DIST_165,2022,4.147,3.684910487521597
DIST_165,2023,5.348,5.298764690648477
DIST_166,2009,4.657,
DIST_166,2010,4.331,
DIST_166,2011,4.385,
DIST_166,2012,3.259,
DIST_166,2013,4.323,
DIST_166,2014,4.878,
DIST_166,2015,5.104,
DIST_166,2016,4.381,
DIST_166,2017,5.451,
DIST_166,2018,5.4,
DIST_166,2019,4.694,4.547619797467817
DIST_166,2020,5.461,4.443844527206029
DIST_166,2021,5.463,5.396026692070873
DIST_166,2022,4.465,4.418995165253224
DIST_166,2023,4.954,4.862162872288071
DIST_167,2009,4.387,
DIST_167,2010,4.447,
DIST_167,2011,4.09,
DIST_167,2012,3.5,
DIST_167,2013,4.716,
DIST_167,2014,4.962,
DIST_167,2015,4.571,
DIST_167,2016,4.879,
DIST_167,2017,4.895,
DIST_167,2018,5.347,
DIST_167,2019,5.158,4.884489828494552
DIST_167,2020,5.372,4.8068853076643565
DIST_167,2021,5.112,5.181979158761391
DIST_167,2022,4.401,4.353078672457752
DIST_167,2023,4.846,4.3729038889220675
DIST_168,2009,4.12,
DIST_168,2010,4.117,
DIST_168,2011,3.473,
DIST_168,2012,2.533,
DIST_168,2013,4.421,
DIST_168,2014,4.028,
DIST_168,2015,4.628,
DIST_168,2016,4.266,
DIST_168,2017,4.43,
DIST_168,2018,4.762,
DIST_168,2019,4.462,5.170820228744317
DIST_168,2020,4.697,4.291460125971723
DIST_168,2021,4.413,4.637575733738717
DIST_168,2022,3.569,3.867660211294554
DIST_168,2023,4.516,5.23374350886499
DIST_169,2009,3.24,
DIST_169,2010,2.912,
DIST_169,2011,2.949,
DIST_169,2012,2.338,
DIST_169,2013,3.105,
DIST_169,2014,3.409,
DIST_169,2015,2.941,
DIST_169,2016,2.548,
DIST_169,2017,3.381,
DIST_169,2018,3.979,
DIST_169,2019,3.378,2.7905288951985323
DIST_169,2020,4.117,5.625230761225744
DIST_169,2021,3.746,4.415484878711484
DIST_169,2022,2.776,3.8574046462291807
DIST_169,2023,3.848,4.158231879169267
DIST_170,2009,4.302,
DIST_170,2010,4.456,
DIST_170,2011,4.217,
DIST_170,2012,3.51,
DIST_170,2013,4.451,
DIST_170,2014,4.284,
DIST_170,2015,4.413,
DIST_170,2016,4.243,
DIST_170,2017,4.626,
DIST_170,2018,5.083,
DIST_170,2019,4.537,4.803293898338926
DIST_170,2020,5.049,4.980976029607294
DIST_170,2021,4.67,4.594518520564793
DIST_170,2022,4.09,3.845824847793987
DIST_170,2023,4.892,4.6023575591337424
DIST_171,2009,3.651,
DIST_171,2010,3.521,
DIST_171,2011,3.898,
DIST_171,2012,2.656,
DIST_171,2013,4.01,
DIST_171,2014,3.769,
DIST_171,2015,3.865,
DIST_171,2016,4.157,
DIST_171,2017,3.917,
DIST_171,2018,4.666,
DIST_171,2019,3.983,4.370915872022305
DIST_171,2020,4.563,4.738001427778062
DIST_171,2021,4.603,4.744618277305532
DIST_171,2022,3.263,3.240472195028402
DIST_171,2023,4.669,4.699880783630335
DIST_172,2009,3.267,
DIST_172,2010,3.362,
DIST_172,2011,3.181,
DIST_172,2012,2.249,
DIST_172,2013,3.618,
DIST_172,2014,3.502,
DIST_172,2015,3.073,
DIST_172,2016,3.027,
DIST_172,2017,3.44,
DIST_172,2018,3.875,
DIST_172,2019,3.091,3.8999739147858503
DIST_172,2020,4.037,3.813735971553763
DIST_172,2021,3.374,3.0321014980122767
DIST_172,2022,2.701,4.14156914113551
DIST_172,2023,3.842,4.522911824222749
DIST_173,2009,4.383,
DIST_173,2010,4.342,
DIST_173,2011,4.329,
DIST_173,2012,2.696,
DIST_173,2013,4.335,
DIST_173,2014,4.634,
DIST_173,2015,4.798,
DIST_173,2016,4.758,
DIST_173,2017,4.486,
DIST_173,2018,4.996,
DIST_173,2019,4.969,3.979969987478989
DIST_173,2020,4.938,4.795980917999178
DIST_173,2021,4.826,4.6929438705657125
DIST_173,2022,4.239,3.865895994894507
DIST_173,2023,4.717,4.800422843156013
DIST_174,2009,2.914,
DIST_174,2010,2.932,
DIST_174,2011,2.977,
DIST_174,2012,1.1,
DIST_174,2013,3.724,
DIST_174,2014,3.348,
DIST_174,2015,3.051,
DIST_174,2016,3.215,
DIST_174,2017,3.159,
DIST_174,2018,4.001,
DIST_174,2019,3.543,3.4801962022581665
DIST_174,2020,3.87,4.431985779521855
DIST_174,2021,3.326,3.729934961918103
DIST_174,2022,3.12,3.6756609350436347
DIST_174,2023,3.912,3.6732034933264757
DIST_175,2009,4.733,
DIST_175,2010,4.469,
DIST_175,2011,5.024,
DIST_175,2012,3.586,
DIST_175,2013,4.347,
DIST_175,2014,5.098,
DIST_175,2015,4.632,
DIST_175,2016,4.735,
DIST_175,2017,4.765,
DIST_175,2018,5.136,
DIST_175,2019,4.818,4.734400691075739
DIST_175,2020,5.222,5.118040317294219
DIST_175,2021,5.175,4.714326786638075
DIST_175,2022,4.145,3.75573099695635
DIST_175,2023,4.971,4.861648961420816
DIST_176,2009,3.819,
DIST_176,2010,3.699,
DIST_176,2011,4.149,
DIST_176,2012,1.962,
DIST_176,2013,3.622,
DIST_176,2014,4.016,
DIST_176,2015,3.711,
DIST_176,2016,3.898,
DIST_176,2017,4.113,
DIST_176,2018,4.425,
DIST_176,2019,4.4,4.115153890237014
DIST_176,2020,4.572,4.728108996045602
DIST_176,2021,4.169,4.146638182856648
DIST_176,2022,3.129,3.050367946112088
DIST_176,2023,4.587,4.638115123040657
DIST_177,2009,2.811,
DIST_177,2010,2.846,
DIST_177,2011,2.75,
DIST_177,2012,1.1,
DIST_177,2013,2.698,
DIST_177,2014,3.349,
DIST_177,2015,2.853,
DIST_177,2016,3.098,
DIST_177,2017,3.207,
DIST_177,2018,3.57,
DIST_177,2019,3.591,4.641761331725634
DIST_177,2020,3.776,3.2153762748227406
DIST_177,2021,3.987,4.878018213386192
DIST_177,2022,2.918,3.4034430725554907
DIST_177,2023,3.649,4.7669465056540785
DIST_178,2009,4.16,
DIST_178,2010,3.941,
DIST_178,2011,4.044,
DIST_178,2012,3.065,
DIST_178,2013,3.69,
DIST_178,2014,4.381,
DIST_178,2015,4.588,
DIST_178,2016,4.617,
DIST_178,2017,4.521,
DIST_178,2018,4.914,
DIST_178,2019,4.356,4.706043185044547
DIST_178,2020,4.755,4.7725881402603125
DIST_178,2021,4.373,4.302342467206075
DIST_178,2022,3.949,3.6854099231751447
DIST_178,2023,4.328,4.997263034527243
DIST_179,2009,4.837,
DIST_179,2010,5.02,
DIST_179,2011,4.475,
DIST_179,2012,2.446,
DIST_179,2013,5.062,
DIST_179,2014,4.926,
DIST_179,2015,5.225,
DIST_179,2016,5.121,
DIST_179,2017,5.02,
DIST_179,2018,5.456,
DIST_179,2019,5.217,5.0487880721882
DIST_179,2020,5.577,4.9323733470783395
DIST_179,2021,5.284,4.949569885322858
DIST_179,2022,4.411,4.622343382857197
DIST_179,2023,5.075,4.649334881116298
DIST_180,2009,3.433,
DIST_180,2010,3.663,
DIST_180,2011,3.599,
DIST_180,2012,2.589,
DIST_180,2013,3.218,
DIST_180,2014,3.671,
DIST_180,2015,3.647,
DIST_180,2016,3.488,
DIST_180,2017,4.121,
DIST_180,2018,4.458,
DIST_180,2019,4.334,4.492279087737475
DIST_180,2020,4.308,3.739117109029175
DIST_180,2021,4.145,4.520912331664951
DIST_180,2022,3.142,3.7985300921570593
DIST_180,2023,4.478,4.37770362216672
DIST_181,2009,3.267,
DIST_181,2010,3.555,
DIST_181,2011,3.494,
DIST_181,2012,1.488,
DIST_181,2013,3.277,
DIST_181,2014,3.439,
DIST_181,2015,3.483,
DIST_181,2016,4.129,
DIST_181,2017,3.53,
DIST_181,2018,4.198,
DIST_181,2019,3.278,3.963234550561346
DIST_181,2020,4.399,5.4039850624865355
DIST_181,2021,3.582,4.886288210164471
DIST_181,2022,2.973,3.5873489308469395
DIST_181,2023,4.33,4.79967789886117
DIST_182,2009,3.859,
DIST_182,2010,4.101,
DIST_182,2011,4.399,
DIST_182,2012,2.915,
DIST_182,2013,3.803,
DIST_182,2014,3.758,
DIST_182,2015,4.382,
DIST_182,2016,4.243,
DIST_182,2017,4.038,
DIST_182,2018,4.528,
DIST_182,2019,4.658,4.499778027633156
DIST_182,2020,4.885,4.4036666092295516
DIST_182,2021,4.267,4.410884444483839
DIST_182,2022,3.911,4.069116841408346
DIST_182,2023,4.663,4.934642600234603
DIST_183,2009,4.541,
DIST_183,2010,5.2,
DIST_183,2011,4.53,
DIST_183,2012,3.535,
DIST_183,2013,5.128,
DIST_183,2014,4.581,
DIST_183,2015,5.129,
DIST_183,2016,5.203,
DIST_183,2017,5.089,
DIST_183,2018,5.717,
DIST_183,2019,5.07,4.088312428217981
DIST_183,2020,5.76,4.854618948672372
DIST_183,2021,5.247,5.319541051713947
DIST_183,2022,4.667,3.8549513350145954
DIST_183,2023,5.112,5.082701241374021
DIST_184,2009,3.543,
DIST_184,2010,3.042,
DIST_184,2011,3.101,
DIST_184,2012,1.127,
DIST_184,2013,3.37,
DIST_184,2014,2.731,
DIST_184,2015,3.424,
DIST_184,2016,3.472,
DIST_184,2017,3.814,
DIST_184,2018,3.782,
DIST_184,2019,3.159,3.393507660535091
DIST_184,2020,3.842,3.877625921342564
DIST_184,2021,3.582,3.990542943529542
DIST_184,2022,3.151,3.9633848035872634
DIST_184,2023,3.824,4.335056740891939
DIST_185,2009,4.623,
DIST_185,2010,4.906,
DIST_185,2011,4.631,
DIST_185,2012,2.52,
DIST_185,2013,5.018,
DIST_185,2014,4.91,
DIST_185,2015,5.192,
DIST_185,2016,5.301,
DIST_185,2017,5.027,
DIST_185,2018,5.302,
DIST_185,2019,5.015,5.534256690135633
DIST_185,2020,5.612,5.226268330997041
DIST_185,2021,5.383,4.485297433454458
DIST_185,2022,4.173,3.7969014908753214
DIST_185,2023,5.437,5.32776062123558
DIST_186,2009,3.814,
DIST_186,2010,3.896,
DIST_186,2011,3.795,
DIST_186,2012,2.26,
DIST_186,2013,3.798,
DIST_186,2014,4.077,
DIST_186,2015,3.635,
DIST_186,2016,3.388,
DIST_186,2017,4.038,
DIST_186,2018,4.202,
DIST_186,2019,3.775,4.033628572750431
DIST_186,2020,4.424,4.86215836008221
DIST_186,2021,3.971,3.866712792592323
DIST_186,2022,3.473,4.243892482293697
DIST_186,2023,3.674,3.928706393434722
DIST_187,2009,4.528,
DIST_187,2010,4.199,
DIST_187,2011,4.549,
DIST_187,2012,2.899,
DIST_187,2013,4.42,
DIST_187,2014,5.097,
DIST_187,2015,4.679,
DIST_187,2016,5.117,
DIST_187,2017,4.453,
DIST_187,2018,5.277,
DIST_187,2019,4.669,5.318854514665238
DIST_187,2020,5.184,4.40526994450893
DIST_187,2021,5.378,5.018145285066453
DIST_187,2022,4.194,4.2318066272229995
DIST_187,2023,4.699,5.13567908515541
DIST_188,2009,3.531,
DIST_188,2010,3.463,
DIST_188,2011,3.684,
DIST_188,2012,2.526,
DIST_188,2013,3.717,
DIST_188,2014,3.997,
DIST_188,2015,4.093,
DIST_188,2016,3.747,
DIST_188,2017,4.005,
DIST_188,2018,4.485,
DIST_188,2019,4.114,4.00380021027616
DIST_188,2020,4.403,4.138215365957269
DIST_188,2021,3.876,4.321229782242111
DIST_188,2022,3.284,3.967684522576745
DIST_188,2023,4.233,3.656788096683786
DIST_189,2009,4.143,
DIST_189,2010,4.364,
DIST_189,2011,3.16,
DIST_189,2012,1.871,
DIST_189,2013,3.659,
DIST_189,2014,3.593,
DIST_189,2015,4.03,
DIST_189,2016,4.212,
DIST_189,2017,3.943,
DIST_189,2018,4.64,
DIST_189,2019,4.575,3.6183882059828436
DIST_189,2020,4.899,4.527563091831446
DIST_189,2021,4.456,4.256585324655361
DIST_189,2022,3.683,4.363940535066737
DIST_189,2023,4.228,4.377950538656166
DIST_190,2009,5.059,
DIST_190,2010,5.045,
DIST_190,2011,4.74,
DIST_190,2012,3.838,
DIST_190,2013,4.819,
DIST_190,2014,5.101,
DIST_190,2015,4.929,
DIST_190,2016,5.2,
DIST_190,2017,5.598,
DIST_190,2018,5.449,
DIST_190,2019,4.875,4.590369826135429
DIST_190,2020,5.711,4.63446425993517
DIST_190,2021,5.288,5.465878328760183
DIST_190,2022,4.26,3.74956985023102
DIST_190,2023,5.704,5.383345550442401
DIST_191,2009,3.523,
DIST_191,2010,3.763,
DIST_191,2011,3.456,
DIST_191,2012,2.65,
DIST_191,2013,3.508,
DIST_191,2014,3.632,
DIST_191,2015,3.513,
DIST_191,2016,3.999,
DIST_191,2017,3.724,
DIST_191,2018,4.255,
DIST_191,2019,4.016,4.917070638080844
DIST_191,2020,4.329,4.254428406390808
DIST_191,2021,3.459,4.174808801151618
DIST_191,2022,3.616,4.056907959511424
DIST_191,2023,4.265,4.2360650807435904
DIST_192,2009,4.543,
DIST_192,2010,5.18,
DIST_192,2011,4.393,
DIST_192,2012,3.527,
DIST_192,2013,4.826,
DIST_192,2014,5.095,
DIST_192,2015,5.326,
DIST_192,2016,5.003,
DIST_192,2017,4.749,
DIST_192,2018,5.479,
DIST_192,2019,4.857,5.199490495020219
DIST_192,2020,5.751,5.869073869792806
DIST_192,2021,5.504,4.657017614531706
DIST_192,2022,4.486,4.455136527377312
DIST_192,2023,5.545,4.8135637483027285
DIST_193,2009,3.967,
DIST_193,2010,4.593,
DIST_193,2011,4.568,
DIST_193,2012,3.011,
DIST_193,2013,5.031,
DIST_193,2014,4.122,
DIST_193,2015,4.625,
DIST_193,2016,4.602,
DIST_193,2017,4.917,
DIST_193,2018,5.066,
DIST_193,2019,4.961,4.8923888272768865
DIST_193,2020,5.131,4.629145087065094
DIST_193,2021,4.611,4.824261602475714
DIST_193,2022,4.254,3.94380720793892
DIST_193,2023,4.876,4.61370554266685
DIST_194,2009,4.708,
DIST_194,2010,4.928,
DIST_194,2011,5.286,
DIST_194,2012,3.485,
DIST_194,2013,4.848,
DIST_194,2014,4.998,
DIST_194,2015,4.886,
DIST_194,2016,5.036,
DIST_194,2017,4.855,
DIST_194,2018,5.607,
DIST_194,2019,5.344,4.781989449273177
DIST_194,2020,5.753,4.788823031497683
DIST_194,2021,4.889,4.512860836521541
DIST_194,2022,4.733,4.5944327139044
DIST_194,2023,5.665,4.59255337031832
DIST_195,2009,4.431,
DIST_195,2010,4.742,
DIST_195,2011,4.635,
DIST_195,2012,3.802,
DIST_195,2013,4.615,
DIST_195,2014,4.39,
DIST_195,2015,5.047,
DIST_195,2016,4.696,
DIST_195,2017,4.791,
DIST_195,2018,5.342,
DIST_195,2019,4.679,4.696114343119827
DIST_195,2020,5.192,4.677995650853407
DIST_195,2021,5.39,5.043318055297773
DIST_195,2022,4.088,3.6497002050330916
DIST_195,2023,5.144,5.247726006334486
DIST_196,2009,2.775,
DIST_196,2010,2.954,
DIST_196,2011,3.128,
DIST_196,2012,1.484,
DIST_196,2013,3.34,
DIST_196,2014,2.5,
DIST_196,2015,2.998,
DIST_196,2016,3.263,
DIST_196,2017,3.599,
DIST_196,2018,3.537,
DIST_196,2019,3.196,3.6045937427985653
DIST_196,2020,3.656,4.515672160294491
DIST_196,2021,3.276,4.496034904490344
DIST_196,2022,2.775,3.9826614356284966
DIST_196,2023,3.678,4.073252341318496
DIST_197,2009,3.076,
DIST_197,2010,3.603,
DIST_197,2011,3.377,
DIST_197,2012,2.094,
DIST_197,2013,3.555,
DIST_197,2014,4.161,
DIST_197,2015,4.136,
DIST_197,2016,3.559,
DIST_197,2017,4.163,
DIST_197,2018,4.483,
DIST_197,2019,4.532,4.246089432392087
DIST_197,2020,4.582,3.9933620321425365
DIST_197,2021,3.92,4.241158949013329
DIST_197,2022,3.429,2.7620455760334433
DIST_197,2023,4.4,4.6538711879634915
DIST_198,2009,3.863,
DIST_198,2010,3.357,
DIST_198,2011,4.081,
DIST_198,2012,2.716,
DIST_198,2013,3.481,
DIST_198,2014,4.202,
DIST_198,2015,3.861,
DIST_198,2016,3.966,
DIST_198,2017,3.918,
DIST_198,2018,4.256,
DIST_198,2019,3.435,5.075306136308594
DIST_198,2020,4.628,4.4353152314199225
DIST_198,2021,4.151,4.518964302350253
DIST_198,2022,3.097,3.6250165075311775
DIST_198,2023,4.46,4.660204793839916
DIST_199,2009,3.346,
DIST_199,2010,3.275,
DIST_199,2011,2.638,
DIST_199,2012,1.372,
DIST_199,2013,3.077,
DIST_199,2014,3.276,
DIST_199,2015,3.596,
DIST_199,2016,3.474,
DIST_199,2017,3.468,
DIST_199,2018,4.02,
DIST_199,2019,3.492,3.5488757113832583
DIST_199,2020,4.024,4.571846112768833
DIST_199,2021,3.986,4.515847958683163
DIST_199,2022,2.737,2.707510333200699
DIST_199,2023,3.431,3.632143352365538
DIST_200,2009,4.795,
DIST_200,2010,4.905,
DIST_200,2011,4.682,
DIST_200,2012,3.257,
DIST_200,2013,5.182,
DIST_200,2014,4.468,
DIST_200,2015,5.239,
DIST_200,2016,5.187,
DIST_200,2017,5.148,
DIST_200,2018,5.641,
DIST_200,2019,5.241,5.140062364962198
DIST_200,2020,5.628,5.00360382778609
DIST_200,2021,5.308,4.635757254559454
DIST_200,2022,4.853,4.276271860143531
DIST_200,2023,5.373,5.635955516446851
DIST_201,2009,5.01,
DIST_201,2010,5.372,
DIST_201,2011,5.24,
DIST_201,2012,3.435,
DIST_201,2013,5.357,
DIST_201,2014,5.321,
DIST_201,2015,5.284,
DIST_201,2016,4.918,
DIST_201,2017,5.013,
DIST_201,2018,5.509,
DIST_201,2019,5.311,4.182278686959756
DIST_201,2020,5.877,5.47717343148629
DIST_201,2021,5.075,5.514236888115537
DIST_201,2022,4.915,4.729997747060898
DIST_201,2023,5.462,5.16565311595733
DIST_202,2009,3.763,
DIST_202,2010,3.513,
DIST_202,2011,3.511,
DIST_202,2012,2.15,
DIST_202,2013,4.215,
DIST_202,2014,3.432,
DIST_202,2015,3.591,
DIST_202,2016,3.963,
DIST_202,2017,4.15,
DIST_202,2018,4.543,
DIST_202,2019,4.105,4.060385280943627
DIST_202,2020,4.641,4.75651636092071
DIST_202,2021,4.28,4.147060102174415
DIST_202,2022,3.275,3.844834486637427
DIST_202,2023,3.905,4.644836236050229
DIST_203,2009,3.258,
DIST_203,2010,3.394,
DIST_203,2011,3.129,
DIST_203,2012,2.105,
DIST_203,2013,3.586,
DIST_203,2014,3.372,
DIST_203,2015,3.696,
DIST_203,2016,3.371,
DIST_203,2017,3.504,
DIST_203,2018,4.016,
DIST_203,2019,3.92,4.222123550249243
DIST_203,2020,4.047,4.761435760629638
DIST_203,2021,3.368,4.250174268204488
DIST_203,2022,2.761,3.052424876765552
DIST_203,2023,3.612,4.268487121078468
DIST_204,2009,3.564,
DIST_204,2010,3.599,
DIST_204,2011,3.301,
DIST_204,2012,1.631,
DIST_204,2013,3.605,
DIST_204,2014,3.942,
DIST_204,2015,4.042,
DIST_204,2016,4.339,
DIST_204,2017,4.362,
DIST_204,2018,4.526,
DIST_204,2019,3.907,3.9353031285196662
DIST_204,2020,4.631,4.670104807301962
DIST_204,2021,4.317,4.527695091981625
DIST_204,2022,3.323,3.3088011931929238
DIST_204,2023,4.582,4.631433280859632
DIST_205,2009,3.713,
DIST_205,2010,3.509,
DIST_205,2011,3.336,
DIST_205,2012,2.488,
DIST_205,2013,3.518,
DIST_205,2014,3.651,
DIST_205,2015,3.619,
DIST_205,2016,3.969,
DIST_205,2017,4.154,
DIST_205,2018,4.495,
DIST_205,2019,4.041,4.531842311016254
DIST_205,2020,4.617,4.8073024498736885
DIST_205,2021,4.313,4.234547495515165
DIST_205,2022,3.09,3.79120659623404
DIST_205,2023,4.513,4.740244162181001
DIST_206,2009,4.279,
DIST_206,2010,4.064,
DIST_206,2011,4.348,
DIST_206,2012,2.986,
DIST_206,2013,4.64,
DIST_206,2014,4.996,
DIST_206,2015,5.038,
DIST_206,2016,4.654,
DIST_206,2017,4.996,
DIST_206,2018,5.223,
DIST_206,2019,5.142,4.504084448353865
DIST_206,2020,5.525,5.382871402001602
DIST_206,2021,4.886,4.951412088103467
DIST_206,2022,4.209,4.0832679575289434
DIST_206,2023,5.263,5.130436713319979
DIST_207,2009,3.118,
DIST_207,2010,3.03,
DIST_207,2011,3.306,
DIST_207,2012,2.103,
DIST_207,2013,3.364,
DIST_207,2014,3.645,
DIST_207,2015,3.092,
DIST_207,2016,3.227,
DIST_207,2017,3.59,
DIST_207,2018,3.75,
DIST_207,2019,3.622,4.436477328802033
DIST_207,2020,3.891,3.9353055019905963
DIST_207,2021,3.868,4.19599090567322
DIST_207,2022,3.04,3.8038410357785315
DIST_207,2023,3.719,3.8872848892425718
DIST_208,2009,3.471,
DIST_208,2010,3.449,
DIST_208,2011,3.295,
DIST_208,2012,2.018,
DIST_208,2013,4.182,
DIST_208,2014,3.574,
DIST_208,2015,3.537,
DIST_208,2016,3.663,
DIST_208,2017,3.996,
DIST_208,2018,4.302,
DIST_208,2019,3.962,3.9924183143967684
DIST_208,2020,4.271,4.269044125068135
DIST_208,2021,3.973,4.469595700626312
DIST_208,2022,2.899,3.0553819277065064
DIST_208,2023,4.198,3.8970782879170502
DIST_209,2009,3.212,
DIST_209,2010,3.644,
DIST_209,2011,3.643,
DIST_209,2012,2.243,
DIST_209,2013,4.071,
DIST_209,2014,3.664,
DIST_209,2015,4.133,
DIST_209,2016,3.669,
DIST_209,2017,4.221,
DIST_209,2018,4.091,
DIST_209,2019,3.719,4.328859113504427
DIST_209,2020,4.539,4.366028096101247
DIST_209,2021,3.938,4.198879786826803
DIST_209,2022,3.382,4.411950231381528
DIST_209,2023,3.412,4.3197544072435
DIST_210,2009,3.826,
DIST_210,2010,3.886,
DIST_210,2011,3.616,
DIST_210,2012,2.647,
DIST_210,2013,3.674,
DIST_210,2014,3.656,
DIST_210,2015,4.321,
DIST_210,2016,4.265,
DIST_210,2017,4.043,
DIST_210,2018,4.649,
DIST_210,2019,4.103,4.373947138877809
DIST_210,2020,4.48,4.374661271580601
DIST_210,2021,3.813,4.747074537718918
DIST_210,2022,3.684,3.9457801211546255
DIST_210,2023,4.517,4.667970969986697
DIST_211,2009,4.077,
DIST_211,2010,3.89,
DIST_211,2011,3.849,
DIST_211,2012,3.309,
DIST_211,2013,3.89,
DIST_211,2014,3.955,
DIST_211,2015,4.053,
DIST_211,2016,4.681,
DIST_211,2017,4.96,
DIST_211,2018,4.922,
DIST_211,2019,4.62,5.122634985008368
DIST_211,2020,4.848,4.751094515524281
DIST_211,2021,4.423,4.668493677365362
DIST_211,2022,4.023,4.448110419096427
DIST_211,2023,5.076,4.747401712755821
DIST_212,2009,4.005,
DIST_212,2010,3.321,
DIST_212,2011,3.749,
DIST_212,2012,3.134,
DIST_212,2013,3.902,
DIST_212,2014,3.861,
DIST_212,2015,4.443,
DIST_212,2016,4.563,
DIST_212,2017,4.138,
DIST_212,2018,4.808,
DIST_212,2019,4.267,4.6814334448437815
DIST_212,2020,4.619,4.418870914147553
DIST_212,2021,3.914,4.6426306687329255
DIST_212,2022,3.364,3.403560485004324
DIST_212,2023,4.222,3.956630637390285
DIST_213,2009,5.29,
DIST_213,2010,4.891,
DIST_213,2011,4.527,
DIST_213,2012,3.462,
DIST_213,2013,5.285,
DIST_213,2014,5.334,
DIST_213,2015,4.967,
DIST_213,2016,5.143,
DIST_213,2017,5.32,
DIST_213,2018,5.644,
DIST_213,2019,5.003,4.313854462868768
DIST_213,2020,5.775,5.210813079435939
DIST_213,2021,5.206,5.163415153881863
DIST_213,2022,4.832,4.421773476855278
DIST_213,2023,5.573,5.0269879206497965
DIST_214,2009,3.359,
DIST_214,2010,2.824,
DIST_214,2011,3.28,
DIST_214,2012,1.74,
DIST_214,2013,3.133,
DIST_214,2014,3.096,
DIST_214,2015,3.743,
DIST_214,2016,3.833,
DIST_214,2017,3.272,
DIST_214,2018,3.867,
DIST_214,2019,3.182,4.3059483637615585
DIST_214,2020,3.915,4.211537054083837
DIST_214,2021,3.453,4.330487008963582
DIST_214,2022,2.653,4.4044701943638005
DIST_214,2023,3.477,4.151815738546733
DIST_215,2009,4.007,
DIST_215,2010,3.781,
DIST_215,2011,3.961,
DIST_215,2012,3.191,
DIST_215,2013,3.853,
DIST_215,2014,4.249,
DIST_215,2015,4.832,
DIST_215,2016,4.225,
DIST_215,2017,4.959,
DIST_215,2018,4.663,
DIST_215,2019,4.116,4.371790098418913
DIST_215,2020,4.681,4.873860917144505
DIST_215,2021,4.494,4.0129378660664
DIST_215,2022,3.505,4.258535984462874
DIST_215,2023,4.964,5.361011769446582
DIST_216,2009,5.203,
DIST_216,2010,5.337,
DIST_216,2011,4.513,
DIST_216,2012,3.704,
DIST_216,2013,5.312,
DIST_216,2014,5.476,
DIST_216,2015,5.457,
DIST_216,2016,5.217,
DIST_216,2017,5.148,
DIST_216,2018,5.631,
DIST_216,2019,5.322,5.74817712345652
DIST_216,2020,5.892,5.7744653776794905
DIST_216,2021,5.379,4.691794636718027
DIST_216,2022,4.762,5.260210730757844
DIST_216,2023,5.622,5.58998500578414
DIST_217,2009,3.52,
DIST_217,2010,3.568,
DIST_217,2011,3.713,
DIST_217,2012,2.209,
DIST_217,2013,3.708,
DIST_217,2014,4.307,
DIST_217,2015,3.871,
DIST_217,2016,3.735,
DIST_217,2017,4.355,
DIST_217,2018,4.157,
DIST_217,2019,4.395,4.683458741093765
DIST_217,2020,4.284,4.530087126459916
DIST_217,2021,3.634,3.9715627201166064
DIST_217,2022,3.138,3.916188493192547
DIST_217,2023,4.125,4.414457657308863
DIST_218,2009,4.515,
DIST_218,2010,4.344,
DIST_218,2011,4.355,
DIST_218,2012,3.812,
DIST_218,2013,4.84,
DIST_218,2014,4.39,
DIST_218,2015,4.403,
DIST_218,2016,4.585,
DIST_218,2017,4.393,
DIST_218,2018,5.443,
DIST_218,2019,4.899,4.101792961495662
DIST_218,2020,5.507,5.34363280802514
DIST_218,2021,5.183,4.685969374977139
DIST_218,2022,4.373,4.057042300155459
DIST_218,2023,5.472,5.478620872749511
DIST_219,2009,4.564,
DIST_219,2010,4.596,
DIST_219,2011,4.018,
DIST_219,2012,3.446,
DIST_219,2013,4.815,
DIST_219,2014,4.596,
DIST_219,2015,4.885,
DIST_219,2016,5.026,
DIST_219,2017,4.519,
DIST_219,2018,5.4,
DIST_219,2019,5.383,5.68587600013872
DIST_219,2020,5.509,5.1979782148926175
DIST_219,2021,4.938,5.102694062170808
DIST_219,2022,4.108,4.1914836272049705
DIST_219,2023,5.416,4.682573927923775
DIST_220,2009,4.501,
DIST_220,2010,4.523,
DIST_220,2011,4.214,
DIST_220,2012,2.357,
DIST_220,2013,4.438,
DIST_220,2014,4.517,
DIST_220,2015,4.648,
DIST_220,2016,4.801,
DIST_220,2017,4.897,
DIST_220,2018,5.1,
DIST_220,2019,4.461,4.7963416800766865
DIST_220,2020,5.215,4.855940379660597
DIST_220,2021,4.691,4.336704737069432
DIST_220,2022,4.355,4.071892160479367
DIST_220,2023,4.737,4.893436170324707
DIST_221,2009,4.384,
DIST_221,2010,3.969,
DIST_221,2011,4.241,
DIST_221,2012,2.602,
DIST_221,2013,4.445,
DIST_221,2014,3.992,
DIST_221,2015,4.343,
DIST_221,2016,4.293,
DIST_221,2017,4.075,
DIST_221,2018,4.775,
DIST_221,2019,4.506,5.209979477666785
DIST_221,2020,4.848,5.132146576219941
DIST_221,2021,4.619,4.792615652240575
DIST_221,2022,3.789,3.847921327536064
DIST_221,2023,4.565,4.2276423199085
DIST_222,2009,4.658,
DIST_222,2010,4.427,
DIST_222,2011,4.344,
DIST_222,2012,3.178,
DIST_222,2013,4.84,
DIST_222,2014,4.73,
DIST_222,2015,4.97,
DIST_222,2016,4.752,
DIST_222,2017,5.012,
DIST_222,2018,5.345,
DIST_222,2019,5.055,4.934738530229239
DIST_222,2020,5.422,4.422379695700579
DIST_222,2021,4.904,5.387497649415641
DIST_222,2022,4.445,4.036797937366034
DIST_222,2023,4.782,4.455150534919377
DIST_223,2009,4.637,
DIST_223,2010,4.74,
DIST_223,2011,4.899,
DIST_223,2012,3.695,
DIST_223,2013,5.125,
DIST_223,2014,4.954,
DIST_223,2015,5.127,
DIST_223,2016,4.978,
DIST_223,2017,4.997,
DIST_223,2018,5.508,
DIST_223,2019,5.33,5.264915418556321
DIST_223,2020,5.788,5.308389441776074
DIST_223,2021,5.615,5.320749508926789
DIST_223,2022,4.787,4.72171988305738
DIST_223,2023,5.364,4.6574520196262625
DIST_224,2009,5.431,
DIST_224,2010,5.296,
DIST_224,2011,4.995,
DIST_224,2012,3.158,
DIST_224,2013,5.462,
DIST_224,2014,5.24,
DIST_224,2015,5.433,
DIST_224,2016,5.219,
DIST_224,2017,5.348,
DIST_224,2018,5.795,
DIST_224,2019,5.446,5.139469782424479
DIST_224,2020,5.977,5.4151335662360935
DIST_224,2021,5.131,6.168573587642493
DIST_224,2022,4.567,3.9501569621188106
DIST_224,2023,5.861,4.989504574303744
DIST_225,2009,4.062,
DIST_225,2010,4.019,
DIST_225,2011,4.165,
DIST_225,2012,3.309,
DIST_225,2013,4.522,
DIST_225,2014,4.595,
DIST_225,2015,4.524,
DIST_225,2016,4.304,
DIST_225,2017,4.344,
DIST_225,2018,4.905,
DIST_225,2019,4.845,4.711798568624968
DIST_225,2020,5.155,4.742146569805001
DIST_225,2021,4.941,5.093159559118049
DIST_225,2022,4.028,4.661399422884053
DIST_225,2023,4.691,4.317425479534152
DIST_226,2009,4.214,
DIST_226,2010,4.42,
DIST_226,2011,3.992,
DIST_226,2012,3.274,
DIST_226,2013,4.263,
DIST_226,2014,4.187,
DIST_226,2015,4.551,
DIST_226,2016,4.165,
DIST_226,2017,4.305,
DIST_226,2018,4.732,
DIST_226,2019,4.026,4.008426207432847
DIST_226,2020,4.79,3.880500886643936
DIST_226,2021,4.796,5.236945019027761
DIST_226,2022,3.919,3.8831412523095596
DIST_226,2023,4.476,3.933070976880994
DIST_227,2009,4.562,
DIST_227,2010,4.473,
DIST_227,2011,4.732,
DIST_227,2012,3.973,
DIST_227,2013,4.874,
DIST_227,2014,4.712,
DIST_227,2015,4.864,
DIST_227,2016,4.905,
DIST_227,2017,5.071,
DIST_227,2018,5.33,
DIST_227,2019,5.116,5.238503898956774
DIST_227,2020,5.666,4.9917648055004245
DIST_227,2021,5.21,4.941738801454885
DIST_227,2022,4.369,4.581303603433086
DIST_227,2023,5.311,5.239510863879295
DIST_228,2009,3.21,
DIST_228,2010,3.903,
DIST_228,2011,4.097,
DIST_228,2012,2.434,
DIST_228,2013,3.858,
DIST_228,2014,3.852,
DIST_228,2015,3.865,
DIST_228,2016,3.59,
DIST_228,2017,4.586,
DIST_228,2018,4.67,
DIST_228,2019,4.156,4.617431216917835
DIST_228,2020,4.5,5.042912054940973
DIST_228,2021,4.415,4.551777590299785
DIST_228,2022,3.627,3.6681172561452042
DIST_228,2023,4.453,3.971840471405602
DIST_229,2009,3.76,
DIST_229,2010,3.649,
DIST_229,2011,3.959,
DIST_229,2012,2.756,
DIST_229,2013,4.054,
DIST_229,2014,4.071,
DIST_229,2015,3.638,
DIST_229,2016,4.372,
DIST_229,2017,4.374,
DIST_229,2018,4.591,
DIST_229,2019,4.547,5.242674508909586
DIST_229,2020,4.559,4.124902536305777
DIST_229,2021,4.07,4.373288259261718
DIST_229,2022,3.191,3.526505801122391
DIST_229,2023,3.887,4.690967461050434
DIST_230,2009,3.885,
DIST_230,2010,3.981,
DIST_230,2011,3.872,
DIST_230,2012,2.365,
DIST_230,2013,4.415,
DIST_230,2014,3.971,
DIST_230,2015,3.945,
DIST_230,2016,4.482,
DIST_230,2017,4.252,
DIST_230,2018,4.795,
DIST_230,2019,4.298,4.733297683233204
DIST_230,2020,4.732,4.626421371613114
DIST_230,2021,4.472,4.5342842969790125
DIST_230,2022,3.539,3.61746276179226
DIST_230,2023,4.44,4.169897605450648
DIST_231,2009,4.876,
DIST_231,2010,4.492,
DIST_231,2011,4.249,
DIST_231,2012,3.895,
DIST_231,2013,4.921,
DIST_231,2014,4.845,
DIST_231,2015,5.167,
DIST_231,2016,5.255,
DIST_231,2017,4.976,
DIST_231,2018,5.615,
DIST_231,2019,5.197,5.264454972294719
DIST_231,2020,5.437,4.861665103439837
DIST_231,2021,5.601,5.514292688586801
DIST_231,2022,4.229,3.530341936211598
DIST_231,2023,4.962,4.858300117581416
DIST_232,2009,3.487,
DIST_232,2010,4.271,
DIST_232,2011,4.051,
DIST_232,2012,2.333,
DIST_232,2013,3.74,
DIST_232,2014,3.876,
DIST_232,2015,3.857,
DIST_232,2016,4.128,
DIST_232,2017,4.131,
DIST_232,2018,4.388,
DIST_232,2019,4.208,5.020778580675827
DIST_232,2020,4.484,4.882293718067778
DIST_232,2021,4.053,4.379326123711507
DIST_232,2022,3.273,3.7523512418204805
DIST_232,2023,4.661,5.218540817503918
DIST_233,2009,3.13,
DIST_233,2010,3.394,
DIST_233,2011,3.894,
DIST_233,2012,2.032,
DIST_233,2013,3.48,
DIST_233,2014,3.661,
DIST_233,2015,3.403,
DIST_233,2016,3.488,
DIST_233,2017,3.422,
DIST_233,2018,4.068,
DIST_233,2019,3.205,4.264428654408404
DIST_233,2020,4.324,3.9184370174345253
DIST_233,2021,3.819,4.8336238331978265
DIST_233,2022,3.031,3.244767251147142
DIST_233,2023,4.015,4.221751053336015
DIST_234,2009,4.397,
DIST_234,2010,4.787,
DIST_234,2011,4.576,
DIST_234,2012,1.923,
DIST_234,2013,4.41,
DIST_234,2014,4.197,
DIST_234,2015,4.521,
DIST_234,2016,4.729,
DIST_234,2017,4.341,
DIST_234,2018,5.163,
DIST_234,2019,5.11,4.814473248084881
DIST_234,2020,5.363,5.004806161245593
DIST_234,2021,4.511,5.132629605384002
DIST_234,2022,4.265,4.167115075927492
DIST_234,2023,4.952,5.286711922669281
DIST_235,2009,3.346,
DIST_235,2010,3.192,
DIST_235,2011,3.241,
DIST_235,2012,2.069,
DIST_235,2013,3.41,
DIST_235,2014,2.858,
DIST_235,2015,3.75,
DIST_235,2016,3.956,
DIST_235,2017,3.619,
DIST_235,2018,4.21,
DIST_235,2019,3.688,4.35287578713738
DIST_235,2020,4.294,4.426276564042896
DIST_235,2021,4.018,4.217762407253233
DIST_235,2022,3.172,4.098339864268294
DIST_235,2023,3.587,4.417551445008419
DIST_236,2009,3.792,
DIST_236,2010,4.148,
DIST_236,2011,4.24,
DIST_236,2012,2.752,
DIST_236,2013,4.254,
DIST_236,2014,3.758,
DIST_236,2015,4.298,
DIST_236,2016,3.99,
DIST_236,2017,4.143,
DIST_236,2018,4.744,
DIST_236,2019,4.694,3.660598255532243
DIST_236,2020,4.876,5.10444560345896
DIST_236,2021,4.035,3.8210649311442704
DIST_236,2022,3.888,3.8047129953850867
DIST_236,2023,4.719,4.458682083034583
DIST_237,2009,4.816,
DIST_237,2010,4.571,
DIST_237,2011,5.073,
DIST_237,2012,3.374,
DIST_237,2013,5.084,
DIST_237,2014,5.068,
DIST_237,2015,5.046,
DIST_237,2016,5.033,
DIST_237,2017,5.39,
DIST_237,2018,5.808,
DIST_237,2019,5.416,5.275593305427112
DIST_237,2020,5.822,5.496535704326968
DIST_237,2021,5.536,5.397274111191039
DIST_237,2022,4.937,4.533462608931744
DIST_237,2023,5.442,5.603936654386118
DIST_238,2009,5.022,
DIST_238,2010,4.968,
DIST_238,2011,5.269,
DIST_238,2012,3.19,
DIST_238,2013,4.974,
DIST_238,2014,4.908,
DIST_238,2015,4.882,
DIST_238,2016,5.116,
DIST_238,2017,5.162,
DIST_238,2018,5.601,
DIST_238,2019,5.31,5.257845700145559
DIST_238,2020,5.938,5.762245576970784
DIST_238,2021,5.646,5.5209942730904515
DIST_238,2022,4.483,3.661750129096993
DIST_238,2023,5.267,4.409179520529008
DIST_239,2009,3.637,
DIST_239,2010,3.9,
DIST_239,2011,3.971,
DIST_239,2012,2.121,
DIST_239,2013,3.875,
DIST_239,2014,4.119,
DIST_239,2015,4.155,
DIST_239,2016,4.101,
DIST_239,2017,3.898,
DIST_239,2018,4.614,
DIST_239,2019,3.947,4.3300776095208935
DIST_239,2020,4.842,4.3908394851049195
DIST_239,2021,4.359,5.222870898576772
DIST_239,2022,3.306,3.8945421393917976
DIST_239,2023,3.912,4.882900831325888
DIST_240,2009,3.473,
DIST_240,2010,3.551,
DIST_240,2011,2.995,
DIST_240,2012,2.453,
DIST_240,2013,3.379,
DIST_240,2014,4.33,
DIST_240,2015,3.906,
DIST_240,2016,3.907,
DIST_240,2017,3.861,
DIST_240,2018,4.012,
DIST_240,2019,3.883,4.171759839259754
DIST_240,2020,4.432,4.018904592679489
DIST_240,2021,3.764,4.59098147571236
DIST_240,2022,3.052,3.2143121517130324
DIST_240,2023,4.088,5.259193193777898
DIST_241,2009,2.539,
DIST_241,2010,2.948,
DIST_241,2011,3.446,
DIST_241,2012,1.1,
DIST_241,2013,3.43,
DIST_241,2014,3.281,
DIST_241,2015,3.79,
DIST_241,2016,3.272,
DIST_241,2017,3.341,
DIST_241,2018,3.567,
DIST_241,2019,3.419,4.465936613182708
DIST_241,2020,4.022,4.56246987032537
DIST_241,2021,3.491,4.049121007571382
DIST_241,2022,2.517,3.383878569041575
DIST_241,2023,3.447,4.886271950717742
DIST_242,2009,5.255,
DIST_242,2010,5.134,
DIST_242,2011,4.943,
DIST_242,2012,3.436,
DIST_242,2013,4.814,
DIST_242,2014,5.215,
DIST_242,2015,4.924,
DIST_242,2016,4.754,
DIST_242,2017,5.296,
DIST_242,2018,5.305,
DIST_242,2019,5.103,5.154929416119892
DIST_242,2020,5.543,4.917679190030896
DIST_242,2021,5.147,4.6526049986398315
DIST_242,2022,4.508,4.023649784914953
DIST_242,2023,5.24,5.240999617896316
DIST_243,2009,4.235,
DIST_243,2010,4.418,
DIST_243,2011,4.618,
DIST_243,2012,3.726,
DIST_243,2013,4.493,
DIST_243,2014,4.91,
DIST_243,2015,5.117,
DIST_243,2016,5.005,
DIST_243,2017,4.994,
DIST_243,2018,5.171,
DIST_243,2019,4.844,4.327873597462313
DIST_243,2020,5.432,5.142007585764821
DIST_243,2021,4.884,4.663485424930309
DIST_243,2022,4.168,3.9165779391900615
DIST_243,2023,5.016,4.546062180955471
DIST_244,2009,4.035,
DIST_244,2010,4.848,
DIST_244,2011,4.044,
DIST_244,2012,3.685,
DIST_244,2013,4.101,
DIST_244,2014,4.479,
DIST_244,2015,4.229,
DIST_244,2016,4.852,
DIST_244,2017,5.122,
DIST_244,2018,4.983,
DIST_244,2019,4.625,4.4309620968797905
DIST_244,2020,5.291,4.598555715029921
DIST_244,2021,4.316,4.72149316962165
DIST_244,2022,3.954,3.760914833753037
DIST_244,2023,5.342,5.263550715479163
DIST_245,2009,4.111,
DIST_245,2010,3.982,
DIST_245,2011,3.565,
DIST_245,2012,2.48,
DIST_245,2013,3.71,
DIST_245,2014,4.078,
DIST_245,2015,3.8,
DIST_245,2016,3.608,
DIST_245,2017,3.763,
DIST_245,2018,4.585,
DIST_245,2019,4.464,4.901948502247227
DIST_245,2020,4.685,4.666318345968622
DIST_245,2021,4.222,4.371562940406787
DIST_245,2022,3.277,3.6663621374472823
DIST_245,2023,4.686,4.656036414140961
DIST_246,2009,2.904,
DIST_246,2010,3.419,
DIST_246,2011,3.53,
DIST_246,2012,1.766,
DIST_246,2013,3.66,
DIST_246,2014,4.036,
DIST_246,2015,3.478,
DIST_246,2016,3.721,
DIST_246,2017,3.196,
DIST_246,2018,4.309,
DIST_246,2019,3.296,3.3728819653211004
DIST_246,2020,4.318,4.349882136563306
DIST_246,2021,4.328,4.211892113453248
DIST_246,2022,3.408,3.3710327376260287
DIST_246,2023,4.188,3.935176153424591
DIST_247,2009,4.169,
DIST_247,2010,4.264,
DIST_247,2011,4.65,
DIST_247,2012,2.906,
DIST_247,2013,4.84,
DIST_247,2014,4.232,
DIST_247,2015,4.514,
DIST_247,2016,4.48,
DIST_247,2017,4.538,
DIST_247,2018,5.136,
DIST_247,2019,5.052,4.963437415719078
DIST_247,2020,5.379,5.0557595606909915
DIST_247,2021,5.039,5.274160615008192
DIST_247,2022,4.129,3.8722270288183545
DIST_247,2023,4.894,4.739026557919962
DIST_248,2009,4.546,
DIST_248,2010,4.168,
DIST_248,2011,4.655,
DIST_248,2012,2.595,
DIST_248,2013,4.661,
DIST_248,2014,4.358,
DIST_248,2015,4.507,
DIST_248,2016,4.618,
DIST_248,2017,4.442,
DIST_248,2018,5.066,
DIST_248,2019,5.049,4.626866305324528
DIST_248,2020,5.159,3.8523775654666688
DIST_248,2021,4.633,4.873166238237162
DIST_248,2022,3.837,4.068831498701975
DIST_248,2023,4.348,4.9474514036882855
DIST_249,2009,3.619,
DIST_249,2010,3.905,
DIST_249,2011,3.788,
DIST_249,2012,2.472,
DIST_249,2013,4.087,
DIST_249,2014,3.473,
DIST_249,2015,4.139,
DIST_249,2016,3.883,
DIST_249,2017,3.824,
DIST_249,2018,4.751,
DIST_249,2019,4.665,4.229978780744005
DIST_249,2020,4.638,4.011660909046627
DIST_249,2021,4.101,4.38890618364843
DIST_249,2022,3.322,3.4249250433604033
DIST_249,2023,4.437,3.780311741017756
DIST_250,2009,2.937,
DIST_250,2010,3.204,
DIST_250,2011,2.951,
DIST_250,2012,2.583,
DIST_250,2013,3.095,
DIST_250,2014,3.293,
DIST_250,2015,3.271,
DIST_250,2016,3.377,
DIST_250,2017,3.971,
DIST_250,2018,4.0,
DIST_250,2019,3.145,3.3065814573839707
DIST_250,2020,4.167,4.332289459980432
DIST_250,2021,3.863,4.465567844675006
DIST_250,2022,3.243,3.495798959293261
DIST_250,2023,3.678,4.4117676327278765
DIST_251,2009,3.742,
DIST_251,2010,3.999,
DIST_251,2011,3.974,
DIST_251,2012,3.228,
DIST_251,2013,4.444,
DIST_251,2014,4.444,
DIST_251,2015,4.613,
DIST_251,2016,4.14,
DIST_251,2017,3.79,
DIST_251,2018,4.604,
DIST_251,2019,4.717,4.6925033734077655
DIST_251,2020,4.791,4.859117360294707
DIST_251,2021,4.224,4.778931259545969
DIST_251,2022,3.561,4.252761306484437
DIST_251,2023,4.711,4.808128025921331
DIST_252,2009,3.254,
DIST_252,2010,3.088,
DIST_252,2011,3.328,
DIST_252,2012,1.972,
DIST_252,2013,3.173,
DIST_252,2014,3.689,
DIST_252,2015,3.586,
DIST_252,2016,3.355,
DIST_252,2017,3.505,
DIST_252,2018,3.892,
DIST_252,2019,4.077,4.447959569776321
DIST_252,2020,3.85,3.8682773564232718
DIST_252,2021,3.491,3.487637885841312
DIST_252,2022,2.675,3.7343853032487666
DIST_252,2023,3.927,4.897303786537004
DIST_253,2009,3.431,
DIST_253,2010,3.801,
DIST_253,2011,4.078,
DIST_253,2012,2.48,
DIST_253,2013,4.385,
DIST_253,2014,4.422,
DIST_253,2015,4.362,
DIST_253,2016,4.505,
DIST_253,2017,4.126,
DIST_253,2018,5.0,
DIST_253,2019,4.371,4.875894444355312
DIST_253,2020,5.15,4.041032470800155
DIST_253,2021,4.721,4.668788516902735
DIST_253,2022,4.084,3.751178711518241
DIST_253,2023,4.535,3.780221555633388
DIST_254,2009,3.587,
DIST_254,2010,3.84,
DIST_254,2011,4.33,
DIST_254,2012,2.317,
DIST_254,2013,4.144,
DIST_254,2014,4.189,
DIST_254,2015,3.831,
DIST_254,2016,4.267,
DIST_254,2017,4.249,
DIST_254,2018,4.758,
DIST_254,2019,4.038,4.5214322377160086
DIST_254,2020,4.829,3.9646336942854745
DIST_254,2021,3.852,3.8591544565580347
DIST_254,2022,3.905,3.6748415476056335
DIST_254,2023,4.919,4.53752110334886
DIST_255,2009,3.15,
DIST_255,2010,3.61,
DIST_255,2011,3.841,
DIST_255,2012,2.252,
DIST_255,2013,3.684,
DIST_255,2014,3.852,
DIST_255,2015,3.853,
DIST_255,2016,3.618,
DIST_255,2017,3.859,
DIST_255,2018,4.509,
DIST_255,2019,4.418,4.387792905420944
DIST_255,2020,4.52,4.480771449278938
DIST_255,2021,4.123,4.425480625024816
DIST_255,2022,3.417,3.9552633833888877
DIST_255,2023,4.535,4.491347516794591
DIST_256,2009,4.163,
DIST_256,2010,4.092,
DIST_256,2011,4.214,
DIST_256,2012,2.709,
DIST_256,2013,4.472,
DIST_256,2014,4.893,
DIST_256,2015,4.898,
DIST_256,2016,4.411,
DIST_256,2017,4.458,
DIST_256,2018,4.993,
DIST_256,2019,4.951,3.9596414065628505
DIST_256,2020,5.297,5.018101053249735
DIST_256,2021,4.618,4.42667782612493
DIST_256,2022,4.054,3.746010306756189
DIST_256,2023,4.965,4.829297506271237
DIST_257,2009,5.014,
DIST_257,2010,4.884,
DIST_257,2011,4.962,
DIST_257,2012,3.931,
DIST_257,2013,4.931,
DIST_257,2014,5.413,
DIST_257,2015,5.624,
DIST_257,2016,5.374,
DIST_257,2017,5.309,
DIST_257,2018,5.593,
DIST_257,2019,5.031,4.757141052101727
DIST_257,2020,5.573,5.3732354086089265
DIST_257,2021,5.481,4.659062707053249
DIST_257,2022,4.531,4.436915618051351
DIST_257,2023,5.207,5.4631659966696065
DIST_258,2009,4.174,
DIST_258,2010,4.45,
DIST_258,2011,4.761,
DIST_258,2012,2.928,
DIST_258,2013,5.003,
DIST_258,2014,5.028,
DIST_258,2015,4.745,
DIST_258,2016,5.421,
DIST_258,2017,4.572,
DIST_258,2018,5.353,
DIST_258,2019,5.232,5.411457399004332
DIST_258,2020,5.533,4.819065096719992
DIST_258,2021,4.775,5.008858375315312
DIST_258,2022,4.585,4.657048993034023
DIST_258,2023,5.369,5.1216953694144385
DIST_259,2009,3.19,
DIST_259,2010,3.217,
DIST_259,2011,2.922,
DIST_259,2012,1.923,
DIST_259,2013,3.519,
DIST_259,2014,3.297,
DIST_259,2015,3.383,
DIST_259,2016,3.225,
DIST_259,2017,3.39,
DIST_259,2018,3.754,
DIST_259,2019,3.512,4.816775426043422
DIST_259,2020,3.908,4.7729314556482185
DIST_259,2021,3.376,4.120713988640739
DIST_259,2022,2.601,3.283541596568531
DIST_259,2023,4.066,4.244216391086375
DIST_260,2009,4.404,
DIST_260,2010,4.686,
DIST_260,2011,4.518,
DIST_260,2012,2.985,
DIST_260,2013,4.642,
DIST_260,2014,4.532,
DIST_260,2015,4.728,
DIST_260,2016,4.747,
DIST_260,2017,5.354,
DIST_260,2018,5.214,
DIST_260,2019,5.191,5.182273546513855
DIST_260,2020,5.368,5.046163694754398
DIST_260,2021,4.857,4.544864722344321
DIST_260,2022,4.306,4.645717720646576
DIST_260,2023,4.522,4.629071367327367
DIST_261,2009,3.72,
DIST_261,2010,3.964,
DIST_261,2011,3.76,
DIST_261,2012,1.781,
DIST_261,2013,4.163,
DIST_261,2014,4.542,
DIST_261,2015,4.534,
DIST_261,2016,4.419,
DIST_261,2017,4.694,
DIST_261,2018,5.119,
DIST_261,2019,5.219,4.71156779325023
DIST_261,2020,5.196,4.513383143928459
DIST_261,2021,4.316,4.714131631924473
DIST_261,2022,3.725,3.4677609363708406
DIST_261,2023,4.753,4.705099662922909
DIST_262,2009,3.112,
DIST_262,2010,3.347,
DIST_262,2011,3.504,
DIST_262,2012,1.948,
DIST_262,2013,3.377,
DIST_262,2014,3.619,
DIST_262,2015,3.495,
DIST_262,2016,3.697,
DIST_262,2017,3.223,
DIST_262,2018,4.084,
DIST_262,2019,3.619,3.8417786670488954
DIST_262,2020,4.041,3.757744817431295
DIST_262,2021,4.059,3.6939791774794926
DIST_262,2022,2.912,3.821889673279923
DIST_262,2023,4.072,5.091470688133575
DIST_263,2009,2.951,
DIST_263,2010,2.54,
DIST_263,2011,3.264,
DIST_263,2012,1.319,
DIST_263,2013,2.69,
DIST_263,2014,3.77,
DIST_263,2015,3.264,
DIST_263,2016,3.587,
DIST_263,2017,3.233,
DIST_263,2018,3.538,
DIST_263,2019,3.121,4.007742120039794
DIST_263,2020,3.851,3.6333869943310066
DIST_263,2021,3.862,4.041015067927937
DIST_263,2022,2.592,3.514071613867842
DIST_263,2023,3.427,3.5688033592468793
DIST_264,2009,3.181,
DIST_264,2010,3.274,
DIST_264,2011,3.268,
DIST_264,2012,1.957,
DIST_264,2013,2.784,
DIST_264,2014,2.656,
DIST_264,2015,3.463,
DIST_264,2016,2.959,
DIST_264,2017,3.839,
DIST_264,2018,3.795,
DIST_264,2019,3.115,4.542708694692062
DIST_264,2020,3.753,4.628272380133963
DIST_264,2021,3.348,4.046065834732565
DIST_264,2022,2.815,3.79617914735233
DIST_264,2023,3.347,3.390636309663433
DIST_265,2009,4.184,
DIST_265,2010,3.776,
DIST_265,2011,3.897,
DIST_265,2012,2.63,
DIST_265,2013,4.025,
DIST_265,2014,3.978,
DIST_265,2015,4.121,
DIST_265,2016,3.956,
DIST_265,2017,3.986,
DIST_265,2018,4.44,
DIST_265,2019,4.338,4.2196802774501165
DIST_265,2020,4.466,5.085208878973716
DIST_265,2021,4.226,4.172270541147748
DIST_265,2022,3.773,4.185657560965489
DIST_265,2023,4.131,4.00761794865017
DIST_266,2009,4.154,
DIST_266,2010,4.232,
DIST_266,2011,4.187,
DIST_266,2012,3.48,
DIST_266,2013,4.593,
DIST_266,2014,4.511,
DIST_266,2015,4.473,
DIST_266,2016,4.362,
DIST_266,2017,4.506,
DIST_266,2018,5.126,
DIST_266,2019,4.798,4.531076813375877
DIST_266,2020,5.342,4.731709390185099
DIST_266,2021,4.821,4.124562415584357
DIST_266,2022,4.254,4.353866923306703
DIST_266,2023,4.782,5.216769339372608
DIST_267,2009,3.219,
DIST_267,2010,3.364,
DIST_267,2011,3.318,
DIST_267,2012,2.494,
DIST_267,2013,3.107,
DIST_267,2014,3.299,
DIST_267,2015,3.761,
DIST_267,2016,3.616,
DIST_267,2017,3.432,
DIST_267,2018,3.896,
DIST_267,2019,3.721,4.643019693202041
DIST_267,2020,4.236,3.96441079241705
DIST_267,2021,3.743,4.67243225640354
DIST_267,2022,3.224,3.6363255866639443
DIST_267,2023,3.216,3.9785369583754693
DIST_268,2009,3.175,
DIST_268,2010,3.169,
DIST_268,2011,3.018,
DIST_268,2012,2.044,
DIST_268,2013,3.415,
DIST_268,2014,3.501,
DIST_268,2015,3.594,
DIST_268,2016,3.135,
DIST_268,2017,3.816,
DIST_268,2018,3.875,
DIST_268,2019,3.591,3.5185295817682274
DIST_268,2020,3.998,4.00238693571873
DIST_268,2021,3.306,3.8409247378823372
DIST_268,2022,3.236,4.267759213383647
DIST_268,2023,3.539,4.25986869349918
DIST_269,2009,2.873,
DIST_269,2010,3.563,
DIST_269,2011,3.218,
DIST_269,2012,2.085,
DIST_269,2013,3.672,
DIST_269,2014,3.46,
DIST_269,2015,3.595,
DIST_269,2016,3.419,
DIST_269,2017,3.346,
DIST_269,2018,4.032,
DIST_269,2019,3.549,3.6786556744164796
DIST_269,2020,4.033,4.552926042660247
DIST_269,2021,3.432,4.179782301203808
DIST_269,2022,2.929,3.7205236720017263
DIST_269,2023,4.535,4.492048342303884
DIST_270,2009,4.63,
DIST_270,2010,4.678,
DIST_270,2011,4.612,
DIST_270,2012,3.215,
DIST_270,2013,4.716,
DIST_270,2014,4.411,
DIST_270,2015,5.026,
DIST_270,2016,4.397,
DIST_270,2017,4.525,
DIST_270,2018,5.173,
DIST_270,2019,4.49,4.510880990453115
DIST_270,2020,5.291,5.581297695557442
DIST_270,2021,5.089,4.680230926891247
DIST_270,2022,4.392,4.025897251162739
DIST_270,2023,4.996,4.947380863566037
DIST_271,2009,3.143,
DIST_271,2010,3.355,
DIST_271,2011,3.752,
DIST_271,2012,1.598,
DIST_271,2013,3.312,
DIST_271,2014,3.151,
DIST_271,2015,3.277,
DIST_271,2016,3.298,
DIST_271,2017,3.597,
DIST_271,2018,3.848,
DIST_271,2019,3.592,3.915215152232671
DIST_271,2020,4.112,4.284996379995563
DIST_271,2021,3.701,4.716460436196833
DIST_271,2022,3.123,3.4163660828739646
DIST_271,2023,3.975,4.555599409859424
DIST_272,2009,3.58,
DIST_272,2010,3.694,
DIST_272,2011,4.303,
DIST_272,2012,2.018,
DIST_272,2013,3.867,
DIST_272,2014,4.433,
DIST_272,2015,4.204,
DIST_272,2016,4.134,
DIST_272,2017,3.801,
DIST_272,2018,4.548,
DIST_272,2019,4.397,4.330571399615438
DIST_272,2020,4.691,4.464034180987957
DIST_272,2021,4.738,4.723026729455872
DIST_272,2022,3.581,3.294807195258933
DIST_272,2023,4.23,4.611158224976809
DIST_273,2009,5.008,
DIST_273,2010,4.854,
DIST_273,2011,5.099,
DIST_273,2012,3.817,
DIST_273,2013,5.013,
DIST_273,2014,5.09,
DIST_273,2015,4.722,
DIST_273,2016,5.096,
DIST_273,2017,5.36,
DIST_273,2018,5.922,
DIST_273,2019,5.426,4.451421381991976
DIST_273,2020,5.859,4.6104669265909095
DIST_273,2021,5.776,5.326305477679372
DIST_273,2022,4.482,4.07585587395409
DIST_273,2023,5.546,4.655916797373756
DIST_274,2009,2.986,
DIST_274,2010,2.61,
DIST_274,2011,2.808,
DIST_274,2012,2.049,
DIST_274,2013,2.995,
DIST_274,2014,3.135,
DIST_274,2015,3.249,
DIST_274,2016,3.203,
DIST_274,2017,3.104,
DIST_274,2018,3.826,
DIST_274,2019,3.348,3.9290551917725756
DIST_274,2020,3.967,3.840715506525589
DIST_274,2021,3.464,3.556307318054731
DIST_274,2022,2.637,3.941006351504296
DIST_274,2023,3.24,4.402506905802814
DIST_275,2009,3.291,
DIST_275,2010,3.846,
DIST_275,2011,3.021,
DIST_275,2012,1.944,
DIST_275,2013,3.193,
DIST_275,2014,3.425,
DIST_275,2015,3.446,
DIST_275,2016,3.851,
DIST_275,2017,3.785,
DIST_275,2018,3.836,
DIST_275,2019,3.691,4.064445925157515
DIST_275,2020,4.219,4.7399641365755505
DIST_275,2021,4.277,4.316415439345389
DIST_275,2022,2.9,3.604240562880566
DIST_275,2023,3.614,4.017852395666684
DIST_276,2009,5.227,
DIST_276,2010,5.466,
DIST_276,2011,5.414,
DIST_276,2012,3.718,
DIST_276,2013,5.202,
DIST_276,2014,5.337,
DIST_276,2015,5.192,
DIST_276,2016,5.251,
DIST_276,2017,5.235,
DIST_276,2018,5.799,
DIST_276,2019,5.43,5.027707412785882
DIST_276,2020,5.887,5.165963560720762
DIST_276,2021,5.499,5.256424773445795
DIST_276,2022,4.579,4.577473178339154
DIST_276,2023,5.116,4.811705638293784
DIST_277,2009,3.48,
DIST_277,2010,4.008,
DIST_277,2011,3.399,
DIST_277,2012,2.67,
DIST_277,2013,3.292,
DIST_277,2014,3.678,
DIST_277,2015,3.16,
DIST_277,2016,3.868,
DIST_277,2017,4.048,
DIST_277,2018,4.293,
DIST_277,2019,3.944,4.445657538816572
DIST_277,2020,4.289,4.925143549445238
DIST_277,2021,3.65,3.945347766103837
DIST_277,2022,3.398,3.7183031616616096
DIST_277,2023,4.346,5.045131963837104
DIST_278,2009,3.794,
DIST_278,2010,3.762,
DIST_278,2011,4.192,
DIST_278,2012,2.846,
DIST_278,2013,4.508,
DIST_278,2014,3.884,
DIST_278,2015,3.813,
DIST_278,2016,4.645,
DIST_278,2017,4.071,
DIST_278,2018,4.551,
DIST_278,2019,3.971,4.836049667606894
DIST_278,2020,4.511,5.204607969540659
DIST_278,2021,4.165,4.559813152841131
DIST_278,2022,3.44,4.5880146660788155
DIST_278,2023,4.668,5.0071783203238285
DIST_279,2009,3.283,
DIST_279,2010,3.046,
DIST_279,2011,3.045,
DIST_279,2012,1.1,
DIST_279,2013,3.025,
DIST_279,2014,3.17,
DIST_279,2015,3.415,
DIST_279,2016,2.909,
DIST_279,2017,3.116,
DIST_279,2018,3.681,
DIST_279,2019,3.162,3.8485501330844962
DIST_279,2020,3.831,4.174889449776851
DIST_279,2021,3.419,4.148052969303172
DIST_279,2022,2.829,3.3402895318261514
DIST_279,2023,3.61,3.5771616898946133
DIST_280,2009,3.369,
DIST_280,2010,2.995,
DIST_280,2011,3.119,
DIST_280,2012,1.523,
DIST_280,2013,3.591,
DIST_280,2014,3.404,
DIST_280,2015,3.48,
DIST_280,2016,3.412,
DIST_280,2017,3.508,
DIST_280,2018,3.921,
DIST_280,2019,3.515,3.907064240392496
DIST_280,2020,4.035,4.250481731419979
DIST_280,2021,3.892,4.225002906708442
DIST_280,2022,2.905,3.4653378741002667
DIST_280,2023,3.926,3.903863743623183
DIST_281,2009,3.991,
DIST_281,2010,4.352,
DIST_281,2011,4.084,
DIST_281,2012,2.065,
DIST_281,2013,4.093,
DIST_281,2014,4.391,
DIST_281,2015,4.41,
DIST_281,2016,4.542,
DIST_281,2017,4.572,
DIST_281,2018,5.069,
DIST_281,2019,4.601,4.436671998857932
DIST_281,2020,5.103,4.742766695704921
DIST_281,2021,4.693,4.197956976923864
DIST_281,2022,3.926,3.485371323894631
DIST_281,2023,5.184,5.025714631183723
DIST_282,2009,3.674,
DIST_282,2010,3.949,
DIST_282,2011,3.417,
DIST_282,2012,1.95,
DIST_282,2013,3.485,
DIST_282,2014,4.004,
DIST_282,2015,3.859,
DIST_282,2016,4.444,
DIST_282,2017,4.23,
DIST_282,2018,4.545,
DIST_282,2019,4.122,3.8557480898820953
DIST_282,2020,4.562,4.712586277727775
DIST_282,2021,4.563,3.8001059479001666
DIST_282,2022,3.368,3.401534121242988
DIST_282,2023,4.055,4.082023178801307
DIST_283,2009,3.849,
DIST_283,2010,3.318,
DIST_283,2011,3.371,
DIST_283,2012,2.738,
DIST_283,2013,3.734,
DIST_283,2014,3.681,
DIST_283,2015,4.257,
DIST_283,2016,4.232,
DIST_283,2017,4.417,
DIST_283,2018,4.444,
DIST_283,2019,4.135,4.779287766335531
DIST_283,2020,4.497,4.7483460582745645
DIST_283,2021,4.335,4.70303621754645
DIST_283,2022,3.597,3.459740208555988
DIST_283,2023,4.443,3.736962241798953
DIST_284,2009,3.784,
DIST_284,2010,3.43,
DIST_284,2011,4.036,
DIST_284,2012,2.583,
DIST_284,2013,4.366,
DIST_284,2014,4.054,
DIST_284,2015,4.172,
DIST_284,2016,4.224,
DIST_284,2017,3.915,
DIST_284,2018,4.595,
DIST_284,2019,4.334,4.464019544390996
DIST_284,2020,4.566,3.907271086779932
DIST_284,2021,4.118,4.446127592881828
DIST_284,2022,3.42,3.8726775668872033
DIST_284,2023,4.33,4.223540239785484
DIST_285,2009,5.081,
DIST_285,2010,4.961,
DIST_285,2011,4.196,
DIST_285,2012,3.803,
DIST_285,2013,5.055,
DIST_285,2014,4.79,
DIST_285,2015,4.885,
DIST_285,2016,4.753,
DIST_285,2017,5.166,
DIST_285,2018,5.619,
DIST_285,2019,5.441,4.672346955563641
DIST_285,2020,5.459,4.997107809226996
DIST_285,2021,5.091,4.979456440342012
DIST_285,2022,4.224,4.363945285631906
DIST_285,2023,5.075,4.9214623510163795
DIST_286,2009,3.938,
DIST_286,2010,3.616,
DIST_286,2011,3.565,
DIST_286,2012,2.316,
DIST_286,2013,3.691,
DIST_286,2014,3.857,
DIST_286,2015,3.713,
DIST_286,2016,4.16,
DIST_286,2017,4.074,
DIST_286,2018,4.62,
DIST_286,2019,4.015,4.363853572925273
DIST_286,2020,4.639,4.693012363039877
DIST_286,2021,4.539,4.8988899190844535
DIST_286,2022,3.532,4.089654860162634
DIST_286,2023,4.085,4.463405668619185
DIST_287,2009,3.427,
DIST_287,2010,3.283,
DIST_287,2011,3.309,
DIST_287,2012,2.423,
DIST_287,2013,3.318,
DIST_287,2014,3.922,
DIST_287,2015,3.644,
DIST_287,2016,3.595,
DIST_287,2017,3.818,
DIST_287,2018,4.209,
DIST_287,2019,4.039,4.5005280244830175
DIST_287,2020,4.521,4.6884990921244984
DIST_287,2021,4.041,3.9040652048028344
DIST_287,2022,3.392,3.6147840581457054
DIST_287,2023,3.958,4.87755025762883
DIST_288,2009,4.752,
DIST_288,2010,4.343,
DIST_288,2011,4.426,
DIST_288,2012,2.698,
DIST_288,2013,4.856,
DIST_288,2014,4.685,
DIST_288,2015,4.853,
DIST_288,2016,4.813,
DIST_288,2017,5.01,
DIST_288,2018,5.134,
DIST_288,2019,4.606,4.555821711752813
DIST_288,2020,5.301,4.652560568585199
DIST_288,2021,5.133,4.922212749798206
DIST_288,2022,4.127,4.256180317436114
DIST_288,2023,5.071,4.8465439662235825
DIST_289,2009,4.512,
DIST_289,2010,4.026,
DIST_289,2011,3.706,
DIST_289,2012,3.189,
DIST_289,2013,4.343,
DIST_289,2014,4.021,
DIST_289,2015,4.403,
DIST_289,2016,4.61,
DIST_289,2017,4.478,
DIST_289,2018,5.089,
DIST_289,2019,4.704,4.702944619252111
DIST_289,2020,4.99,4.893130603051298
DIST_289,2021,4.907,5.119431478958107
DIST_289,2022,4.066,4.477570843621107
DIST_289,2023,4.619,4.660309250324375
DIST_290,2009,4.082,
DIST_290,2010,4.014,
DIST_290,2011,3.975,
DIST_290,2012,1.859,
DIST_290,2013,3.996,
DIST_290,2014,4.047,
DIST_290,2015,4.429,
DIST_290,2016,4.332,
DIST_290,2017,4.244,
DIST_290,2018,4.76,
DIST_290,2019,4.45,4.141204704007654
DIST_290,2020,4.74,5.310857390528177
DIST_290,2021,4.773,4.905360166676327
DIST_290,2022,3.642,4.1080069216634545
DIST_290,2023,4.729,4.810719520840511
DIST_291,2009,4.8,
DIST_291,2010,4.454,
DIST_291,2011,4.882,
DIST_291,2012,3.116,
DIST_291,2013,4.884,
DIST_291,2014,4.792,
DIST_291,2015,5.137,
DIST_291,2016,5.428,
DIST_291,2017,4.675,
DIST_291,2018,5.582,
DIST_291,2019,4.666,4.853325804877842
DIST_291,2020,5.507,5.499837045180408
DIST_291,2021,5.062,5.09021769733822
DIST_291,2022,4.511,4.154940257208951
DIST_291,2023,5.145,5.175589824712534
DIST_292,2009,4.348,
DIST_292,2010,4.288,
DIST_292,2011,4.253,
DIST_292,2012,3.5,
DIST_292,2013,4.627,
DIST_292,2014,4.754,
DIST_292,2015,4.424,
DIST_292,2016,4.769,
DIST_292,2017,4.885,
DIST_292,2018,5.298,
DIST_292,2019,5.046,4.871539150995337
DIST_292,2020,5.311,4.380380197775575
DIST_292,2021,4.671,4.965055117694154
DIST_292,2022,3.966,3.977276358603945
DIST_292,2023,4.941,4.762938097515377
DIST_293,2009,4.185,
DIST_293,2010,4.217,
DIST_293,2011,4.161,
DIST_293,2012,2.323,
DIST_293,2013,4.39,
DIST_293,2014,4.507,
DIST_293,2015,4.562,
DIST_293,2016,4.637,
DIST_293,2017,4.472,
DIST_293,2018,5.171,
DIST_293,2019,5.171,4.2751209043700795
DIST_293,2020,5.423,4.7878591759771165
DIST_293,2021,4.986,5.241399464024911
DIST_293,2022,4.159,4.361301510625627
DIST_293,2023,5.43,4.716106411476813
DIST_294,2009,3.773,
DIST_294,2010,4.131,
DIST_294,2011,4.317,
DIST_294,2012,2.992,
DIST_294,2013,4.325,
DIST_294,2014,3.941,
DIST_294,2015,4.794,
DIST_294,2016,4.286,
DIST_294,2017,4.497,
DIST_294,2018,4.844,
DIST_294,2019,4.557,4.268720461420458
DIST_294,2020,5.157,4.8552214998397085
DIST_294,2021,4.434,5.042079473767618
DIST_294,2022,4.039,3.929071094503241
DIST_294,2023,4.434,4.355299590562744
DIST_295,2009,4.56,
DIST_295,2010,4.266,
DIST_295,2011,4.259,
DIST_295,2012,3.329,
DIST_295,2013,4.422,
DIST_295,2014,4.428,
DIST_295,2015,4.529,
DIST_295,2016,4.965,
DIST_295,2017,4.84,
DIST_295,2018,5.155,
DIST_295,2019,5.254,4.290114819452326
DIST_295,2020,5.246,4.308469393052411
DIST_295,2021,4.975,5.108369433010838
DIST_295,2022,4.368,4.803621800681382
DIST_295,2023,5.278,5.017260569395586
DIST_296,2009,3.822,
DIST_296,2010,4.214,
DIST_296,2011,4.195,
DIST_296,2012,2.556,
DIST_296,2013,4.043,
DIST_296,2014,4.064,
DIST_296,2015,4.35,
DIST_296,2016,4.51,
DIST_296,2017,4.501,
DIST_296,2018,4.845,
DIST_296,2019,4.537,4.32781578737901
DIST_296,2020,4.849,4.772356015347609
DIST_296,2021,4.38,5.0665071437997335
DIST_296,2022,3.976,4.219979533312555
DIST_296,2023,4.17,3.6195679399296696
DIST_297,2009,5.261,
DIST_297,2010,4.642,
DIST_297,2011,4.899,
DIST_297,2012,2.796,
DIST_297,2013,4.933,
DIST_297,2014,5.051,
DIST_297,2015,4.396,
DIST_297,2016,4.906,
DIST_297,2017,4.885,
DIST_297,2018,5.513,
DIST_297,2019,5.393,5.242887413486699
DIST_297,2020,5.6,5.022094327735825
DIST_297,2021,4.771,4.505187720678465
DIST_297,2022,4.673,4.623049493813673
DIST_297,2023,5.327,4.407759514536019
DIST_298,2009,3.996,
DIST_298,2010,3.824,
DIST_298,2011,3.861,
DIST_298,2012,2.291,
DIST_298,2013,3.98,
DIST_298,2014,3.653,
DIST_298,2015,4.329,
DIST_298,2016,4.258,
DIST_298,2017,4.51,
DIST_298,2018,4.839,
DIST_298,2019,4.455,4.764578663720749
DIST_298,2020,4.733,4.280484085578546
DIST_298,2021,4.144,4.150667225367243
DIST_298,2022,3.916,4.15124084538964
DIST_298,2023,4.459,4.899620788852553
DIST_299,2009,3.805,
DIST_299,2010,3.269,
DIST_299,2011,3.785,
DIST_299,2012,3.017,
DIST_299,2013,3.906,
DIST_299,2014,4.232,
DIST_299,2015,3.907,
DIST_299,2016,3.846,
DIST_299,2017,3.979,
DIST_299,2018,4.561,
DIST_299,2019,4.061,4.504177655564922
DIST_299,2020,4.504,4.52362197254146
DIST_299,2021,4.0,4.300700015973227
DIST_299,2022,3.717,3.9779817305518606
DIST_299,2023,4.286,4.3380194537417065
DIST_300,2009,4.779,
DIST_300,2010,4.421,
DIST_300,2011,4.713,
DIST_300,2012,3.343,
DIST_300,2013,5.109,
DIST_300,2014,5.027,
DIST_300,2015,4.763,
DIST_300,2016,4.674,
DIST_300,2017,4.786,
DIST_300,2018,5.292,
DIST_300,2019,4.913,4.953105784471253
DIST_300,2020,5.446,5.513049064879166
DIST_300,2021,5.292,4.93566226734207
DIST_300,2022,4.614,4.202776802082283
DIST_300,2023,4.994,5.016707373390947
DIST_301,2009,3.615,
DIST_301,2010,4.089,
DIST_301,2011,3.908,
DIST_301,2012,3.183,
DIST_301,2013,3.914,
DIST_301,2014,3.814,
DIST_301,2015,4.238,
DIST_301,2016,4.267,
DIST_301,2017,4.327,
DIST_301,2018,4.68,
DIST_301,2019,4.605,4.353363287258248
DIST_301,2020,4.764,4.754226874470421
DIST_301,2021,4.568,4.73409525221555
DIST_301,2022,3.92,4.3218629571329
DIST_301,2023,4.466,4.352848898597416
DIST_302,2009,3.8,
DIST_302,2010,4.148,
DIST_302,2011,3.777,
DIST_302,2012,3.026,
DIST_302,2013,4.036,
DIST_302,2014,4.187,
DIST_302,2015,4.207,
DIST_302,2016,4.737,
DIST_302,2017,4.287,
DIST_302,2018,4.697,
DIST_302,2019,4.788,5.051992548235711
DIST_302,2020,4.666,4.295796017642118
DIST_302,2021,4.509,4.886933308256385
DIST_302,2022,3.705,3.8373978828819544
DIST_302,2023,4.787,5.414507233186514
DIST_303,2009,3.11,
DIST_303,2010,3.486,
DIST_303,2011,3.073,
DIST_303,2012,1.824,
DIST_303,2013,3.35,
DIST_303,2014,3.658,
DIST_303,2015,3.468,
DIST_303,2016,3.906,
DIST_303,2017,3.798,
DIST_303,2018,4.189,
DIST_303,2019,3.033,3.9895647890735595
DIST_303,2020,4.029,4.632806630612285
DIST_303,2021,3.565,4.293642129198559
DIST_303,2022,3.012,2.972055370161735
DIST_303,2023,4.03,4.481540654297409
DIST_304,2009,5.003,
DIST_304,2010,5.201,
DIST_304,2011,5.229,
DIST_304,2012,3.823,
DIST_304,2013,4.706,
DIST_304,2014,5.04,
DIST_304,2015,5.683,
DIST_304,2016,4.818,
DIST_304,2017,5.18,
DIST_304,2018,5.782,
DIST_304,2019,5.084,4.892754513176435
DIST_304,2020,5.639,5.043110933936722
DIST_304,2021,5.365,4.932468814142406
DIST_304,2022,4.968,4.084068699076774
DIST_304,2023,5.673,5.121736492047313
DIST_305,2009,2.837,
DIST_305,2010,3.189,
DIST_305,2011,2.753,
DIST_305,2012,2.336,
DIST_305,2013,3.269,
DIST_305,2014,3.519,
DIST_305,2015,3.577,
DIST_305,2016,3.524,
DIST_305,2017,3.528,
DIST_305,2018,4.158,
DIST_305,2019,3.733,4.5418940973182265
DIST_305,2020,4.239,4.405203546525652
DIST_305,2021,3.863,5.018849432936076
DIST_305,2022,3.144,3.5494655207469346
DIST_305,2023,3.98,4.559898135472229
DIST_306,2009,4.656,
DIST_306,2010,5.367,
DIST_306,2011,4.978,
DIST_306,2012,3.355,
DIST_306,2013,5.229,
DIST_306,2014,4.447,
DIST_306,2015,5.353,
DIST_306,2016,4.633,
DIST_306,2017,5.319,
DIST_306,2018,5.362,
DIST_306,2019,5.357,4.693605405624791
DIST_306,2020,5.609,5.49608542230623
DIST_306,2021,5.127,4.89410685785715
DIST_306,2022,4.793,4.328026821125467
DIST_306,2023,5.396,5.094271059001184
DIST_307,2009,4.247,
DIST_307,2010,3.953,
DIST_307,2011,3.258,
DIST_307,2012,2.907,
DIST_307,2013,3.803,
DIST_307,2014,4.009,
DIST_307,2015,3.665,
DIST_307,2016,3.673,
DIST_307,2017,4.634,
DIST_307,2018,4.541,
DIST_307,2019,4.337,4.607031962637669
DIST_307,2020,4.81,4.774346451765705
DIST_307,2021,4.066,4.4600183236557465
DIST_307,2022,3.331,3.9872561783793214
DIST_307,2023,4.409,3.8936226645075953
DIST_308,2009,4.045,
DIST_308,2010,3.822,
DIST_308,2011,3.712,
DIST_308,2012,2.32,
DIST_308,2013,3.707,
DIST_308,2014,3.999,
DIST_308,2015,4.037,
DIST_308,2016,3.937,
DIST_308,2017,4.434,
DIST_308,2018,4.707,
DIST_308,2019,3.75,4.318631720494443
DIST_308,2020,4.725,5.066105956449778
DIST_308,2021,4.234,4.622504182307085
DIST_308,2022,3.806,3.7071406536830454
DIST_308,2023,4.349,4.859144954574102
DIST_309,2009,3.758,
DIST_309,2010,3.806,
DIST_309,2011,3.566,
DIST_309,2012,2.233,
DIST_309,2013,4.152,
DIST_309,2014,4.231,
DIST_309,2015,3.97,
DIST_309,2016,4.28,
DIST_309,2017,4.035,
DIST_309,2018,4.62,
DIST_309,2019,4.381,4.977152332546053
DIST_309,2020,4.649,4.146959624197459
DIST_309,2021,3.987,3.998558277479721
DIST_309,2022,3.646,3.6111480223960917
DIST_309,2023,4.38,4.924648594655322
DIST_310,2009,3.049,
DIST_310,2010,2.653,
DIST_310,2011,2.812,
DIST_310,2012,1.864,
DIST_310,2013,3.302,
DIST_310,2014,3.601,
DIST_310,2015,3.586,
DIST_310,2016,3.423,
DIST_310,2017,3.849,
DIST_310,2018,3.824,
DIST_310,2019,3.415,4.616176248775952
DIST_310,2020,3.987,4.703853247445421
DIST_310,2021,3.085,4.168379911201793
DIST_310,2022,2.741,3.064079335118789
DIST_310,2023,3.971,4.316997971273259
DIST_311,2009,4.062,
DIST_311,2010,3.98,
DIST_311,2011,3.949,
DIST_311,2012,2.187,
DIST_311,2013,4.363,
DIST_311,2014,4.495,
DIST_311,2015,4.327,
DIST_311,2016,3.957,
DIST_311,2017,4.342,
DIST_311,2018,4.507,
DIST_311,2019,4.386,4.311973880249428
DIST_311,2020,4.595,4.368112634103652
DIST_311,2021,4.368,4.707646334838926
DIST_311,2022,3.506,3.567131642950993
DIST_311,2023,4.574,4.29707683763916
DIST_312,2009,3.783,
DIST_312,2010,3.904,
DIST_312,2011,3.268,
DIST_312,2012,2.772,
DIST_312,2013,4.027,
DIST_312,2014,3.606,
DIST_312,2015,3.803,
DIST_312,2016,3.745,
DIST_312,2017,3.9,
DIST_312,2018,4.542,
DIST_312,2019,4.404,4.07649380621663
DIST_312,2020,4.475,5.023289083328782
DIST_312,2021,4.063,3.9510660952625645
DIST_312,2022,3.197,4.193770498845737
DIST_312,2023,3.979,4.758327206481221
DIST_313,2009,3.462,
DIST_313,2010,3.662,
DIST_313,2011,4.172,
DIST_313,2012,2.3,
DIST_313,2013,4.303,
DIST_313,2014,3.665,
DIST_313,2015,3.714,
DIST_313,2016,3.196,
DIST_313,2017,3.9,
DIST_313,2018,4.349,
DIST_313,2019,3.844,3.8878077633076193
DIST_313,2020,4.566,4.571765743804416
DIST_313,2021,4.305,4.446412453245314
DIST_313,2022,3.252,3.990243038476178
DIST_313,2023,4.874,4.983379841859273
DIST_314,2009,3.846,
DIST_314,2010,3.764,
DIST_314,2011,3.728,
DIST_314,2012,2.748,
DIST_314,2013,4.348,
DIST_314,2014,4.481,
DIST_314,2015,4.21,
DIST_314,2016,4.063,
DIST_314,2017,4.485,
DIST_314,2018,4.773,
DIST_314,2019,4.33,4.311409017233074
DIST_314,2020,4.716,4.525899031793185
DIST_314,2021,4.002,4.349776801146207
DIST_314,2022,3.727,4.309544069733461
DIST_314,2023,4.176,4.25356376135079
DIST_315,2009,3.98,
DIST_315,2010,4.07,
DIST_315,2011,4.119,
DIST_315,2012,2.799,
DIST_315,2013,4.445,
DIST_315,2014,4.461,
DIST_315,2015,4.468,
DIST_315,2016,4.055,
DIST_315,2017,4.464,
DIST_315,2018,4.859,
DIST_315,2019,4.35,4.257388327196568
DIST_315,2020,4.79,4.526595998802692
DIST_315,2021,4.821,4.831107011622301
DIST_315,2022,4.072,4.504789227676872
DIST_315,2023,4.283,5.010720584892838
DIST_316,2009,3.132,
DIST_316,2010,3.383,
DIST_316,2011,3.514,
DIST_316,2012,1.689,
DIST_316,2013,3.284,
DIST_316,2014,3.051,
DIST_316,2015,3.53,
DIST_316,2016,3.318,
DIST_316,2017,3.28,
DIST_316,2018,4.029,
DIST_316,2019,3.239,3.4608902446454652
DIST_316,2020,4.084,5.036576872046101
DIST_316,2021,3.414,3.825119959408914
DIST_316,2022,3.156,3.2851642760855277
DIST_316,2023,3.643,3.609352537004582
DIST_317,2009,4.286,
DIST_317,2010,4.405,
DIST_317,2011,4.506,
DIST_317,2012,2.518,
DIST_317,2013,4.727,
DIST_317,2014,4.453,
DIST_317,2015,5.119,
DIST_317,2016,4.543,
DIST_317,2017,4.745,
DIST_317,2018,4.919,
DIST_317,2019,4.437,3.6538250091525253
DIST_317,2020,5.269,5.220005254830884
DIST_317,2021,4.399,4.569545669343693
DIST_317,2022,3.911,4.398180453304082
DIST_317,2023,5.104,5.232101112531249
DIST_318,2009,4.159,
DIST_318,2010,4.552,
DIST_318,2011,4.456,
DIST_318,2012,2.997,
DIST_318,2013,4.84,
DIST_318,2014,4.4,
DIST_318,2015,5.09,
DIST_318,2016,4.469,
DIST_318,2017,4.926,
DIST_318,2018,5.243,
DIST_318,2019,5.03,4.695979341641827
DIST_318,2020,5.418,4.980821482662025
DIST_318,2021,4.701,4.5258693378555135
DIST_318,2022,4.204,3.7992021425625158
DIST_318,2023,5.14,4.785332086142588
DIST_319,2009,3.057,
DIST_319,2010,3.64,
DIST_319,2011,3.453,
DIST_319,2012,1.963,
DIST_319,2013,3.527,
DIST_319,2014,3.511,
DIST_319,2015,3.984,
DIST_319,2016,3.543,
DIST_319,2017,4.25,
DIST_319,2018,4.314,
DIST_319,2019,3.879,4.352556764796861
DIST_319,2020,4.377,4.342469283294971
DIST_319,2021,3.917,4.096820562555651
DIST_319,2022,3.487,3.4092355238973338
DIST_319,2023,3.834,3.7984859054085383
DIST_320,2009,4.016,
DIST_320,2010,4.175,
DIST_320,2011,3.98,
DIST_320,2012,3.226,
DIST_320,2013,4.562,
DIST_320,2014,4.244,
DIST_320,2015,4.432,
DIST_320,2016,4.604,
DIST_320,2017,4.44,
DIST_320,2018,4.715,
DIST_320,2019,4.609,4.422761579393669
DIST_320,2020,4.878,4.3230112279113975
DIST_320,2021,5.063,4.851842486430668
DIST_320,2022,3.86,4.13349412179314
DIST_320,2023,4.543,4.771425939718563
